tree
version=v4
num_class=1
num_tree_per_iteration=1
label_index=0
max_feature_idx=47
objective=binary sigmoid:1
feature_names=Column_0 Column_1 Column_2 Column_3 Column_4 Column_5 Column_6 Column_7 Column_8 Column_9 Column_10 Column_11 Column_12 Column_13 Column_14 Column_15 Column_16 Column_17 Column_18 Column_19 Column_20 Column_21 Column_22 Column_23 Column_24 Column_25 Column_26 Column_27 Column_28 Column_29 Column_30 Column_31 Column_32 Column_33 Column_34 Column_35 Column_36 Column_37 Column_38 Column_39 Column_40 Column_41 Column_42 Column_43 Column_44 Column_45 Column_46 Column_47
feature_infos=[-2.7781319618225098:2.6902146339416504] [-3.8215019702911377:2.5242505073547363] [-9.7806615829467773:9.9910163879394531] [-7.4844646453857422:10] [-9.2222051620483398:10] [-10:10] [-7.6058497428894043:10] [-9.3448238372802734:8.2223711013793945] [-8.1855106353759766:8.9966182708740234] [-8.7586879730224609:10] [-3.8174269199371338:4.1824803352355957] [-4.5506882667541504:9.5419082641601562] [-7.0488185882568359:10] [-4.8399643898010254:6.1739559173583984] [-4.7228207588195801:10] [-4.2597036361694336:10] [-3.5463769435882568:3.1268739700317383] [-7.0564279556274414:7.2468037605285645] [-4.2190914154052734:5.4886984825134277] [-3.9955477714538574:6.0591650009155273] [-4.2521567344665527:5.9071741104125977] [-3.293079137802124:5.2661619186401367] [-6.3929028511047363:6.2813687324523926] [-3.976830005645752:5.2378530502319336] [-3.1078355312347412:5.0355234146118164] [-3.9660937786102295:6.6216049194335938] [-4.1809391975402832:5.9623861312866211] [-6.404940128326416:7.7077903747558594] [-7.484466552734375:7.0436677932739258] [-3.5839602947235107:6.1524195671081543] [-8.7979536056518555:4.8646860122680664] [-8.8601160049438477:3.9411370754241943] [-4.2236928939819336:3.6455841064453125] [-3.8379907608032227:10] [-3.536046028137207:4.1491150856018066] [-4.0310497283935547:4.5674476623535156] [-8.083348274230957:7.3154244422912598] [-7.0320878028869629:10] [-10:10] [-4.215665340423584:4.0931911468505859] [-6.1664414405822754:6.1664414405822754] [-5.8757534027099609:5.8207197189331055] [-9.5118112564086914:9.6164360046386719] [-10:10] [-3.5369951725006104:3.1309413909912109] [-5.9150724411010742:6.2158818244934082] [-2.5751664638519287:3.1963703632354736] [-10:6.076052188873291]
tree_sizes=1035 1036 1036 1031 1039 1033 1037 1032 1030 1036 1040 1039 1039 1040 1036 1037 1035 1035 1036 1035 1027 1032 1026 1029 1037 1033 1036 1036 1039 1035 1026 1021 1028 1030 1033 1037 1037 1043 1035 1039 1034 1038 1033 1036 1036 1032 1043 1042 1040 1038 1036 1040 1038 1030 1027 1038 1038 1039 1037 1038 1047 1038 1037 1036 926 1031 1032 1026 1042 1041 923 1034 1030 1041 1037 1037 1035 1028 1032 1026 1040 1038 1039 1037 1038 1037 1040 1043 1040 1045 1035 1041 1052 1045 1031 1041 1036 1035 1035 1035 1029 1041 1034 1041 1034 1013 1035 1042 1038 1033 1040 1038 1041 1036 1043 1031 1024 1035 1042 1032 1046 1040 1044 1042 1034 926 1049 1043 1040 1042 1040 1044 1040 1040 1033 1044 1043 1036 1040 1038 1045 1033 1031 1029 1034 1033 929 1037 1041 1036 1035 1043 924 1042 1031 1037 1033 1046 1042 1041 1047 1033 1032 1032 1041 930 1036 1038 1035 1039 1039 1034 1033 1043 1033 1032 1042 1032 1033 1034 1038 1039 1040 1040 1033 816 1037 934 1021 924 1027 1035 1044 1035 1032 1039 1037 1037 1042 1039 1041 928 1034 1034 1033 1041 1045 1040 1041 1038 1031 1035 1035 1031 1042 1026 1037 1014 1041 1035 1039 1034 1033 1033 1038 1039 1042 1036 1042 1037 1032 1037 901 1030 1040 1042 1041 1036 1028 1037 1020 1016 924 1050 1031 1043 1033 1045 1038 923 1039 1037 1037 1021 922 1028 1036 927 928 1024 925 1022 1013 1035 1023 1039 1043 1042 1039 1032 1043 1040 1040 1032 1032 1029 1034 1035 1038 1046 815 920 1007 706 921 1015 1035 1046 1031 927 1029 1040 921 1032 1043 1032 1033 1039 1014 1043 1031 1035 1042 1036 1038 932 1038 912 1035 920 1040 926 1052 1036 1041 1037 810 923 1041 1043 923 932 1037 1047 1047 820 926 915 921 814 1040 1009 814 1032 818 1040 808 1036 1032 823 1035 931 1036 1034 1040 1041 929 923 907 926 1033 811 920 810 921 929 929 921 1034 1039 1035 1041 812 1033 923 1031 1035 1034 1043 1038 921 907 1035 1037 1035 802 1039 806 1041 929 919 1051 1035 1037 1033 1028 1031 927 1034 920 929 1034 1025 1030 1022 1038 1037 1035 1034 1027 926 1048 927 1038 1044 1040 1033 1040 1036 1038 1041 807 1034 1038 1044 1028 1008 1031 1039 1024 1038 1040 1031 1036 922 1032 1033 1038 1034 1029 1036 1032 1043 1031 921 920 1042 1036 923 1036 933 1041 929 1042 1033 1048 920 1038 1036 1042 815 1037 923 1041 1038 1029 1036 934 1032 1030 1040 922 924 1037 1042 1031 1027 820 924 1035 1039 1015 1037 811 1040 919 1031 920 1035 1038 689 929 932 920 1033 919 921

Tree=0
num_leaves=8
num_cat=0
split_feature=46 8 46 29 7 46 35
split_gain=367.248 204.452 85.5943 83.2613 63.0777 46.3579 36.4812
threshold=1.2812070846557619 -0.029031472280621525 1.6089237928390505 1.1723853349685671 0.012535563670098783 -0.12487967684864996 0.21144589781761172
decision_type=2 2 2 2 2 2 2
left_child=1 5 4 -3 -2 -1 -4
right_child=2 3 6 -5 -6 -7 -8
leaf_value=-0.0006151829722857553 -0.0025169356027101492 -0.002247179682691496 -0.0045677085350350425 -0.0039982937711923417 -0.0049984556491522152 -0.0016106140454125611 -0.0074566275710873766
leaf_weight=10031.137199148536 2198.5306173488498 16155.461664944887 761.47843764722347 3265.7563001960516 1933.8886080831289 8852.4937542527914 1089.6379406452179
leaf_count=32888 6885 50333 2303 9972 5709 28630 3196
internal_value=-0.00218238 -0.00182224 -0.00448591 -0.00254223 -0.00368104 -0.00108125 -0.00627554
internal_weight=44288.4 38304.8 5983.54 19421.2 4132.42 18883.6 1851.12
internal_count=139916 121823 18093 60305 12594 61518 5499
is_linear=0
shrinkage=1


Tree=1
num_leaves=8
num_cat=0
split_feature=46 6 6 21 46 9 33
split_gain=359.959 175.973 121.799 107.244 52.5076 47.4446 22.3606
threshold=1.2812070846557619 0.049410911276936538 -0.26288463175296778 -0.17539674788713452 1.7420032024383547 0.34184025228023535 1.3732679486274721
decision_type=2 2 2 2 2 2 2
left_child=1 5 6 -3 -4 -1 -2
right_child=2 3 4 -5 -6 -7 -8
leaf_value=0.0013794165961918074 0.00027374351764855224 0.00064381094697029458 -0.0028002219725836459 -0.00094252952018919814 -0.0061295240425262342 0.00035421840011830394 -0.0021183224572695349
leaf_weight=13666.428581215441 1609.0021153464913 7015.5762264356017 3299.7591158673167 10837.05388237536 561.52701970934868 6785.7978741377592 513.220134742558
leaf_count=44966 5079 21955 9801 33191 1616 21711 1597
internal_value=4.98949e-05 0.000406446 -0.00223067 -0.000318582 -0.00328844 0.00103979 -0.000300749
internal_weight=44288.4 38304.9 5983.51 17852.6 3861.29 20452.2 2122.22
internal_count=139916 121823 18093 55146 11417 66677 6676
is_linear=0
shrinkage=0.01


Tree=2
num_leaves=8
num_cat=0
split_feature=6 29 23 8 23 29 29
split_gain=283.175 193.611 84.0474 80.2601 60.5351 44.2817 41.0614
threshold=0.049410911276936538 0.99893718957901012 0.67377811670303356 -0.029031472280621525 0.66027304530143749 1.1723853349685671 1.4614400267601015
decision_type=2 2 2 2 2 2 2
left_child=3 2 -2 6 -3 -5 -1
right_child=1 4 -4 5 -6 -7 -8
leaf_value=0.0014166364524664571 0.00046282010925012161 -0.0012765018978748881 -0.0010776597007905783 0.00042152837201027638 -0.003231790546264724 -0.0013372088729646265 -0.0008048955008188621
leaf_weight=13364.703387893736 8790.9323473721743 3235.9393547996879 5926.1807784885168 7152.8254413828254 3148.9397470206022 1788.0705159530044 880.72584357112646
leaf_count=43988 27427 9910 18069 22827 9265 5602 2828
internal_value=4.93916e-05 -0.000788528 -0.000156841 0.000812419 -0.00224275 6.85738e-05 0.00127854
internal_weight=44288.3 21102 14717.1 23186.3 6384.88 8940.9 14245.4
internal_count=139916 64671 45496 75245 19175 28429 46816
is_linear=0
shrinkage=0.01


Tree=3
num_leaves=8
num_cat=0
split_feature=24 6 33 6 9 16 16
split_gain=310.924 156.242 118.974 61.5897 58.6164 36.9173 21.2062
threshold=1.3818865418434145 0.049410911276936538 0.36568637192249304 0.09726771712303163 0.34184025228023535 1.4646210670471194 1.6113028526306155
decision_type=2 2 2 2 2 2 2
left_child=1 4 -3 6 -1 -5 -2
right_child=3 2 -4 5 -6 -7 -8
leaf_value=0.0012848222149600555 -0.00033408726017358027 0.00029276290964093643 -0.0013917086974043818 -0.002472921728502608 0.000177898542788188 -0.004911896604251207 -0.0039938834946800193
leaf_weight=14410.800516732037 1472.4087018966675 10988.186005547643 6772.5595642849803 2415.2792938798666 7195.0619711875916 856.14655101299286 177.81184931099415
leaf_count=47330 4604 34181 20610 7217 22983 2445 546
internal_value=4.88897e-05 0.00034539 -0.000349042 -0.00232027 0.000916689 -0.00311557 -0.000736668
internal_weight=44288.3 39366.6 17760.7 4921.65 21605.9 3271.43 1650.22
internal_count=139916 125104 54791 14812 70313 9662 5150
is_linear=0
shrinkage=0.01


Tree=4
num_leaves=8
num_cat=0
split_feature=0 8 21 16 21 42 36
split_gain=482.185 178.189 85.4469 72.6397 47.247 45.0336 33.2505
threshold=1.1251554489135744 -0.029031472280621525 -0.64348688721656788 1.3994123339653017 0.29425640404224401 0.71778869628906261 0.37858463823795324
decision_type=2 2 2 2 2 2 2
left_child=1 4 -3 5 -1 -2 -5
right_child=3 2 -4 6 -6 -7 -8
leaf_value=0.0016081780239981314 -0.00082063609290548357 0.0008024764472090777 -0.00066127761499129762 -0.0023899218718433919 0.00054916029254667886 -0.0026831627696402159 -0.0047527907894990328
leaf_weight=11792.886493690312 3392.4416517168283 5983.4713332056999 11939.208435915411 1179.8740297183394 6609.1981770843267 2126.6696392148733 1264.4142438918352
leaf_count=38738 10537 18985 36929 3533 21282 6253 3659
internal_value=4.83916e-05 0.000537176 -0.000172029 -0.00217971 0.00122842 -0.00154049 -0.00361775
internal_weight=44288.2 36324.8 17922.7 7963.4 18402.1 5519.11 2444.29
internal_count=139916 115934 55914 23982 60020 16790 7192
is_linear=0
shrinkage=0.01


Tree=5
num_leaves=8
num_cat=0
split_feature=46 8 23 46 20 8 8
split_gain=326.832 158.892 76.9734 73.0592 56.5109 26.7639 25.7147
threshold=1.3223903775215151 0.29458150267601019 0.78352740406990062 1.6089237928390505 1.2415230870246889 -0.13244920969009397 -0.3154140412807464
decision_type=2 2 2 2 2 2 2
left_child=1 4 -3 5 -1 -2 -5
right_child=3 2 -4 6 -6 -7 -8
leaf_value=0.0011162725849540801 -0.00046637086044732246 9.5078405905482118e-05 -0.0013765349083736792 -0.0023382845729476081 -0.00041584120859696416 -0.0021921900626118225 -0.0047871140433972731
leaf_weight=19618.777672261 1692.3744732216001 11354.970349118114 5165.5564667657018 728.23135946691036 2733.3229442536831 1959.5494532957673 1134.4345403015614
leaf_count=63845 5311 35492 15617 2240 8595 5816 3313
internal_value=5.52736e-05 0.000378708 -0.000364509 -0.00222247 0.000928461 -0.0013955 -0.00383685
internal_weight=44387.2 38872.6 16520.5 5514.59 22352.1 3651.92 1862.67
internal_count=140229 123549 51109 16680 72440 11127 5553
is_linear=0
shrinkage=0.01


Tree=6
num_leaves=8
num_cat=0
split_feature=46 8 6 21 21 46 15
split_gain=320.35 155.811 96.0506 84.6855 48.6015 47.1173 23.5215
threshold=1.3223903775215151 0.062128024175763137 -0.32152281701564783 -0.23182976245880124 0.30773782730102545 1.5915461778640749 0.23217268288135531
decision_type=2 2 2 2 2 2 2
left_child=1 4 6 -3 -1 -4 -2
right_child=2 3 5 -5 -6 -7 -8
leaf_value=0.0013609616717855102 -0.000749287960399187 0.00047523433601559452 -0.0021982436352896719 -0.00087430696462852098 0.00033445488766931374 -0.0045266694172688996 0.0027414729101924622
leaf_weight=12762.784845337272 1625.1000726670027 8324.4022938758135 2200.0802637934685 10515.716167114675 7269.6781981289387 1471.9810623824596 217.33758039772511
leaf_count=41833 5090 26295 6568 32110 23311 4325 697
internal_value=5.47074e-05 0.000374918 -0.00220036 -0.000277495 0.000988982 -0.00313532 -0.000330822
internal_weight=44387.1 38872.6 5514.5 18840.1 20032.5 3672.06 1842.44
internal_count=140229 123549 16680 58405 65144 10893 5787
is_linear=0
shrinkage=0.01


Tree=7
num_leaves=8
num_cat=0
split_feature=46 8 23 46 24 7 8
split_gain=313.988 152.977 74.9397 70.549 56.9252 49.222 25.0011
threshold=1.3223903775215151 0.29458150267601019 0.78352740406990062 1.6089237928390505 0.57070410251617443 1.0000000180025095e-35 -0.3154140412807464
decision_type=2 2 2 2 2 2 2
left_child=1 4 -3 5 -1 -2 -5
right_child=3 2 -4 6 -6 -7 -8
leaf_value=0.0012464086717722703 -0.00024063908420134174 9.5391418711410266e-05 -0.001356647809821357 -0.002287077122066038 0.00015035299978971345 -0.0025703953991880447 -0.0047020211634017919
leaf_weight=15494.267607800663 1893.2214953228831 11354.964033260942 5165.5212654098868 728.20007213950157 6857.7657503858209 1758.6378649845719 1134.3251586854458
leaf_count=50601 5935 35492 15617 2240 21839 5192 3313
internal_value=5.41574e-05 0.000371173 -0.000358072 -0.00217842 0.0009106 -0.00136572 -0.00376494
internal_weight=44386.9 38872.5 16520.5 5514.38 22352 3651.86 1862.53
internal_count=140229 123549 51109 16680 72440 11127 5553
is_linear=0
shrinkage=0.01


Tree=8
num_leaves=8
num_cat=0
split_feature=0 8 0 23 31 3 19
split_gain=445.094 128.828 67.9793 57.2609 47.0106 43.4739 26.3783
threshold=1.1251554489135744 0.27834427356719976 1.4937282800674441 0.78352740406990062 0.32199168205261236 0.3611403107643128 1.9772435426712038
decision_type=2 2 2 2 2 2 2
left_child=1 5 4 -3 -2 -1 -4
right_child=2 3 6 -5 -6 -7 -8
leaf_value=0.0012050685671449975 -0.00053335879704545866 0.00022468158636117103 -0.0030210884880852236 -0.0011137822702773515 -0.0024387327208960281 -0.00011465899406649858 -0.0064050353750284821
leaf_weight=18382.163788236678 2857.9887077957392 10516.646733701229 2516.5133317559958 4586.5398232936859 2393.7119010314345 2872.3004570156336 260.83582638204098
leaf_count=59633 8767 33020 7552 13964 7143 9409 741
internal_value=5.36071e-05 0.000524418 -0.0020769 -0.000181168 -0.00140403 0.00102625 -0.00334468
internal_weight=44386.7 36357.7 8029.05 15103.2 5251.7 21254.5 2777.35
internal_count=140229 116026 24203 46984 15910 69042 8293
is_linear=0
shrinkage=0.01


Tree=9
num_leaves=8
num_cat=0
split_feature=46 33 46 46 17 24 35
split_gain=304.079 100.598 86.0965 68.4069 51.1352 28.191 24.6301
threshold=1.3223903775215151 0.24164739996194842 -0.76221302151679982 1.6089237928390505 0.94863668084144603 1.356793284416199 0.22514670342206958
decision_type=2 2 2 2 2 2 2
left_child=1 2 -1 5 -3 -2 -5
right_child=3 4 -4 6 -6 -7 -8
leaf_value=0.0016036184949174248 -0.00070712971499739519 4.466842763422761e-05 0.00033360552972589818 -0.0023130074594981879 -0.0013385759605396305 -0.0025709309601752938 -0.0046861643499224968
leaf_weight=8180.1880548447371 2410.873207628727 11802.254497021437 15440.751890346408 774.46033842861652 3449.1519738808274 1240.9112643003464 1087.9080087542534
leaf_count=26271 7456 37523 49263 2363 10492 3671 3190
internal_value=5.30572e-05 0.000365029 0.000773897 -0.00214406 -0.000267568 -0.00134374 -0.00370643
internal_weight=44386.5 38872.3 23620.9 5514.15 15251.4 3651.78 1862.37
internal_count=140229 123549 75534 16680 48015 11127 5553
is_linear=0
shrinkage=0.01


Tree=10
num_leaves=8
num_cat=0
split_feature=46 21 42 42 17 47 46
split_gain=257.287 106.873 81.5461 77.7001 43.5553 39.7171 32.4353
threshold=1.2673068642616274 -0.47952754795551294 -0.28970234096050257 0.12049128487706186 -0.62498563528060902 0.29304088652133947 1.5915461778640749
decision_type=2 2 2 2 2 2 2
left_child=1 4 -3 6 -1 -5 -2
right_child=3 2 -4 5 -6 -7 -8
leaf_value=0.0003045784246491262 -0.00010614147278817014 0.00058690849072748656 -0.00061962549271146956 -0.0021480890458800252 0.0014040697420235027 -0.0045230457830491835 -0.002323277803833968
leaf_weight=6134.6122192144394 2167.0861824601889 9423.7188233435154 13798.212041795254 1928.0158692225814 8825.092543900013 1138.9823993295431 954.37640428543091
leaf_count=19888 6780 30555 42580 5641 28413 3360 2954
internal_value=-1.16583e-05 0.000294698 -0.000129566 -0.00190317 0.000953914 -0.00303452 -0.000787753
internal_weight=44370.1 38181.6 23221.9 6188.46 14959.7 3067 3121.46
internal_count=140171 121436 73135 18735 48301 9001 9734
is_linear=0
shrinkage=0.01


Tree=11
num_leaves=8
num_cat=0
split_feature=0 8 25 33 42 47 5
split_gain=398.232 135.447 70.5133 64.0294 55.7569 23.7773 22.7835
threshold=1.1862829923629763 0.27834427356719976 1.1038342118263247 -1.1149359345436094 0.41019180417060858 0.056334869936108596 -0.18192312121391294
decision_type=2 2 2 2 2 2 2
left_child=1 2 -1 -3 6 -6 -2
right_child=4 3 -4 -5 5 -7 -8
leaf_value=0.0011557590209745558 -0.0005526506904304072 0.0009672123074997434 -0.00041329757937115757 -0.00063340459640968169 -0.0023439653621068648 -0.0040262537891492291 -0.0021644505863796649
leaf_weight=18355.600847899914 1925.5899378806353 3124.1016703248024 3382.7202456220984 12418.555254980922 1987.6639131829143 1530.6806042939425 1644.9722050726414
leaf_count=59809 5907 9834 10756 38439 5802 4485 5139
internal_value=-1.15457e-05 0.000401356 0.000911129 -0.000310993 -0.00218418 -0.00307963 -0.00129841
internal_weight=44369.9 37281 21738.3 15542.7 7088.91 3518.34 3570.56
internal_count=140171 118838 70565 48273 21333 10287 11046
is_linear=0
shrinkage=0.01


Tree=12
num_leaves=8
num_cat=0
split_feature=20 21 24 9 23 21 23
split_gain=230.986 89.5134 83.9629 71.7971 33.7008 33.4953 30.0046
threshold=1.2415230870246889 -0.47952754795551294 1.4604497551918032 0.22937165945768359 1.0490123033523562 0.70119935274124157 0.83708754181861889
decision_type=2 2 2 2 2 2 2
left_child=1 6 5 -3 -4 -2 -1
right_child=2 3 4 -5 -6 -7 -8
leaf_value=0.0010406427507562016 4.5357783036730711e-05 0.00036459672552430309 -0.0014729052565121028 -0.00079450739761606081 -0.0042309282736993558 -0.0016206476808088249 -0.00051927855667858319
leaf_weight=13665.972434990108 1982.0255433619022 13349.998709701002 665.70458708703518 8905.451391890645 1415.4577011317015 3039.2252788469195 1345.8028727248311
leaf_count=44157 6229 42723 2003 27520 4084 9166 4289
internal_value=-1.14389e-05 0.00030333 -0.00166429 -9.87809e-05 -0.00335465 -0.00096116 0.000900105
internal_weight=44369.6 37267.2 7102.41 22255.5 2081.16 5021.25 15011.8
internal_count=140171 118689 21482 70243 6087 15395 48446
is_linear=0
shrinkage=0.01


Tree=13
num_leaves=8
num_cat=0
split_feature=0 46 23 46 0 46 35
split_gain=387.824 134.549 70.8233 49.2911 38.287 31.3058 15.6792
threshold=1.1862829923629763 -0.47636783123016352 0.66027304530143749 1.6089237928390505 0.53473478555679332 0.20293962210416797 0.21144589781761172
decision_type=2 2 2 2 2 2 2
left_child=1 4 -3 5 -1 -2 -5
right_child=3 2 -4 6 -6 -7 -8
leaf_value=0.0013659844714239448 -0.0028666717513720374 0.00032429579414140319 -0.00084784497503615234 -0.0023739281906161292 -1.3876154608905111e-05 -0.0012497305691102467 -0.0046742672640302111
leaf_weight=12303.389058284461 1741.2755579203367 14638.346444055438 7952.5046379193664 485.67900665104389 2386.5450897663832 3979.9380401447415 881.76772239804268
leaf_count=39677 5384 46942 24701 1446 7518 11960 2543
internal_value=-1.13285e-05 0.000396135 -8.79016e-05 -0.00215543 0.00114114 -0.00174402 -0.00386689
internal_weight=44369.4 37280.8 22590.9 7088.66 14689.9 5721.21 1367.45
internal_count=140171 118838 71643 21333 47195 17344 3989
is_linear=0
shrinkage=0.01


Tree=14
num_leaves=8
num_cat=0
split_feature=24 8 29 6 29 16 26
split_gain=224.188 141.592 70.8928 62.5871 54.7871 29.3911 20.3369
threshold=1.4070310592651369 0.27834427356719976 1.1089892983436587 1.0000000180025095e-35 1.7392373681068423 1.5301997065544131 1.2919948697090151
decision_type=2 2 2 2 2 2 2
left_child=1 4 -3 6 -1 -5 -2
right_child=3 2 -4 5 -6 -7 -8
leaf_value=0.00079517121107979525 -0.00096493620435553987 -0.00011339407640230223 -0.0016618091108005881 -0.0023658628074172718 -0.0040167910726478379 -0.0047084615914451166 0.0019989336794765645
leaf_weight=22545.857094205916 1081.0295841991901 13234.679784685373 3812.9177844449878 2461.6471011787653 237.48754571378231 703.22454200685024 292.33224375545979
leaf_count=73053 3393 41109 11619 7344 749 2004 900
internal_value=-1.12245e-05 0.000228505 -0.000460381 -0.00211706 0.0007444 -0.00289086 -0.000325779
internal_weight=44369.2 39830.9 17047.6 4538.23 22783.3 3164.87 1373.36
internal_count=140171 126530 52728 13641 73802 9348 4293
is_linear=0
shrinkage=0.01


Tree=15
num_leaves=8
num_cat=0
split_feature=46 8 46 20 11 20 11
split_gain=281.808 162.592 83.0587 71.6449 64.4459 46.1269 19.4587
threshold=1.2673068642616274 -0.029031472280621525 1.6089237928390505 1.3391999006271365 0.027160410769283775 1.2415230870246889 -1.0593971014022825
decision_type=2 2 2 2 2 2 2
left_child=1 5 4 -3 -2 -1 -4
right_child=2 3 6 -5 -6 -7 -8
leaf_value=0.0011759836585751677 -8.758660896389764e-06 -9.4705766308300705e-05 -0.001480303179462265 -0.0020194971593927935 -0.0024581171158840585 -0.00036284796219925004 -0.0042402067764510205
leaf_weight=16510.592932805419 2193.4309242367744 17230.531694121659 323.43586030602455 2179.4547989442945 2119.8496106415987 2197.2038180530071 1512.9389996677637
leaf_count=53961 6877 53734 1016 6511 6289 6967 4439
internal_value=8.63385e-06 0.000329349 -0.00197738 -0.000311439 -0.00121515 0.000994706 -0.00376063
internal_weight=44267.4 38117.8 6149.66 19410 4313.28 18707.8 1836.37
internal_count=139794 121173 18621 60245 13166 60928 5455
is_linear=0
shrinkage=0.01


Tree=16
num_leaves=8
num_cat=0
split_feature=20 8 29 21 30 8 16
split_gain=270.795 170.377 91.7891 65.2776 46.2172 36.0104 21.9373
threshold=1.2415230870246889 0.24702963978052142 1.1089892983436587 1.6664677262306216 0.65804550051689159 -0.11816779151558875 1.0955746173858645
decision_type=2 2 2 2 2 2 2
left_child=1 4 -3 5 -1 -2 -5
right_child=3 2 -4 6 -6 -7 -8
leaf_value=0.001220543403673019 -0.0004843738172143664 -2.085048307104152e-05 -0.0018406176206909575 -0.0028590875976675103 0.00015799057234839602 -0.0020501531930246829 -0.0058578554744947425
leaf_weight=15551.574797667563 2602.6919898092747 12466.885926276445 3567.4925774633884 634.04422210156918 5587.110425055027 3432.6337881162763 424.65072675049305
leaf_count=50787 8173 38833 10896 1866 17860 10194 1185
internal_value=8.52954e-06 0.00035044 -0.000426444 -0.00178149 0.000940197 -0.00137677 -0.00407575
internal_weight=44267.1 37173.1 16034.4 7094.02 21138.7 6035.33 1058.69
internal_count=139794 118376 49729 21418 68647 18367 3051
is_linear=0
shrinkage=0.01


Tree=17
num_leaves=8
num_cat=0
split_feature=20 33 6 19 33 17 16
split_gain=265.425 109.466 116.336 64.7924 44.0659 41.5031 22.2395
threshold=1.2415230870246889 0.169050507247448 0.061881264671683318 1.9772435426712038 0.60785052180290233 -0.24734618514776227 0.98760744929313671
decision_type=2 2 2 2 2 2 2
left_child=1 5 -3 4 -2 -1 -5
right_child=3 2 -4 6 -6 -7 -8
leaf_value=0.00040243029703082269 -0.00074345921478772246 0.00042613508518675355 -0.0013021507141257108 -0.0031253365022440604 -0.002394378607263731 0.0012947693973998692 -0.0073711957185027231
leaf_weight=11113.05406409502 3599.9460125789046 9640.6439095661044 6528.3008713275194 275.27224551141262 2972.1464921981096 9890.9166918471456 246.48538047075272
leaf_count=35978 11060 30998 19953 836 8834 31447 688
internal_value=8.43029e-06 0.000346934 -0.000271089 -0.00176377 -0.00149184 0.000823157 -0.00516053
internal_weight=44266.8 37172.9 16168.9 7093.85 6572.09 21004 521.758
internal_count=139794 118376 50951 21418 19894 67425 1524
is_linear=0
shrinkage=0.01


Tree=18
num_leaves=8
num_cat=0
split_feature=20 29 6 21 6 17 16
split_gain=260.165 109.235 68.4036 63.5736 52.0405 31.3197 21.2484
threshold=1.2415230870246889 1.1723853349685671 0.10989993438124658 1.6664677262306216 0.061881264671683318 1.4882149100303652 1.0955746173858645
decision_type=2 2 2 2 2 2 2
left_child=1 4 -3 5 -1 -2 -5
right_child=3 2 -4 6 -6 -7 -8
leaf_value=0.00094838755009417363 -0.00082038911375018498 -8.5261997950533444e-06 -0.0020627753005844139 -0.0028127207436234002 0.00010481662067918309 -0.0023430074123338093 -0.0057651350987225538
leaf_weight=17843.547325238585 3956.2490228116512 4265.7166705578566 2623.2280370518565 634.01080228388309 12440.31370357424 2078.876001149416 424.53167654573917
leaf_count=58171 12241 13663 7951 1866 38591 6126 1185
internal_value=8.3363e-06 0.000343469 -0.000792397 -0.00174624 0.000602202 -0.00134683 -0.00401056
internal_weight=44266.5 37172.8 6888.94 7093.67 30283.9 6035.13 1058.54
internal_count=139794 118376 21614 21418 96762 18367 3051
is_linear=0
shrinkage=0.01


Tree=19
num_leaves=8
num_cat=0
split_feature=20 24 42 3 31 42 2
split_gain=255.008 106.152 100.885 60.3371 51.8341 50.8086 28.5248
threshold=1.2415230870246889 1.4604497551918032 0.10539993271231653 0.3611403107643128 -1.6317385435104368 -0.46655093133449549 2.0720503330230717
decision_type=2 2 2 2 2 2 2
left_child=2 6 3 -1 -4 -3 -2
right_child=1 5 4 -5 -6 -7 -8
leaf_value=0.001018720326534208 -0.00065720309266572381 -0.0010667267604550104 -0.0027766557157698525 -0.00058425025225707485 -0.00011557138685403123 -0.004579111754785919 -0.0030280378494770849
leaf_weight=17872.957086056471 4419.992579087615 576.88074059784412 767.19452136009932 2694.3426270335913 15838.18471942842 1519.8714103251696 576.72212786227465
leaf_count=58027 13602 1759 2309 8825 49215 4360 1697
internal_value=8.23873e-06 -0.00172889 0.000340032 0.000808225 -0.00023928 -0.00361848 -0.000933398
internal_weight=44266.1 7093.47 37172.7 20567.3 16605.4 2096.75 4996.71
internal_count=139794 21418 118376 66852 51524 6119 15299
is_linear=0
shrinkage=0.01


Tree=20
num_leaves=8
num_cat=0
split_feature=0 6 14 3 0 7 19
split_gain=433.723 102.248 80.3538 59.4687 55.6168 38.9649 18.4398
threshold=1.1251554489135744 0.049410911276936538 -0.12742669880390164 0.3611403107643128 1.4937282800674441 -0.134928323328495 1.8591064810752871
decision_type=2 2 2 2 2 2 2
left_child=1 3 -3 -1 5 -2 -6
right_child=4 2 -4 -5 6 -7 -8
leaf_value=0.0012052865651358035 -0.00044910737453489959 -0.00052149964965039926 0.0010499746320042182 -0.0003751470027256012 -0.0028920126729209813 -0.0022020603314852191 -0.0053714663661543647
leaf_weight=17382.372894093394 2231.1056918278337 11579.989683039486 4522.9724820479751 2747.6061370149255 2377.5967954620719 2989.8933222442865 358.24699741601944
leaf_count=56634 6941 35852 14080 9033 7130 8889 1021
internal_value=4.94264e-05 0.000513921 -7.94479e-05 0.000989063 -0.00206428 -0.00145511 -0.00322218
internal_weight=44189.8 36232.9 16103 20130 7956.84 5221 2735.84
internal_count=139580 115599 49932 65667 23981 15830 8151
is_linear=0
shrinkage=0.01


Tree=21
num_leaves=8
num_cat=0
split_feature=21 16 7 21 9 47 16
split_gain=260.188 126.676 90.2852 45.2027 52.8127 22.669 18.8081
threshold=0.28001204133033758 1.3994123339653017 0.12283284589648248 -1.6314973831176756 0.28702528774738317 0.37909556925296789 -0.5908849537372588
decision_type=2 2 2 2 2 2 2
left_child=3 2 -2 6 -5 -3 -1
right_child=1 5 -4 4 -6 -7 -8
leaf_value=0.00040096299078367238 0.00025030353798997652 -0.0021281659836300581 -0.001225024196864512 0.0010663029611566411 0.00011354650527058133 -0.0040818406929859722 0.0028966539223285381
leaf_weight=408.03733570873737 8060.0074814930558 1564.2176941037178 8524.8641390949488 12037.660793155432 11309.975083991885 1001.9776901304722 1282.6496067866683
leaf_count=1312 25698 4620 25878 39400 35517 2999 4156
internal_value=4.8919e-05 -0.000828199 -0.000507461 0.000720206 0.000605225 -0.00289617 0.00230084
internal_weight=44189.4 19151.1 16584.9 25038.3 23347.6 2566.2 1690.69
internal_count=139580 59195 51576 80385 74917 7619 5468
is_linear=0
shrinkage=0.01


Tree=22
num_leaves=8
num_cat=0
split_feature=0 8 41 30 8 5 0
split_gain=421.929 117.425 57.3039 55.4116 28.6073 26.2402 24.7335
threshold=1.1251554489135744 -0.088856730610132204 3.7841988801956181 0.69737371802330028 0.62106096744537365 1.8105468153953554 1.4230254888534548
decision_type=2 2 2 2 2 2 2
left_child=1 5 -3 4 -2 -1 -5
right_child=3 2 -4 6 -6 -7 -8
leaf_value=0.00098871271751793232 -0.0007339482055017892 -0.00010880977586837266 0.0052030591932788004 -0.0020988149638704943 -0.0023387147633390525 0.0025892060930578957 -0.0038853478279731019
leaf_weight=16603.556566119194 2944.6496999040246 18323.86494192481 204.3304348140955 1492.6836007237434 1811.323653511703 1100.912593357265 1707.7289996147156
leaf_count=54139 9090 57187 636 4520 5305 3637 5066
internal_value=4.84318e-05 0.000506563 -4.94127e-05 -0.0020364 -0.00134759 0.00108894 -0.00305614
internal_weight=44189.1 36232.7 18528.2 7956.39 4755.97 17704.5 3200.41
internal_count=139580 115599 57823 23981 14395 57776 9586
is_linear=0
shrinkage=0.01


Tree=23
num_leaves=8
num_cat=0
split_feature=46 6 33 6 47 29 46
split_gain=271.338 166.145 109.874 51.5177 39.6957 39.3572 10.1975
threshold=1.5589362978935244 0.049410911276936538 -0.34332677721977228 -0.40019807219505305 0.36833453178405767 1.5328416824340823 1.7420032024383547
decision_type=2 2 2 2 2 2 2
left_child=1 5 -3 6 -5 -1 -2
right_child=3 2 -4 4 -6 -7 -8
leaf_value=0.00091168654781989945 -0.0015395077199619731 0.00048316113012696472 -0.0010434235307097896 -0.0027776583304401511 -0.0058476498473531415 -0.0013149757488563382 0.0013006695660693953
leaf_weight=21342.78209669143 451.168122574687 7835.7083329036832 11810.72373047471 997.9983027279377 759.18225148320198 820.01486837863922 171.04841017723083
leaf_count=69381 1432 24474 35973 2905 2260 2623 532
internal_value=4.7941e-05 0.000235134 -0.000434064 -0.0032358 -0.00411229 0.000828794 -0.000741858
internal_weight=44188.6 41809.2 19646.4 2379.4 1757.18 22162.8 622.217
internal_count=139580 132451 60447 7129 5165 72004 1964
is_linear=0
shrinkage=0.01


Tree=24
num_leaves=8
num_cat=0
split_feature=42 16 18 3 5 25 39
split_gain=158.023 98.381 69.2907 54.6473 56.5699 41.058 28.0515
threshold=0.10539993271231653 1.4385024309158327 0.67468279600143444 0.3611403107643128 -0.06581449136137961 1.3207183480262759 -0.14897394925355908
decision_type=2 2 2 2 2 2 2
left_child=3 2 -2 5 -5 -1 -3
right_child=1 6 -4 4 -6 -7 -8
leaf_value=0.00094954632664701673 0.00014533917499175294 -0.00076814750376777462 -0.0010903069974319091 0.00046751801117887314 -0.0022161442144871322 -0.00054730717676941586 -0.0034828813673689197
leaf_weight=18293.437740907073 10881.14269734174 537.38934450596571 7769.7847998961806 1982.7634877637029 1294.9752327352762 2027.0019642412663 1401.7026791870594
leaf_count=59319 34062 1642 23480 6366 4273 6368 4070
internal_value=4.74529e-05 -0.000592489 -0.000368913 0.000606244 -0.000590051 0.000799721 -0.00273647
internal_weight=44188.2 20590 18650.9 23598.2 3277.74 20320.4 1939.09
internal_count=139580 63254 57542 76326 10639 65687 5712
is_linear=0
shrinkage=0.01


Tree=25
num_leaves=8
num_cat=0
split_feature=0 6 24 36 9 0 6
split_gain=338.967 105.967 65.5974 43.31 33.8352 20.7753 17.0627
threshold=1.1251554489135744 0.13462267071008685 1.2819587588310244 0.37858463823795324 0.27249620854854589 1.3561914563179018 0.88505309820175182
decision_type=2 2 2 2 2 2 2
left_child=1 4 -3 5 -1 -2 -5
right_child=3 2 -4 6 -6 -7 -8
leaf_value=0.0011482002177911662 -0.00048472265706221235 2.9225002543753286e-05 -0.0018356220845331065 -0.0021119316992103841 0.00031135953328134946 -0.0018641941394618856 -0.003546820141993149
leaf_weight=13723.941409252584 2092.5084203332663 12863.403037324548 2207.4472481459379 2087.9533338099718 7515.9286310374737 2340.4846240878105 1456.5910778343678
leaf_count=45215 6402 39962 6712 6359 24001 7097 4218
internal_value=-1.24129e-05 0.000397435 -0.000243362 -0.00187895 0.000852576 -0.00121555 -0.00270524
internal_weight=44288.3 36310.7 15070.9 7977.54 21239.9 4432.99 3544.54
internal_count=139966 115890 46674 24076 69216 13499 10577
is_linear=0
shrinkage=0.01


Tree=26
num_leaves=8
num_cat=0
split_feature=0 8 24 30 24 30 5
split_gain=332.247 129.389 67.2132 50.42 41.0726 26.4502 21.2724
threshold=1.1251554489135744 -0.088856730610132204 1.356793284416199 0.59479007124900829 0.85352763533592235 -1.2817769050598142 -0.23189226537942884
decision_type=2 2 2 2 2 2 2
left_child=1 4 -3 5 -1 -2 -5
right_child=3 2 -4 6 -6 -7 -8
leaf_value=0.0012556155505954322 -0.0032457128503104601 -1.19710963528623e-05 -0.0022152662130964025 -0.0021234673050570326 9.2163514065024386e-05 -0.00087931547205377788 -0.0037535138109439804
leaf_weight=13922.23269521445 540.26814794540405 16976.642724312842 1507.4368061572313 2071.7486861795187 3904.2308710515499 3997.4696453288198 1367.7528861761093
leaf_count=45681 1562 53176 4529 6146 12504 12198 4170
internal_value=-1.22931e-05 0.000393465 -0.000192308 -0.00186028 0.00100138 -0.00116392 -0.00277548
internal_weight=44287.8 36310.5 18484.1 7977.24 17826.5 4537.74 3439.5
internal_count=139966 115890 57705 24076 58185 13760 10316
is_linear=0
shrinkage=0.01


Tree=27
num_leaves=8
num_cat=0
split_feature=0 8 24 24 0 5 6
split_gain=325.659 126.819 65.8782 40.2543 37.8284 25.0825 24.8504
threshold=1.1251554489135744 -0.088856730610132204 1.356793284416199 0.85352763533592235 1.3561914563179018 -0.11523882299661635 -0.13402477651834485
decision_type=2 2 2 2 2 2 2
left_child=1 3 -3 -1 6 -6 -2
right_child=4 2 -4 -5 5 -7 -8
leaf_value=0.0012430750378590919 -2.1500151216111811e-05 -1.1851392238039712e-05 -0.0021931905270243953 9.1242131562816541e-05 -0.0018684261876836361 -0.0034239261610338988 -0.0017610935353110869
leaf_weight=13922.068450182676 1421.0341411307454 16976.642574846745 1507.3941731899977 3904.2302617132664 2907.7028361558914 1664.8935752362013 1983.3256741911173
leaf_count=45681 4426 53176 4529 12504 8641 5060 5949
internal_value=-1.21796e-05 0.000389529 -0.000190392 0.000991386 -0.00184179 -0.0024376 -0.00103812
internal_weight=44287.3 36310.3 18484 17826.3 7976.96 4572.6 3404.36
internal_count=139966 115890 57705 58185 24076 13701 10375
is_linear=0
shrinkage=0.01


Tree=28
num_leaves=8
num_cat=0
split_feature=20 9 21 24 5 38 36
split_gain=180.266 74.8461 92.4757 60.3993 45.1325 21.1052 18.3832
threshold=1.2837968468666079 0.25824587047100073 -0.69926247000694264 1.4604497551918032 -2.554160356521606 0.20887745916843417 -0.1894545182585716
decision_type=2 2 2 2 2 2 2
left_child=1 4 -3 5 -1 -2 -5
right_child=3 2 -4 6 -6 -7 -8
leaf_value=-0.001875664381949487 -0.00021108066355247725 0.00067546752025837112 -0.00084488632264120497 -0.0015928501161358529 0.00073852529536930353 -0.0015755910563956385 -0.0036479722126974306
leaf_weight=679.67181152105331 2288.9850061014295 6610.0624616965652 10118.039939194918 674.87132214009762 20273.688032791018 2283.2947746664286 1358.1476564705372
leaf_count=2095 6969 20921 31369 2005 65636 7012 3959
internal_value=-1.20666e-05 0.000254834 -0.000243521 -0.00153599 0.000653165 -0.000894869 -0.0029718
internal_weight=44286.8 37681.5 16728.1 6605.3 20953.4 4572.28 2033.02
internal_count=139966 120021 52290 19945 67731 13981 5964
is_linear=0
shrinkage=0.01


Tree=29
num_leaves=8
num_cat=0
split_feature=0 8 24 36 24 42 0
split_gain=317.451 123.209 63.8618 42.052 39.0944 20.6643 19.7486
threshold=1.1251554489135744 -0.088856730610132204 1.356793284416199 0.37858463823795324 0.85352763533592235 -0.37215261161327357 1.3561914563179018
decision_type=2 2 2 2 2 2 2
left_child=1 4 -3 6 -1 -5 -2
right_child=3 2 -4 5 -6 -7 -8
leaf_value=0.0012259268921558067 -0.00045211020197077732 -1.1158783045862634e-05 -0.002158920103892399 -0.0012314387990631423 9.076126943801123e-05 -0.0030580865989501094 -0.0017971672494035559
leaf_weight=13921.80825496465 2092.4291600584984 16976.604163393378 1507.3080639988184 831.71017494052649 3904.2076350823045 2712.1717911660671 2340.1618906334043
leaf_count=45681 6402 53176 4529 2569 12504 8008 7097
internal_value=-1.19548e-05 0.000384651 -0.000186951 -0.00181843 0.000977886 -0.00263268 -0.00116473
internal_weight=44286.4 36309.9 18483.9 7976.47 17826 3543.88 4432.59
internal_count=139966 115890 57705 24076 58185 10577 13499
is_linear=0
shrinkage=0.01


Tree=30
num_leaves=8
num_cat=0
split_feature=46 8 33 21 6 46 19
split_gain=209.342 179.391 88.5045 42.919 31.0632 19.9719 10.0244
threshold=1.5589362978935244 -0.029031472280621525 -0.013985169120132921 0.33542853593826299 -0.40019807219505305 1.7750096321105959 0.34270867705345159
decision_type=2 2 2 2 2 2 2
left_child=1 3 -3 -1 6 -6 -2
right_child=4 2 -4 -5 5 -7 -8
leaf_value=0.0011867150218859391 -0.0022697993258908372 0.00015846867458147847 -0.0011287963760165016 0.00024052293689663917 -0.0029405050444254862 -0.0054736145463933532 0.00023747461405558443
leaf_weight=12813.126692891121 298.67788101732731 10791.140065670013 10551.378098011017 7707.9061118215322 1328.9345824867487 427.93592227995396 326.88665011525154
leaf_count=41980 947 33750 32287 24658 3921 1250 1011
internal_value=0 0.000164091 -0.000477488 0.000831832 -0.00288275 -0.00356597 -0.000945384
internal_weight=44246 41863.6 21342.5 20521 2382.44 1756.87 625.565
internal_count=139804 132675 66037 66638 7129 5171 1958
is_linear=0
shrinkage=0.01


Tree=31
num_leaves=8
num_cat=0
split_feature=6 29 29 8 9 4 1
split_gain=203.728 154.314 57.0523 50.5422 50.5318 41.8028 31.0307
threshold=0.061881264671683318 0.88702353835105907 -0.70869410037994374 -0.43882754445075983 1.8718717694282534 1.0881506800651553 1.0667554736137392
decision_type=2 2 2 2 2 2 2
left_child=2 4 6 -3 -2 -4 -1
right_child=1 3 5 -5 -6 -7 -8
leaf_value=0.0013751612654178023 -0.00029542939221629389 -0.00041936758747596027 0.00036801327329361277 -0.0023896349754748063 0.0017708519510752925 -0.0024686959242412004 -0.0030098443741173242
leaf_weight=8403.578392110765 12415.309929348528 1733.6689510717988 14290.102647274733 5396.4783525764942 1306.6942140907049 537.38501374423504 162.23446564376354
leaf_count=27545 38407 5367 46087 16091 4046 1742 519
internal_value=0 -0.000718734 0.000640607 -0.0019121 -9.78219e-05 0.00026437 0.0012906
internal_weight=44245.5 20852.2 23393.3 7130.15 13722 14827.5 8565.81
internal_count=139804 63911 75893 21458 42453 47829 28064
is_linear=0
shrinkage=0.01


Tree=32
num_leaves=8
num_cat=0
split_feature=0 46 6 0 42 40 23
split_gain=314.896 117.242 104.788 41.7164 38.346 43.0807 28.6015
threshold=1.2463347315788271 -0.82961606979370106 0.049410911276936538 0.52125954627990734 0.67029163241386425 0.014478741679340603 0.52474358677864086
decision_type=2 2 2 2 2 2 2
left_child=1 3 -3 -1 5 -2 -6
right_child=4 2 -4 -5 6 -7 -8
leaf_value=0.0015292408222431675 -0.0024556891162533252 0.00057902853945975604 -0.00065773312232254562 -0.00011104033842791131 -0.0016269673475363569 -0.00022828355290223403 -0.0037820818499766039
leaf_weight=8673.6669658869505 1825.3776313811541 14550.36023363471 12944.467965126038 1874.1620524674654 1001.2362240552902 1676.2708256989717 1699.5134673714638
leaf_count=27996 5690 47289 40007 5871 3010 5095 4846
internal_value=0 0.00034062 -2.87353e-06 0.00123686 -0.00208918 -0.00139263 -0.00298773
internal_weight=44245.1 38042.7 27494.8 10547.8 6202.4 3501.65 2700.75
internal_count=139804 121163 87296 33867 18641 10785 7856
is_linear=0
shrinkage=0.01


Tree=33
num_leaves=8
num_cat=0
split_feature=46 8 33 21 47 8 43
split_gain=201.969 173.578 84.1882 41.3642 26.0036 21.2846 11.4049
threshold=1.5589362978935244 -0.029031472280621525 -0.013985169120132921 0.33542853593826299 0.021708987653255466 -0.23326722532510755 0.99742215871810924
decision_type=2 2 2 2 2 2 2
left_child=1 3 -3 -1 5 -2 -6
right_child=4 2 -4 -5 6 -7 -8
leaf_value=0.0011663960634126754 0.00040470368885922017 0.00015027044693251816 -0.0011052046795762382 0.00023745540552444123 -0.0031646202485154525 -0.0026464528465555584 -0.0053287847204562021
leaf_weight=12812.749590210617 345.24407613277435 10791.07544054836 10550.935465879738 7707.8166354075074 1041.4418860375881 645.71241900324821 349.51421177387238
leaf_count=41980 1074 33750 32287 24658 3160 1875 1020
internal_value=0 0.000161145 -0.000469958 0.000817989 -0.00283188 -0.00157403 -0.00371905
internal_weight=44244.5 41862.6 21342 20520.6 2381.91 990.956 1390.96
internal_count=139804 132675 66037 66638 7129 2949 4180
is_linear=0
shrinkage=0.01


Tree=34
num_leaves=8
num_cat=0
split_feature=6 20 15 42 6 42 45
split_gain=194.843 90.3523 46.2725 31.4042 31.9133 27.7334 21.7546
threshold=0.061881264671683318 1.2699514627456667 -0.23310352116823194 -0.55561304092407215 -2.0370717048645015 0.22680366039276126 0.51254433393478405
decision_type=2 2 2 2 2 2 2
left_child=3 2 -2 6 -5 -3 -1
right_child=1 5 -4 4 -6 -7 -8
leaf_value=0.00076367869129773905 -0.00074105841017632677 -0.00088520669905860401 0.00038626669487387585 -0.0026985646633250443 0.00035729421942995741 -0.0023714178675526745 0.0018115858475110577
leaf_weight=8867.5781497582793 9564.5275595113635 2042.2161218449473 5865.1201355680823 350.52847249805927 11592.894686348736 3379.316418543458 2581.7494483888149
leaf_count=29171 29498 6334 18155 1089 37162 9924 8471
internal_value=0 -0.000702926 -0.000311894 0.000626468 0.000266552 -0.00181369 0.00100099
internal_weight=44243.9 20851.2 15429.6 23392.8 11943.4 5421.53 11449.3
internal_count=139804 63911 47653 75893 38251 16258 37642
is_linear=0
shrinkage=0.01


Tree=35
num_leaves=8
num_cat=0
split_feature=6 25 30 42 5 19 11
split_gain=156.906 83.7803 61.6174 42.1293 34.91 30.0893 21.9756
threshold=0.049410911276936538 1.4240158796310427 0.98112785816192638 0.5321960747241975 -0.63617536425590504 0.94852751493453991 -1.2271407246589658
decision_type=2 2 2 2 2 2 2
left_child=4 2 -2 -3 6 -6 -1
right_child=1 3 -4 -5 5 -7 -8
leaf_value=0.0025925561746927691 3.9945200159796511e-05 -0.00077373112264818148 -0.0012987990475072206 -0.0029991659591557559 0.00052252459255168644 -0.00072333945812782803 0.00097132292466148686
leaf_weight=1018.0409412682056 12772.885203786194 1539.5853898450732 4696.5258678048849 1943.7941484600306 14978.719875440001 2219.645020827651 4986.8498644977808
leaf_count=3276 39593 4691 14328 5613 48899 7124 16009
internal_value=2.45053e-05 -0.000602547 -0.000319448 -0.00201894 0.000591173 0.000361118 0.00124823
internal_weight=44156 20952.8 17469.4 3483.38 23203.3 17198.4 6004.89
internal_count=139533 64225 53921 10304 75308 56023 19285
is_linear=0
shrinkage=0.01


Tree=36
num_leaves=8
num_cat=0
split_feature=0 46 42 46 6 6 2
split_gain=284.602 97.7099 73.397 66.9242 53.7684 23.6946 16.2858
threshold=0.93820318579673778 -0.85546141862869252 -0.12512229382991788 1.5915461778640749 0.049410911276936538 -1.3909443020820615 1.0895365476608279
decision_type=2 2 2 2 2 2 2
left_child=1 5 -3 4 -2 -1 -5
right_child=3 2 -4 6 -6 -7 -8
leaf_value=-2.8487283765920253e-05 -0.00017814007673705231 0.00070307200487246962 -0.00040157843563286402 -0.0041557989700322529 -0.0017414855038300678 0.0015175735171442651 -0.0020789802527274872
leaf_weight=1109.9500410705805 3899.9647077769041 11733.041418015957 12330.481188096106 927.66330240666866 5092.788463331759 8374.6383146345615 687.15641701221466
leaf_count=3614 12203 38335 38517 2820 15184 26889 1971
internal_value=2.42577e-05 0.000475924 0.000136625 -0.00140317 -0.0010647 0.0013356 -0.00328007
internal_weight=44155.7 33548.1 24063.5 10607.6 8992.75 9484.59 1614.82
internal_count=139533 107355 76852 32178 27387 30503 4791
is_linear=0
shrinkage=0.01


Tree=37
num_leaves=8
num_cat=0
split_feature=24 21 42 38 42 10 15
split_gain=187.539 91.3303 74.7531 64.2908 39.5285 24.7625 19.3039
threshold=1.4604497551918032 0.29425640404224401 -0.2608176320791244 0.12582291662693026 0.77955004572868358 -0.12501839548349378 -0.37473304569721216
decision_type=2 2 2 2 2 2 2
left_child=1 4 5 -3 -1 -2 -4
right_child=2 3 6 -5 -6 -7 -8
leaf_value=0.00083279671870200396 0.0017381371017734584 0.00020919383854068062 -0.0042541574511177254 -0.0010838592421534385 -8.5179089534126633e-05 -0.0011332431625265757 -0.0023940028950097652
leaf_weight=18577.722043313086 419.25842115283012 8464.5259486883879 1001.6624372899532 7029.3827469572425 6249.4246902689338 1042.6405323967338 1370.4720713943243
leaf_count=60275 1324 26224 2884 22063 19476 3237 4050
internal_value=2.40026e-05 0.000225209 -0.00208891 -0.000376834 0.000601329 -0.000302298 -0.00318515
internal_weight=44155.1 40321.1 3834.03 15493.9 24827.1 1461.9 2372.13
internal_count=139533 128038 11495 48287 79751 4561 6934
is_linear=0
shrinkage=0.01


Tree=38
num_leaves=8
num_cat=0
split_feature=0 8 46 46 6 4 6
split_gain=277.179 102.834 80.2433 64.9623 52.3906 34.4235 15.3937
threshold=0.93820318579673778 -0.26059652864933008 -0.30233383178710932 1.5915461778640749 0.049410911276936538 1.1108436584472658 -0.46541307866573328
decision_type=2 2 2 2 2 2 2
left_child=1 5 -3 4 -2 -1 -5
right_child=3 2 -4 6 -6 -7 -8
leaf_value=0.0011853148765501881 -0.00017634860255932104 0.0006751589388988104 -0.00064081279922914168 -0.0012683259304728336 -0.0017195949624708511 -0.0012696156920195393 -0.0037363535808670641
leaf_weight=14344.580639928579 3899.9480758830905 8689.15042450279 9923.8204230889678 333.09127889573574 5092.5229573026299 590.16772632300854 1281.373214751482
leaf_count=47033 12203 27463 30954 1034 15184 1905 3757
internal_value=2.37545e-05 0.000469489 -2.59332e-05 -0.00138499 -0.00105151 0.00108756 -0.00323445
internal_weight=44154.7 33547.7 18613 10606.9 8992.47 14934.7 1614.46
internal_count=139533 107355 58417 32178 27387 48938 4791
is_linear=0
shrinkage=0.01


Tree=39
num_leaves=8
num_cat=0
split_feature=24 7 14 7 26 19 26
split_gain=181.964 61.0531 67.4176 46.0213 23.4308 19.2351 15.1413
threshold=1.4604497551918032 0.098149664700031294 -0.16491108387708661 -0.17001743614673612 0.55230623483657848 -0.37133590877056116 0.5249636471271516
decision_type=2 2 2 2 2 2 2
left_child=1 4 -3 6 -1 -5 -2
right_child=3 2 -4 5 -6 -7 -8
leaf_value=0.00037719552884921115 -0.0014828829751304404 -0.00063000400921814142 0.00065985087054896388 -0.0056119509487068528 0.0011136558559600722 -0.0026101144065288147 0.00057470026906458315
leaf_weight=16044.916112035513 905.89676992595196 12283.374321714044 6040.4513762667775 245.86218793690205 5951.6839503720403 2100.6230796426535 581.16075125336647
leaf_count=52283 2811 37882 18765 743 19108 6142 1799
internal_value=2.35043e-05 0.000221692 -0.000204245 -0.0020579 0.000576958 -0.00293116 -0.000672188
internal_weight=44154 40320.4 18323.8 3833.54 21996.6 2346.49 1487.06
internal_count=139533 128038 56647 11495 71391 6885 4610
is_linear=0
shrinkage=0.01


Tree=40
num_leaves=8
num_cat=0
split_feature=0 46 7 46 0 6 38
split_gain=277.669 97.5651 86.4138 59.5105 29.2284 23.5478 13.7965
threshold=1.1251554489135744 -0.80283358693122853 -0.15869414061307904 1.5915461778640749 0.81990110874176036 0.07323342934250833 1.2912849187850954
decision_type=2 2 2 2 2 2 2
left_child=1 4 -3 5 -1 -2 -5
right_child=3 2 -4 6 -6 -7 -8
leaf_value=0.0013178292869759458 -0.00051737952433754137 0.00064808908441260269 -0.00051668219999006235 -0.0030588009368579215 -0.00064175756197020785 -0.0017654902554318681 -0.0058280927568630696
leaf_weight=9777.2107318714261 2522.2847563028336 11897.028165951371 13705.005093425512 1333.6846777796745 817.6908330321312 3879.4913837835193 221.18828608095646
leaf_count=31482 7880 38851 42660 3900 2559 11528 667
internal_value=-1.29995e-05 0.000358582 2.41898e-05 -0.00170452 0.0011656 -0.00127546 -0.00346267
internal_weight=44153.6 36196.9 25602 7956.65 10594.9 6401.78 1554.87
internal_count=139527 115552 81511 23975 34041 19408 4567
is_linear=0
shrinkage=0.01


Tree=41
num_leaves=8
num_cat=0
split_feature=0 46 46 7 30 5 4
split_gain=272.511 98.2047 68.9275 67.5172 51.8681 16.744 14.7539
threshold=0.93820318579673778 -0.80283358693122853 1.5915461778640749 -0.14695166796445844 0.65804550051689159 -0.081561598926782594 1.1108436584472658
decision_type=2 2 2 2 2 2 2
left_child=1 6 4 -3 -2 -4 -1
right_child=2 3 5 -5 -6 -7 -8
leaf_value=0.0013374022455140547 -0.00048858359386942196 0.0006463431169755915 -0.0024827468073759205 -0.00042858645982569473 -0.0020773010733725799 -0.0046074651891562174 -0.00047872885043501786
leaf_weight=9628.0511824190617 5721.3221084550023 10964.364365749061 1027.8642820715904 12502.368399567902 3227.1074849963188 621.54810751974583 460.27285830676556
leaf_count=30997 17560 35894 2998 38976 9769 1866 1467
internal_value=-1.2879e-05 0.000428409 -0.00141094 7.3233e-05 -0.00106281 -0.00329177 0.00125351
internal_weight=44152.9 33555.1 10597.8 23466.7 8948.43 1649.41 10088.3
internal_count=139527 107334 32193 74870 27329 4864 32464
is_linear=0
shrinkage=0.01


Tree=42
num_leaves=8
num_cat=0
split_feature=0 46 6 46 42 0 3
split_gain=267.363 93.659 83.705 57.1946 40.765 28.2221 14.0082
threshold=1.1251554489135744 -0.80283358693122853 0.061881264671683318 1.5915461778640749 0.67029163241386425 0.81990110874176036 0.53547435998916637
decision_type=2 2 2 2 2 2 2
left_child=1 5 -3 4 -2 -1 -5
right_child=3 2 -4 6 -6 -7 -8
leaf_value=0.0012921547748943952 -0.00059085731565978398 0.00055937844809967057 -0.00058668939855184316 -0.0038234643859424277 -0.0022219736554703116 -0.00063328638098513932 -0.0012035214639555612
leaf_weight=9776.926471196115 3813.586583815515 13655.529637172818 11946.316820569336 1296.7289092540741 2587.8485654518008 817.69094015657902 257.61247685551643
leaf_count=31482 11816 44527 36984 3827 7592 2559 740
internal_value=-1.27593e-05 0.000351846 2.42084e-05 -0.0016727 -0.00125206 0.00114256 -0.00339672
internal_weight=44152.2 36196.5 25601.8 7955.78 6401.44 10594.6 1554.34
internal_count=139527 115552 81511 23975 19408 34041 4567
is_linear=0
shrinkage=0.01


Tree=43
num_leaves=8
num_cat=0
split_feature=46 23 17 18 35 15 12
split_gain=204.755 108.841 62.3671 40.5699 24.0953 19.1809 13.2596
threshold=1.5915461778640749 0.66027304530143749 1.205613970756531 -1.2575415372848509 0.3404326736927033 -0.16730812937021253 -0.59783336520194996
decision_type=2 2 2 2 2 2 2
left_child=1 3 -3 -1 5 -2 -6
right_child=4 2 -4 -5 6 -7 -8
leaf_value=0.0012662393262647153 -0.002606539393249709 -0.00022873191580399262 -0.0018425080738368447 0.00029997313546773684 -0.0025222303594369141 0.00097943491403982533 -0.0049008777043928371
leaf_weight=5333.4991723001003 735.88941241800785 9875.8307497650385 3168.8901548236609 23737.085187233984 381.10334138572216 181.85304617881775 737.34974665939808
leaf_count=17266 2242 30916 9388 75869 1152 568 2126
internal_value=-1.26404e-05 0.000136903 -0.000621636 0.000477633 -0.00310915 -0.00188479 -0.00410228
internal_weight=44151.5 42115.3 13044.7 29070.6 2036.2 917.742 1118.45
internal_count=139527 133439 40304 93135 6088 2810 3278
is_linear=0
shrinkage=0.01


Tree=44
num_leaves=8
num_cat=0
split_feature=46 6 23 22 6 38 12
split_gain=200.723 127.354 90.069 35.8213 19.3463 35.2657 6.06673
threshold=1.5915461778640749 0.35046486556530004 0.66027304530143749 -0.1785282418131828 -0.40019807219505305 -0.14240940660238263 -0.4743299782276153
decision_type=2 2 2 2 2 2 2
left_child=1 3 -3 -1 6 -6 -2
right_child=4 2 -4 -5 5 -7 -8
leaf_value=0.00089414664590957882 -0.00034734394483311546 9.9835488001825156e-05 -0.0014199383000562172 0.00015157518010196325 -0.0016216178037312501 -0.0048272587446976248 -0.002549298282735341
leaf_weight=14518.192370682955 281.55469019711018 8765.1927234530449 7007.5964338928461 11824.100395701826 554.99364070594311 955.35198451578617 243.96914879977703
leaf_count=47216 893 27146 21132 37945 1617 2827 751
internal_value=-1.25188e-05 0.000135532 -0.000574789 0.000561231 -0.00307865 -0.00365778 -0.00139147
internal_weight=44151 42115.1 15772.8 26342.3 2035.87 1510.35 525.524
internal_count=139527 133439 48278 85161 6088 4444 1644
is_linear=0
shrinkage=0.01


Tree=45
num_leaves=8
num_cat=0
split_feature=21 8 33 16 6 1 16
split_gain=174.373 130.22 78.2128 42.7012 32.6846 23.0201 21.5815
threshold=1.4228893518447878 0.16919916123151782 0.63204881548881542 1.5432115197181704 0.66988691687583934 0.62331277132034313 1.2294852137565615
decision_type=2 2 2 2 2 2 2
left_child=1 3 -3 -1 6 -6 -2
right_child=4 2 -4 -5 5 -7 -8
leaf_value=0.00081262817901185875 -0.00042969122816716182 8.4149295722990441e-07 -0.0014180120814850958 -0.0011952697390881755 -0.0034808913026160453 -0.0010551646378757949 -0.0028714637212285919
leaf_weight=20868.366616949439 1460.6517051309347 12741.489603117108 5579.5545136034489 1111.0014961063862 1550.1620429605246 542.19524736702442 486.64127890765667
leaf_count=67723 4545 39742 17026 3471 4512 1586 1448
internal_value=-6.84619e-06 0.00019149 -0.000430769 0.000710629 -0.00198752 -0.00285789 -0.0010462
internal_weight=44340.1 40300.4 18321 21979.4 4039.65 2092.36 1947.29
internal_count=140053 127962 56768 71194 12091 6098 5993
is_linear=0
shrinkage=0.01


Tree=46
num_leaves=8
num_cat=0
split_feature=0 46 42 0 5 36 42
split_gain=266.283 95.9295 65.7428 56.2917 44.6092 41.8051 21.4935
threshold=1.2821015715599062 -0.47636783123016352 0.058990372344851501 0.54941284656524669 -0.18192312121391294 0.11496905609965326 0.18048836290836337
decision_type=2 2 2 2 2 2 2
left_child=1 3 -3 -1 6 -6 -2
right_child=4 2 -4 -5 5 -7 -8
leaf_value=0.0012019680230871401 -0.00030242962342678383 0.00038833220023155277 -0.00066545782606630298 -0.00040312222141687643 -0.0018251419381310635 -0.0046160349607178774 -0.0019393403379113778
leaf_weight=12289.731530770659 1306.4730114340782 12617.885567702353 11144.832238197327 2646.3390428721905 1148.4941691458225 1039.3099174201488 2146.3903966918588
leaf_count=39577 4019 40850 34353 8313 3548 3141 6252
internal_value=-6.78687e-06 0.000288867 -0.000105487 0.000916904 -0.00203664 -0.00315702 -0.00132314
internal_weight=44339.5 38698.8 23762.7 14936.1 5640.67 2187.8 3452.86
internal_count=140053 123093 75203 47890 16960 6689 10271
is_linear=0
shrinkage=0.01


Tree=47
num_leaves=8
num_cat=0
split_feature=24 8 29 21 8 13 23
split_gain=185.969 122.261 67.6156 51.3607 33.3243 28.9535 14.7339
threshold=1.4604497551918032 -0.029031472280621525 1.1587994098663332 0.70119935274124157 -0.37026074528694147 -0.8247379958629607 -0.15466251224279401
decision_type=2 2 2 2 2 2 2
left_child=1 3 -3 -1 5 -2 -6
right_child=4 2 -4 -5 6 -7 -8
leaf_value=0.0010401484704587094 0.0023871555854978535 -6.0905825771538287e-05 -0.0014960572589225963 -0.00014232450195945985 -0.00037784010575310023 -0.0015162396637590991 -0.0031111754080779324
leaf_weight=15046.524731338024 221.25210474431515 16517.351034492254 4101.4496465474367 4840.3688013255596 226.97089803218842 1256.3304589241743 2128.5363342612982
leaf_count=49147 711 51454 12497 15442 701 3900 6201
internal_value=-6.72783e-06 0.00019229 -0.000346927 0.000751845 -0.00211194 -0.000923766 -0.00285231
internal_weight=44338.8 40505.7 20618.8 19886.9 3833.09 1477.58 2355.51
internal_count=140053 128540 63951 64589 11513 4611 6902
is_linear=0
shrinkage=0.01


Tree=48
num_leaves=8
num_cat=0
split_feature=0 24 17 16 31 42 12
split_gain=258.987 83.7926 67.8112 58.5588 41.0128 26.962 15.6756
threshold=0.90010043978691112 1.4604497551918032 1.3245845437049868 -1.00955593585968 0.16378755122423175 0.12049128487706186 0.36504940688610082
decision_type=2 2 2 2 2 2 2
left_child=1 3 4 -1 -2 -4 -3
right_child=2 6 5 -5 -6 -7 -8
leaf_value=-0.00021909990561035705 -5.4877199706439574e-05 -0.00095765225333802853 -0.0013795128046278366 0.00079394133015366975 -0.0015513348705729377 -0.0031182208552345222 -0.002954683113594207
leaf_weight=7465.2059459686279 3878.2029417827725 1067.5140237808228 1528.269424572587 24015.729350797832 3493.9160576909781 2244.8400673940778 644.44713146984577
leaf_count=23858 12100 3387 4648 76946 10714 6464 1936
internal_value=-6.66826e-06 0.000435974 -0.00132577 0.000553398 -0.000765574 -0.00241717 -0.00171653
internal_weight=44338.1 33192.9 11145.2 31480.9 7372.12 3773.11 1711.96
internal_count=140053 106127 33926 100804 22814 11112 5323
is_linear=0
shrinkage=0.01


Tree=49
num_leaves=8
num_cat=0
split_feature=0 8 24 24 36 47 16
split_gain=254.68 108.666 58.4243 54.4755 34.8169 32.7155 15.8371
threshold=1.2821015715599062 -0.088856730610132204 1.4604497551918032 0.83978211879730236 0.39384576678276068 -0.12767351418733594 0.82340505719184887
decision_type=2 2 2 2 2 2 2
left_child=1 3 -3 -1 6 -6 -2
right_child=4 2 -4 -5 5 -7 -8
leaf_value=0.0011226411038890607 -0.00033771832112058567 -9.9004119807545601e-05 -0.0024323341724781576 -0.000147616244659705 -0.0016650981728673451 -0.0039165111779635225 -0.001835454583018698
leaf_weight=14459.808738701046 1182.5430929362774 18712.988756388426 1138.3556307256222 4386.7014815062284 1271.6705842465162 1362.1435013562441 1823.214428268373
leaf_count=47338 3667 58348 3410 13997 3740 4081 5472
internal_value=-6.61522e-06 0.000282503 -0.000233426 0.000826454 -0.00199197 -0.00283431 -0.00124984
internal_weight=44337.4 38697.9 19851.3 18846.5 5639.57 2633.81 3005.76
internal_count=140053 123093 61758 61335 16960 7821 9139
is_linear=0
shrinkage=0.01


Tree=50
num_leaves=8
num_cat=0
split_feature=0 8 41 46 21 11 15
split_gain=317.969 96.834 55.5512 43.6628 37.5918 36.3724 14.7703
threshold=1.1251554489135744 -0.088856730610132204 2.9886816740036015 1.6267594099044802 1.4228893518447878 -0.53769069910049427 -0.16730812937021253
decision_type=2 2 2 2 2 2 2
left_child=1 4 -3 5 -1 -2 -5
right_child=3 2 -4 6 -6 -7 -8
leaf_value=0.0010703772890223076 -0.00019379747491769079 -0.00014002379234432725 0.0048514766324006765 -0.0039504318574447549 -0.0008738346477106183 -0.0018825968088242455 -0.0010464849288930247
leaf_weight=16743.388606309891 1734.8709763139486 18229.214288458228 224.65848432481289 1072.5441360324621 1050.8594883829355 4963.8612065315247 222.17302107810974
leaf_count=54742 5446 56960 703 3157 3334 14856 672
internal_value=3.02429e-05 0.000428584 -7.84555e-05 -0.0017747 0.000954955 -0.00144681 -0.00346103
internal_weight=44241.6 36248.1 18453.9 7993.45 17794.2 6698.73 1294.72
internal_count=139870 115739 57663 24131 58076 20302 3829
is_linear=0
shrinkage=0.01


Tree=51
num_leaves=8
num_cat=0
split_feature=6 24 23 3 2 16 12
split_gain=168.895 144.294 59.3981 36.4871 61.3412 33.8492 22.5241
threshold=0.049410911276936538 1.4604497551918032 -0.87979158759117115 0.17482208460569384 0.25844535231590277 1.0816996693611147 -0.88722676038742054
decision_type=2 2 2 2 2 2 2
left_child=3 2 -2 5 -5 -1 -3
right_child=1 6 -4 4 -6 -7 -8
leaf_value=0.0010100754035403372 0.00083920080902105708 -0.00095833241278778735 -0.00058528420894791793 -0.00140559701251221 0.00098788697328072847 -7.6322640898230813e-05 -0.003264908263361527
leaf_weight=15392.956797145307 3645.7629089429975 547.20434834063053 14759.682475470006 2150.2636955156922 2127.9282497614622 3503.7553347572684 2113.1752604097128
leaf_count=50151 11431 1665 45364 7195 6774 11118 6172
internal_value=2.99292e-05 -0.00061788 -0.000302548 0.000619216 -0.000212813 0.000808117 -0.00279477
internal_weight=44240.7 21065.8 18405.4 23174.9 4278.19 18896.7 2660.38
internal_count=139870 64632 56795 75238 13969 61269 7837
is_linear=0
shrinkage=0.01


Tree=52
num_leaves=8
num_cat=0
split_feature=6 21 21 26 23 4 16
split_gain=165.537 152.79 74.7442 41.9744 36.3991 27.0244 25.3507
threshold=0.049410911276936538 0.28001204133033758 1.7559852600097658 0.56594574451446544 -0.87979158759117115 1.3261910080909731 -0.80556017160415638
decision_type=2 2 2 2 2 2 2
left_child=3 4 -3 5 -2 -1 -5
right_child=1 2 -4 6 -6 -7 -8
leaf_value=0.00041702232552057173 0.0011815522815568278 -0.0011863343482544969 -0.0043614378697220332 0.00013492397024056081 -0.00012026764474028263 -0.0017385918783332536 0.0016003580090198696
leaf_weight=15741.516913801432 3131.1909640654922 10334.240417599678 801.20352075994015 1539.1864104941487 6798.7642482295632 601.35855415463448 5292.6652383729815
leaf_count=51392 9830 31297 2312 4968 21193 1950 16928
internal_value=2.96226e-05 -0.000611721 -0.00141605 0.000613025 0.000289303 0.00033699 0.00127173
internal_weight=44240.1 21065.4 11135.4 23174.7 9929.96 16342.9 6831.85
internal_count=139870 64632 33609 75238 31023 53342 21896
is_linear=0
shrinkage=0.01


Tree=53
num_leaves=8
num_cat=0
split_feature=46 8 29 29 8 20 15
split_gain=202.505 103.75 59.4668 43.6734 41.6672 27.9416 23.02
threshold=1.2812070846557619 -0.029031472280621525 1.1448621749877932 1.5493569970130923 0.43086796998977667 1.0484629273414614 -0.28776828944683069
decision_type=2 2 2 2 2 2 2
left_child=1 3 -3 -1 5 -2 -6
right_child=4 2 -4 -5 6 -7 -8
leaf_value=0.00090969306849625689 -0.00022584201012895738 4.3935307936096908e-05 -0.0013930499088561981 -0.0019237179282059547 -0.0036117474291875742 -0.002013555225757661 -0.0016177373714554618
leaf_weight=18306.153213478625 2054.7980121448636 15874.020690314472 3513.960361994803 557.56412737071514 1298.50766620785 1540.1113840043545 1094.4501706808805
leaf_count=59673 6528 49492 10749 1783 3778 4601 3266
internal_value=2.93235e-05 0.000297243 -0.000216053 0.000825317 -0.00168029 -0.000994852 -0.002705
internal_weight=44239.6 38251.7 19388 18863.7 5987.87 3594.91 2392.96
internal_count=139870 121697 60241 61456 18173 11129 7044
is_linear=0
shrinkage=0.01


Tree=54
num_leaves=8
num_cat=0
split_feature=0 6 21 42 3 0 21
split_gain=304.982 78.9821 75.0128 48.2438 40.6175 29.2384 29.04
threshold=1.1251554489135744 0.049410911276936538 1.1956580877304079 0.67029163241386425 0.3611403107643128 1.436406195163727 1.7963308095932009
decision_type=2 2 2 2 2 2 2
left_child=1 4 -3 5 -1 -2 -5
right_child=3 2 -4 6 -6 -7 -8
leaf_value=0.0010142558670104332 -0.00045776887703386068 0.00020003056519784319 -0.0016386883256972375 -0.0023987650667062054 -0.00028939659606687997 -0.00208071497189818 -0.0060128989712566472
leaf_weight=17423.231461405754 2893.5720852985978 13410.763504765928 2656.6628055796027 3031.4810228943825 2756.2255668789148 1822.5643507242203 244.32203583419323
leaf_count=56839 8956 41834 8012 8895 9054 5603 677
internal_value=2.90171e-05 0.000419125 -0.000103452 -0.00173887 0.000835695 -0.00108739 -0.00267313
internal_weight=44238.8 36246.9 16067.4 7991.94 20179.5 4716.14 3275.8
internal_count=139870 115739 49846 24131 65893 14559 9572
is_linear=0
shrinkage=0.01


Tree=55
num_leaves=8
num_cat=0
split_feature=46 7 14 11 46 4 38
split_gain=187.583 75.629 65.2939 62.862 33.8579 30.4646 23.292
threshold=1.2673068642616274 1.0000000180025095e-35 -0.16491108387708661 -0.16322351992130277 1.6267594099044802 1.3261910080909731 0.35908867418766027
decision_type=2 2 2 2 2 2 2
left_child=1 5 -3 4 -2 -1 -5
right_child=3 2 -4 6 -6 -7 -8
leaf_value=0.00078999031723571119 0.00016243942143704914 -0.00058743853037720344 0.00066499768972628636 -0.0018305966853492694 -0.0022953733006798767 -0.0014378080523967753 -0.0035510838344620637
leaf_weight=18701.72757960856 2064.1572149097919 12604.235441178083 6208.9879125356674 1993.8611311018467 765.21546266973019 630.67580311000347 1351.7419176846743
leaf_count=60923 6461 38931 19329 5856 2372 2058 4022
internal_value=1.54055e-05 0.000277392 -0.000173548 -0.00160117 -0.000499329 0.000716726 -0.00252958
internal_weight=44320.6 38145.6 18813.2 6174.98 2829.37 19332.4 3345.6
internal_count=139952 121241 58260 18711 8833 62981 9878
is_linear=0
shrinkage=0.01


Tree=56
num_leaves=8
num_cat=0
split_feature=42 17 3 26 38 15 13
split_gain=124.773 98.8653 58.2548 52.4107 49.5247 26.3152 25.4402
threshold=1.0000000180025095e-35 1.4580048322677615 0.3611403107643128 0.56594574451446544 0.20887745916843417 -0.19967929273843762 1.7453088164329531
decision_type=2 2 2 2 2 2 2
left_child=2 4 6 -4 -2 -3 -1
right_child=1 5 3 -5 -6 -7 -8
leaf_value=0.00080410012907423511 0.0001699692174841496 -0.0027549141701891022 -0.0017318402896867211 0.00096894260837772502 -0.00087896283074914065 -0.00065657991379120429 -0.0012927262115816798
leaf_weight=18863.761741265655 11197.492481261492 2234.749374255538 1952.6711744815111 1130.6309861838818 7512.8033383563161 835.37975500524044 592.48228190839291
leaf_count=61049 34499 6452 6391 3612 23593 2482 1874
internal_value=1.5243e-05 -0.000524273 0.000537032 -0.000738242 -0.000250702 -0.00218761 0.00073967
internal_weight=44320 21780.4 22539.5 3083.3 18710.3 3070.13 19456.2
internal_count=139952 67026 72926 10003 58092 8934 62923
is_linear=0
shrinkage=0.01


Tree=57
num_leaves=8
num_cat=0
split_feature=0 21 6 5 41 3 35
split_gain=267.353 82.4032 54.213 57.6905 43.9438 42.2861 30.1145
threshold=0.95147910714149486 0.014353936538100244 -0.25120232999324793 -0.16468615084886548 -1.3570759296417234 0.3611403107643128 0.36891846358776098
decision_type=2 2 2 2 2 2 2
left_child=1 5 3 -2 -3 -1 -4
right_child=2 4 6 -5 -6 -7 -8
leaf_value=0.0010548136811847782 0.0010794870982093435 -0.0024035757063019321 -0.0012592557415758532 -0.0015512014266201002 2.2986518498141665e-05 -0.00046762396935290596 -0.0025702417201067295
leaf_weight=16752.005827508867 1553.9665127396584 786.10730678588152 3801.548884510994 1791.6423174440861 14265.670586146414 2037.1160917282104 3331.4730948358774
leaf_count=53986 4842 2485 11437 5667 45020 6659 9856
internal_value=1.50826e-05 0.000447501 -0.00138038 -0.000326355 -0.000103232 0.000889203 -0.00187323
internal_weight=44319.5 33840.9 10478.6 3345.61 15051.8 18789.1 7133.02
internal_count=139952 108150 31802 10509 47505 60645 21293
is_linear=0
shrinkage=0.01


Tree=58
num_leaves=8
num_cat=0
split_feature=24 21 7 42 29 31 26
split_gain=161.161 86.3112 54.0345 43.6722 33.7807 28.1875 16.3753
threshold=1.3699411749839785 -0.17539674788713452 -0.1825873255729675 -0.43966662883758539 1.2069470286369326 -1.1726587414741514 1.095429599285126
decision_type=2 2 2 2 2 2 2
left_child=1 4 6 -3 -1 -4 -2
right_child=2 3 5 -5 -6 -7 -8
leaf_value=0.00087765928072201186 -0.00086531363705857412 0.00039652941417098398 -0.0046351791202676922 -0.00057576338265237839 -0.00035062814209144323 -0.0020437664322634887 0.0012672279743813652
leaf_weight=16602.857342951 1474.7980151176453 7201.8775833845139 509.82863260805607 12843.495032809675 2574.9267876893282 2638.3091492727399 472.68165427446365
leaf_count=53524 4622 23256 1471 39596 8192 7820 1471
internal_value=1.49238e-05 0.000232512 -0.0016577 -0.000225938 0.000712211 -0.00246795 -0.000342198
internal_weight=44318.8 39223.2 5095.62 20045.4 19177.8 3148.14 1947.48
internal_count=139952 124568 15384 62852 61716 9291 6093
is_linear=0
shrinkage=0.01


Tree=59
num_leaves=8
num_cat=0
split_feature=0 21 42 41 3 2 36
split_gain=260.081 79.0494 54.0672 43.0747 41.423 29.2114 24.5798
threshold=0.95147910714149486 0.014353936538100244 0.77955004572868358 -1.3570759296417234 0.3611403107643128 0.61633989214897167 0.37858463823795324
decision_type=2 2 2 2 2 2 2
left_child=1 4 5 -3 -1 -2 -4
right_child=2 3 6 -5 -6 -7 -8
leaf_value=0.001037806009767933 -0.0013598902480835631 -0.0023756505404290544 -0.0013827953541255213 2.6823108237318624e-05 -0.00046900752164115845 -1.4636622302193319e-05 -0.0030497222638528909
leaf_weight=16751.572417698801 4108.4050442427397 786.10092671215534 1580.849638402462 14265.561427339911 2037.1089008003473 2683.3027809262276 2105.2189614325762
leaf_count=53986 12899 2485 4671 45020 6659 8130 6102
internal_value=1.47666e-05 0.00044126 -0.00136165 -9.81357e-05 0.000873886 -0.000829953 -0.00233811
internal_weight=44318.1 33840.3 10477.8 15051.7 18788.7 6791.71 3686.07
internal_count=139952 108150 31802 47505 60645 21029 10773
is_linear=0
shrinkage=0.01


Tree=60
num_leaves=8
num_cat=0
split_feature=0 16 0 21 5 42 5
split_gain=236.997 67.6796 55.7694 38.5623 36.3579 29.4493 19.226
threshold=0.84667325019836437 -0.68535977602004994 1.4937282800674441 0.028405202552676204 -0.23189226537942884 0.058990372344851501 -0.53184416890144337
decision_type=2 2 2 2 2 2 2
left_child=1 5 4 -3 -2 -1 -4
right_child=2 3 6 -5 -6 -7 -8
leaf_value=0.00034908595094083216 -0.00022364893151713598 0.0011094269345672961 -0.0017462274639307471 0.00022388345782304819 -0.0014880332874713678 -0.00067153033649523688 -0.0034734467798637593
leaf_weight=5414.2657551914454 4736.0468125939369 13106.606902100146 1598.1016368940473 7921.8168010190129 4413.8233672603965 5899.2570961043239 1131.6198264211416
leaf_count=17780 14320 42339 4722 25015 13758 18407 3456
internal_value=-2.74562e-06 0.000440712 -0.00121083 0.000776327 -0.000834766 -0.000182227 -0.00246693
internal_weight=44221.5 32341.9 11879.6 21028.4 9149.87 11313.5 2729.72
internal_count=139797 103541 36256 67354 28078 36187 8178
is_linear=0
shrinkage=0.01


Tree=61
num_leaves=8
num_cat=0
split_feature=46 8 29 8 22 46 46
split_gain=172.867 96.7868 55.4912 54.675 40.1805 30.9818 15.1012
threshold=1.2812070846557619 -0.029031472280621525 1.1587994098663332 0.56383121013641369 -0.17330306023359296 1.6455309987068178 1.7133846879005434
decision_type=2 2 2 2 2 2 2
left_child=1 4 -3 5 -1 -2 -5
right_child=3 2 -4 6 -6 -7 -8
leaf_value=0.0011739377974937383 -0.00035543139442804152 -3.6720351977578084e-06 -0.0014115727684165017 -0.0024701809857374528 0.00024297834134858401 -0.0024813493792364113 -0.0047664444340313706
leaf_weight=10349.943327330053 2919.1793292686343 16038.222828052938 3394.185941837728 1805.0381070300937 8455.6740182638168 901.57894353568554 356.98021078109741
leaf_count=33915 9018 50004 10399 5333 27346 2753 1029
internal_value=-2.7219e-06 0.000244376 -0.000250159 -0.00158346 0.000755912 -0.000860216 -0.00285598
internal_weight=44220.8 38238 19432.4 5982.78 18805.6 3820.76 2162.02
internal_count=139797 121664 60403 18133 61261 11771 6362
is_linear=0
shrinkage=0.01


Tree=62
num_leaves=8
num_cat=0
split_feature=46 42 14 11 29 46 46
split_gain=169.451 78.967 73.0259 54.9752 40.2255 37.4511 21.2212
threshold=1.2812070846557619 0.15003383159637454 -0.1862484589219093 0.027160410769283775 -0.74059465527534474 1.6089237928390505 1.7133846879005434
decision_type=2 2 2 2 2 2 2
left_child=1 4 -3 5 -1 -2 -5
right_child=3 2 -4 6 -6 -7 -8
leaf_value=0.0012170580837344972 0.0001049966455491349 -0.00081019013729813339 0.00051517771107923121 -0.0021756396399163747 0.00031320044750829536 -0.0022953532208010879 -0.0045659919291248224
leaf_weight=7887.1683152839541 2122.2915735468268 10054.039981350303 7077.9984628036618 2478.7956222966313 13218.489858262241 931.41498254239559 449.78997667133808
leaf_count=25830 6638 30993 22076 7321 42765 2876 1298
internal_value=-2.70395e-06 0.000241932 -0.000262041 -0.00156782 0.000651487 -0.000624375 -0.00254761
internal_weight=44220 38237.7 17132 5982.29 21105.7 3053.71 2928.59
internal_count=139797 121664 53069 18133 68595 9514 8619
is_linear=0
shrinkage=0.01


Tree=63
num_leaves=8
num_cat=0
split_feature=21 21 5 33 13 19 5
split_gain=135.97 61.9676 54.1107 36.3647 24.9237 23.8251 20.5731
threshold=0.014353936538100244 1.5553131699562075 -0.16468615084886548 1.0223836302757265 -0.69746908545494068 0.69836518168449413 -2.0326180458068843
decision_type=2 2 2 2 2 2 2
left_child=3 2 -2 6 -3 -5 -1
right_child=1 4 -4 5 -6 -7 -8
leaf_value=-0.001412688917069716 9.3879517850444506e-05 -8.301888342006812e-05 -0.00095694593211886729 -0.00010410991734623313 -0.0025316360340183744 -0.0026640900153008231 0.0007681493909509799
leaf_weight=438.84957482665777 11312.195542395115 535.20429603755474 8623.8258172273636 2331.2810256108642 2004.8403205871582 431.90832981467247 18541.12123067677
leaf_count=1401 34862 1647 27374 7405 5941 1370 59797
internal_value=-2.67658e-06 -0.000548292 -0.000360205 0.000560869 -0.00201987 -0.000508692 0.000717126
internal_weight=44219.2 22476.1 19936 21743.2 2540.04 2763.19 18980
internal_count=139797 69824 62236 69973 7588 8775 61198
is_linear=0
shrinkage=0.01


Tree=64
num_leaves=7
num_cat=0
split_feature=17 7 14 2 4 36
split_gain=106.193 69.7459 63.5056 48.0244 45.4406 36.8837
threshold=1.5815500020980837 0.061303757131099708 -0.16491108387708661 -1.9631665349006651 1.3261910080909731 0.1762635409832001
decision_type=2 2 2 2 2 2
left_child=1 4 -3 -2 -1 -5
right_child=3 2 -4 5 -6 -7
leaf_value=0.00061563188166665803 0.0034167447405705946 -0.00071170964072090367 0.00053358228265145856 -0.00072930020340460924 -0.0020969642127773654 -0.0027100326062843415
leaf_weight=21097.461283549666 183.02915684878826 12373.09855106473 6111.3021623641253 1765.6932339817286 633.66848296672106 2054.523909561336
leaf_count=68443 582 38232 19045 5409 2055 6031
internal_value=-2.65824e-06 0.000151745 -0.000299444 -0.0015559 0.000535981 -0.00179759
internal_weight=44218.8 40215.5 18484.4 4003.25 21731.1 3820.22
internal_count=139797 127775 57277 12022 70498 11440
is_linear=0
shrinkage=0.01


Tree=65
num_leaves=8
num_cat=0
split_feature=0 8 30 0 3 11 23
split_gain=240.426 69.9598 45.5153 38.113 32.0843 29.7233 13.6221
threshold=1.1251554489135744 -0.2469082102179527 0.65804550051689159 -1.5826877355575559 0.3611403107643128 -0.63948124647140492 0.53828406333923351
decision_type=2 2 2 2 2 2 2
left_child=1 4 5 -3 -1 -2 -4
right_child=2 3 6 -5 -6 -7 -8
leaf_value=0.0010307566302273975 0.00047531589378761523 0.001850818743192653 -0.0016661005266930557 -0.00012568801702307879 -0.00028424599362472858 -0.0013654334875814365 -0.0029951241917201927
leaf_weight=14202.331930927932 1160.1146927624941 1027.57075548172 1373.6492487490177 18901.599325433373 2120.6256504878402 3502.8606570661068 1925.7574423328042
leaf_count=46343 3664 3201 4228 59162 7013 10488 5678
internal_value=2.80763e-05 0.000373898 -0.00154502 -2.31876e-05 0.000859296 -0.00090532 -0.00244551
internal_weight=44214.5 36252.1 7962.38 19929.2 16323 4662.98 3299.41
internal_count=139777 115719 24058 62363 53356 14152 9906
is_linear=0
shrinkage=0.01


Tree=66
num_leaves=8
num_cat=0
split_feature=0 8 20 5 5 0 20
split_gain=235.66 68.5681 41.8826 35.1512 29.8448 25.9763 25.3203
threshold=1.1251554489135744 -0.2469082102179527 1.2415230870246889 -0.18192312121391294 -3.5557948350906368 1.3698309659957888 1.6817995309829714
decision_type=2 2 2 2 2 2 2
left_child=1 6 -3 4 -2 -5 -1
right_child=3 2 -4 5 -6 -7 -8
leaf_value=0.00091359803121000144 -0.0043178104879757146 0.00015375434193864589 -0.0012091589094439632 -0.0014202228153895372 -0.00077103327725454296 -0.0032099733600609733 -0.0016213156135014154
leaf_weight=15922.314249299467 251.54888311028481 17338.736507482827 2590.4322716668248 1650.5932119041681 4403.8561542481184 1655.8117175996304 400.37519727647305
leaf_count=52066 705 54536 7827 5124 13173 5056 1290
internal_value=2.77885e-05 0.00037016 -2.29498e-05 -0.0015297 -0.000965713 -0.00232023 0.000850712
internal_weight=44213.7 36251.9 19929.2 7961.81 4655.41 3306.4 16322.7
internal_count=139777 115719 62363 24058 13878 10180 53356
is_linear=0
shrinkage=0.01


Tree=67
num_leaves=8
num_cat=0
split_feature=17 8 18 7 4 7 13
split_gain=112.655 87.5106 53.4285 49.2584 45.8645 24.9949 18.6374
threshold=1.5978592038154604 0.3256817907094956 -0.49410161375999445 1.8851803541183474 1.1108436584472658 0.024839428253471855 1.4848999977111819
decision_type=2 2 2 2 2 2 2
left_child=1 4 6 -3 -1 -4 -2
right_child=2 3 5 -5 -6 -7 -8
leaf_value=0.00065670970102949715 0.001286811242296064 -0.0005084365733472897 -0.0010587866235925079 0.001741046871392803 -0.0018223722325400246 -0.0029692140412943568 -0.0024613988462861012
leaf_weight=22847.589487925172 699.9925445318222 15734.628576911986 1124.0562665462494 1035.0165407210588 768.52014750242233 1841.5939806252718 161.41405899822712
leaf_count=73979 2194 48643 3416 3222 2471 5347 505
internal_value=2.74971e-05 0.000183122 -0.00161178 -0.000368907 0.000575538 -0.00224909 0.00057082
internal_weight=44212.8 40385.8 3827.06 16769.6 23616.1 2965.65 861.407
internal_count=139777 128315 11462 51865 76450 8763 2699
is_linear=0
shrinkage=0.01


Tree=68
num_leaves=8
num_cat=0
split_feature=20 29 11 23 15 5 29
split_gain=121.222 73.0081 42.4424 37.0988 31.5885 23.042 23.0353
threshold=1.2415230870246889 1.1723853349685671 -0.28638102114200586 0.30597877502441412 -0.44043409824371332 -0.049027064815163605 1.4060021042823794
decision_type=2 2 2 2 2 2 2
left_child=1 4 -3 6 -1 -5 -2
right_child=3 2 -4 5 -6 -7 -8
leaf_value=-9.5069957326921018e-05 0.00039273432667066377 0.00021408851076312407 -0.0013625072679487799 -0.0011764149071261032 0.00065324042885057498 -0.0026529145364982301 -0.0029494595153428415
leaf_weight=7469.786257147789 1731.1605359092355 3027.9791947379708 3885.4330971613526 3568.9754537343979 22762.698472805321 1533.1417192220688 233.08316335082054
leaf_count=23854 5425 9751 11990 10592 72802 4659 704
internal_value=2.72144e-05 0.000255825 -0.000670603 -0.00117298 0.000468021 -0.00162248 -7.11931e-08
internal_weight=44212.3 37145.9 6913.41 7066.36 30232.5 5102.12 1964.24
internal_count=139777 118397 21741 21380 96656 15251 6129
is_linear=0
shrinkage=0.01


Tree=69
num_leaves=8
num_cat=0
split_feature=21 17 29 9 17 7 17
split_gain=135.694 83.8666 41.8792 40.6519 32.1601 27.0031 14.935
threshold=0.28001204133033758 1.5978592038154604 1.4614400267601015 0.34184025228023535 -0.13136245310306546 -0.025175506249070164 -0.54095658659934986
decision_type=2 2 2 2 2 2 2
left_child=2 3 4 -2 -1 -3 -4
right_child=1 5 6 -5 -6 -7 -8
leaf_value=0.00026720705078040732 -4.2566334141331217e-06 -0.00088912814641629162 -0.002890765484982797 -0.0010755619063022553 0.0010057781154818532 -0.0030110318901675416 -0.0004979467217517972
leaf_weight=13044.484888277948 11335.290859848261 950.52853515744209 402.34820123016834 5163.4613610580564 10832.172566600144 1705.3492724597454 778.08059553802013
leaf_count=42312 35679 2887 1297 15752 34501 4915 2434
internal_value=2.69342e-05 -0.000606446 0.000511519 -0.000340184 0.000602723 -0.00225599 -0.00132376
internal_weight=44211.7 19154.6 25057.1 16498.8 23876.7 2655.88 1180.43
internal_count=139777 59233 80544 51431 76813 7802 3731
is_linear=0
shrinkage=0.01


Tree=70
num_leaves=7
num_cat=0
split_feature=0 8 46 46 30 30
split_gain=209.86 96.3304 51.2682 35.8534 25.5587 22.0725
threshold=1.3698309659957888 0.3256817907094956 -0.86988708376884449 -0.86988708376884449 -1.2817769050598142 0.69737371802330028
decision_type=2 2 2 2 2 2
left_child=1 2 -1 -3 -2 -6
right_child=4 3 -4 -5 5 -7
leaf_value=0.0013902044214825578 -0.0048568172650857461 0.00042101305199513387 0.00033512912660707404 -0.00065526497294052103 -0.0011465170039883475 -0.0026307065422891567
leaf_weight=6296.7739908993244 314.62063528597355 4136.4728716686368 17298.26270595938 12183.694980196655 2082.1069334447384 2000.0749645531178
leaf_count=20524 894 12912 55921 37560 6327 5935
internal_value=-1.97473e-05 0.000208447 0.000617166 -0.000381852 -0.0020932 -0.00187661
internal_weight=44312 39915.2 23595 16320.2 4396.8 4082.18
internal_count=140073 126917 76445 50472 13156 12262
is_linear=0
shrinkage=0.01


Tree=71
num_leaves=8
num_cat=0
split_feature=0 0 16 22 22 22 16
split_gain=205.718 57.0937 45.4324 23.4688 22.3795 22.0429 18.1226
threshold=1.3698309659957888 0.49345497786998754 -0.68535977602004994 0.51890122890472423 1.807968854904175 1.1184026002883913 0.87833949923515331
decision_type=2 2 2 2 2 2 2
left_child=1 2 -1 6 -5 -3 -2
right_child=3 5 -4 4 -6 -7 -8
leaf_value=-8.4698201168912306e-05 -0.0015398772838630306 -0.0006106749118530261 0.00075499520790682203 0.00055689391157054272 -0.0020020968792127058 0.00039948497602397933 -0.0031838099069451996
leaf_weight=10021.731709301472 1096.2548869103193 9132.7642533779144 17944.300956316292 551.62166132032871 874.81140202283859 2816.0527113378048 1873.5978809893131
leaf_count=32062 3380 28567 57616 1694 2549 8672 5533
internal_value=-1.9552e-05 0.000206367 0.000453738 -0.00207258 -0.0010058 -0.000371754 -0.00258108
internal_weight=44311.1 39914.8 27966 4396.29 1426.43 11948.8 2969.85
internal_count=140073 126917 89678 13156 4243 37239 8913
is_linear=0
shrinkage=0.01


Tree=72
num_leaves=8
num_cat=0
split_feature=24 7 33 4 7 26 9
split_gain=122.469 55.941 73.6369 36.9623 36.0427 20.9019 14.8912
threshold=1.4604497551918032 -0.012237140443176029 0.68988659977912914 1.3261910080909731 -0.17001743614673612 1.095429599285126 0.32814590632915502
decision_type=2 2 2 2 2 2 2
left_child=1 3 -3 -1 5 -2 -6
right_child=4 2 -4 -5 6 -7 -8
leaf_value=0.00058422155620006886 -0.001176077462601152 0.00014164194810354884 -0.0012170091371831563 -0.0018527993891485385 -0.0019455582143414038 0.001565684273847055 -0.0036945368595913829
leaf_weight=19958.363904848695 1128.5703328549862 14335.955829896033 5521.137835174799 639.61105940490961 1630.6164642572403 365.5628500431776 730.60300137102604
leaf_count=64908 3492 44719 16794 2089 4806 1130 2135
internal_value=-1.93605e-05 0.000142722 -0.000235661 0.000507975 -0.00172232 -0.000497976 -0.00249229
internal_weight=44310.4 40455.1 19857.1 20598 3855.35 1494.13 2361.22
internal_count=140073 128510 61513 66997 11563 4622 6941
is_linear=0
shrinkage=0.01


Tree=73
num_leaves=8
num_cat=0
split_feature=6 23 22 22 33 33 25
split_gain=115.043 107.647 60.5008 103.513 47.5037 37.738 31.9619
threshold=0.049410911276936538 0.67377811670303356 1.1184026002883913 -0.094552963972091661 0.44567200541496282 0.62010070681571972 1.7386265993118288
decision_type=2 2 2 2 2 2 2
left_child=2 5 3 -1 -3 -2 -4
right_child=1 4 6 -5 -6 -7 -8
leaf_value=0.00067680538286777779 0.00042893475773221954 -0.00072647242433058741 0.0018212518659351308 -0.000981521134117466 -0.0021896794251244148 -0.00079282450986233434 -0.0023676384828772868
leaf_weight=14244.265016339719 8469.211440615356 5015.7904852926731 3657.2172079384327 5111.6157101169229 4021.7267604246736 3601.116758979857 188.82582640647888
leaf_count=46431 26450 15362 11809 16513 11900 11016 592
internal_value=-1.91712e-05 -0.000553594 0.000466589 0.00023832 -0.00137888 6.35656e-05 0.00161243
internal_weight=44309.8 21107.8 23201.9 19355.9 9037.52 12070.3 3846.04
internal_count=140073 64728 75345 62944 27262 37466 12401
is_linear=0
shrinkage=0.01


Tree=74
num_leaves=8
num_cat=0
split_feature=24 6 15 3 6 15 45
split_gain=118.958 62.7117 63.2557 42.5947 40.1435 22.474 9.01709
threshold=1.4604497551918032 0.061881264671683318 -0.22935759276151654 0.3611403107643128 -0.13402477651834485 -0.83894598484039296 1.0589386820793154
decision_type=2 2 2 2 2 2 2
left_child=1 3 -3 -1 6 -6 -2
right_child=4 2 -4 -5 5 -7 -8
leaf_value=0.00067581800857168905 -0.0005352072933039754 -0.00073128234119924072 0.00049474936663020791 -0.0005862546929723565 0.00078871404371003411 -0.0025574860450027696 0.0016322455710577996
leaf_weight=19055.795612871647 751.47724075615406 11752.049369618297 6545.0633333623409 3101.4024366885424 211.99500423669815 2634.7175186350942 256.56912426650524
leaf_count=61956 2361 36148 20271 10135 631 7784 787
internal_value=-1.89831e-05 0.000140748 -0.000292169 0.000498693 -0.0016975 -0.00230459 7.61586e-06
internal_weight=44309.1 40454.3 18297.1 22157.2 3854.76 2846.71 1008.05
internal_count=140073 128510 56419 72091 11563 8415 3148
is_linear=0
shrinkage=0.01


Tree=75
num_leaves=8
num_cat=0
split_feature=0 46 46 38 11 10 28
split_gain=203.201 74.6605 59.3827 49.3616 40.1312 19.8132 18.7977
threshold=1.1251554489135744 -0.85546141862869252 1.5915461778640749 0.24284462630748752 -0.52495723962783802 1.6341761946678164 1.3925746083259585
decision_type=2 2 2 2 2 2 2
left_child=1 5 4 -3 -2 -1 -4
right_child=2 3 6 -5 -6 -7 -8
leaf_value=0.0011239527095617975 0.00028801329190566917 0.00042933975603643505 -0.0039089459438708023 -0.00044163983333927472 -0.0014904108162821731 -0.0019050812308249543 -0.0014123791829687056
leaf_weight=9769.0031441897154 1718.4961612299085 14602.387394472957 1101.3048327714205 11731.739471003413 4752.8147202059627 217.54608123004436 437.12587575614452
leaf_count=31354 5385 46238 3272 37639 14254 699 1263
internal_value=2.37516e-06 0.000320548 -0.00143901 4.09404e-05 -0.00101662 0.00105678 -0.00320745
internal_weight=44330.4 36320.7 8009.74 26334.1 6471.31 9986.55 1538.43
internal_count=140104 115930 24174 83877 19639 32053 4535
is_linear=0
shrinkage=0.01


Tree=76
num_leaves=8
num_cat=0
split_feature=24 29 11 6 6 47 2
split_gain=126.989 88.7627 41.9453 39.2099 38.5445 29.4616 11.6897
threshold=1.356793284416199 1.2137043476104739 0.19103896617889407 -0.062897916883230195 -0.14621882140636441 0.62265637516975414 1.4116467237472536
decision_type=2 2 2 2 2 2 2
left_child=1 3 -3 -1 6 -6 -2
right_child=4 2 -4 -5 5 -7 -8
leaf_value=0.00074847132317245213 -0.00056190304614534546 -0.00016080748701018436 -0.0017916672552443333 5.3916246760139872e-05 -0.001414405202297786 -0.003366948447733391 0.0015365201039439628
leaf_weight=16774.335573732853 1045.2434301972389 3635.9640682712197 2804.8821222484112 15832.399595163763 2793.271354213357 1088.9380624145269 354.52277831733227
leaf_count=54839 3332 11612 8555 49169 8240 3295 1062
internal_value=2.34286e-06 0.00019943 -0.00087274 0.000411545 -0.00145252 -0.00196538 -2.2573e-05
internal_weight=44329.6 39047.6 6440.85 32606.7 5281.98 3882.21 1399.77
internal_count=140104 124175 20167 104008 15929 11535 4394
is_linear=0
shrinkage=0.01


Tree=77
num_leaves=8
num_cat=0
split_feature=46 6 23 22 6 47 12
split_gain=157.532 87.62 84.5423 50.4965 16.0352 21.2922 12.0363
threshold=1.6089237928390505 0.049410911276936538 0.66027304530143749 0.8453870713710786 -0.40019807219505305 0.79618763923645031 -0.27224312722682947
decision_type=2 2 2 2 2 2 2
left_child=1 3 -3 -1 6 -6 -2
right_child=4 2 -4 -5 5 -7 -8
leaf_value=0.00033706043111503731 3.1681451976750836e-05 0.00019670363408632024 -0.0011209464808049675 0.0015889125520397156 -0.0026188850770576966 -0.0054588315794649525 -0.0032084317114892632
leaf_weight=18590.868772402406 284.90036806464195 11614.489303685725 8371.2285124734044 3907.4034017398953 999.49127638339996 376.0867183804512 184.33959475159645
leaf_count=60494 899 36073 25354 12660 2928 1127 569
internal_value=2.31147e-06 0.00012679 -0.000354736 0.000554982 -0.00285739 -0.003406 -0.00122404
internal_weight=44328.8 42484 19985.7 22498.3 1844.82 1375.58 469.24
internal_count=140104 134581 61427 73154 5523 4055 1468
is_linear=0
shrinkage=0.01


Tree=78
num_leaves=8
num_cat=0
split_feature=0 8 9 46 46 30 40
split_gain=195.818 81.4641 73.3782 56.5166 47.0566 32.3638 14.7001
threshold=1.1251554489135744 0.34153342247009283 1.8718717694282534 1.5915461778640749 -0.44952882826328272 0.59479007124900829 -0.56263589859008778
decision_type=2 2 2 2 2 2 2
left_child=1 4 -3 5 -1 -2 -5
right_child=3 2 -4 6 -6 -7 -8
leaf_value=0.0012615355993708635 -0.00043276283014166467 -0.00056340028166547581 0.0014286539031031994 -0.0048215894974005108 0.00031457929522220806 -0.0018877127200826271 -0.0025378349564935771
leaf_weight=8890.7166876122355 3952.4059049263597 12357.376177981496 2171.6487412005663 398.35275913774967 12900.021097056568 2518.3654439523816 1139.101788520813
leaf_count=29069 12034 38304 6851 1203 41706 7605 3332
internal_value=2.28363e-06 0.00031461 -0.000264883 -0.00141282 0.000701441 -0.00100077 -0.0031388
internal_weight=44328 36319.8 14529 8008.23 21790.7 6470.77 1537.45
internal_count=140104 115930 45155 24174 70775 19639 4535
is_linear=0
shrinkage=0.01


Tree=79
num_leaves=8
num_cat=0
split_feature=8 9 20 33 4 8 33
split_gain=111.678 87.6954 73.8113 52.4024 40.1021 27.0424 20.2825
threshold=0.3256817907094956 1.8301765322685244 1.2699514627456667 0.68988659977912914 1.1108436584472658 -0.71748352050781239 -1.1565912365913389
decision_type=2 2 2 2 2 2 2
left_child=2 3 4 -2 -1 -4 -3
right_child=1 6 5 -5 -6 -7 -8
leaf_value=0.00072908038828299658 -0.00047562765671545221 0.002812513938354212 6.5403752274924507e-05 -0.0017081668114299609 -0.0015564836252321458 -0.0016641053563950189 0.00063707904711628855
leaf_weight=21306.727196790278 10813.385717466474 541.82037688791752 1620.5328207686543 5089.8587796315551 792.79284907132387 2013.385197237134 2148.4677154049277
leaf_count=69168 33417 1725 5096 15295 2549 6135 6719
internal_value=2.25229e-06 -0.000588 0.00042913 -0.000870815 0.000646569 -0.00089028 0.00107981
internal_weight=44327 18593.5 25733.4 15903.2 22099.5 3633.92 2690.29
internal_count=140104 57156 82948 48712 71717 11231 8444
is_linear=0
shrinkage=0.01


Tree=80
num_leaves=8
num_cat=0
split_feature=46 21 33 46 16 21 9
split_gain=150.733 76.3715 41.8551 37.4448 29.9303 25.4402 20.995
threshold=1.2673068642616274 -0.17539674788713452 -0.34332677721977228 1.5589362978935244 0.33568327128887182 1.7559852600097658 0.57706609368324291
decision_type=2 2 2 2 2 2 2
left_child=1 4 -3 6 -1 -5 -2
right_child=3 2 -4 5 -6 -7 -8
leaf_value=0.00039026213059698841 -0.00037671551932693125 0.00041769010402799376 -0.00053560590359995059 -0.0019867762344416128 0.0012201964246269751 -0.0049639111460893391 -0.0021152785865124132
leaf_weight=11325.719522126019 2826.3990932255983 7287.4103377386928 12482.01231905818 2061.7300823032856 7105.3585074320436 340.68365913629532 929.62173330783844
leaf_count=36756 8665 23122 38974 6254 22778 983 2806
internal_value=1.33441e-05 0.000247631 -0.000183692 -0.00143811 0.000710801 -0.00241501 -0.000810123
internal_weight=44358.9 38200.5 19769.4 6158.43 18431.1 2402.41 3756.02
internal_count=140338 121630 62096 18708 59534 7237 11471
is_linear=0
shrinkage=0.01


Tree=81
num_leaves=8
num_cat=0
split_feature=0 21 0 20 17 31 2
split_gain=200.226 71.389 67.3717 59.4501 48.0971 45.0812 21.4763
threshold=0.57661530375480663 -0.49303698539733881 1.4098842740058901 0.80814969539642345 -0.15902414917945859 0.16378755122423175 0.64651051163673412
decision_type=2 2 2 2 2 2 2
left_child=1 4 5 -3 -1 -2 -4
right_child=2 3 6 -5 -6 -7 -8
leaf_value=0.00053655526299747696 9.3369486992969571e-05 0.0004932427291770954 -0.0028866713920557125 -0.00077444543904721592 0.0018095756443935087 -0.0011575142159541447 -0.0013711296485016083
leaf_weight=6915.1931263655424 5806.7507649511099 11365.215939864516 1730.5124905854464 5481.1774690970778 5241.3391530141234 5690.7512292638421 2127.1881273239851
leaf_count=22564 18301 36515 5319 17045 16892 17437 6265
internal_value=1.32022e-05 0.000502276 -0.000909883 8.017e-05 0.00108635 -0.000524939 -0.00205414
internal_weight=44358.1 29002.9 15355.2 16846.4 12156.5 11497.5 3857.7
internal_count=140338 93016 47322 53560 39456 35738 11584
is_linear=0
shrinkage=0.01


Tree=82
num_leaves=8
num_cat=0
split_feature=46 6 14 6 47 29 46
split_gain=145.878 81.4453 80.36 48.5911 44.4539 40.5889 17.2887
threshold=1.2673068642616274 0.36402790248394018 -0.14325059950351712 -0.33218821883201594 -0.081364035606384263 -0.72993439435958851 1.5589362978935244
decision_type=2 2 2 2 2 2 2
left_child=1 5 -3 6 -5 -1 -2
right_child=3 2 -4 4 -6 -7 -8
leaf_value=0.001117372952373913 0.0004743030910451536 -0.00084977751400044574 0.0008196467658385814 -0.00089120153555827979 -0.0029930712102886211 0.0002729199726922715 -0.0014809566944223665
leaf_weight=9209.1895344778895 1390.0050075575709 9913.2872003540397 4059.8112027272582 1856.542748875916 2243.6903685480356 15017.398085102439 667.26935625076294
leaf_count=30089 4379 30449 12562 5490 6742 48530 2097
internal_value=1.30674e-05 0.000243544 -0.000363995 -0.00141493 -0.00204425 0.000594365 -0.000155431
internal_weight=44357.2 38199.7 13973.1 6157.51 4100.23 24226.6 2057.27
internal_count=140338 121630 43011 18708 12232 78619 6476
is_linear=0
shrinkage=0.01


Tree=83
num_leaves=8
num_cat=0
split_feature=0 24 0 8 9 21 2
split_gain=194.518 69.7243 65.1975 57.8311 29.0352 25.2689 21.082
threshold=0.57661530375480663 1.1821891069412234 1.4098842740058901 0.3256817907094956 -0.34017363190650934 1.6425848603248598 0.64651051163673412
decision_type=2 2 2 2 2 2 2
left_child=1 3 4 -1 -2 -3 -4
right_child=2 5 6 -5 -6 -7 -8
leaf_value=0.0010650690682513023 5.3523924909499144e-05 -0.00053149364183478363 -0.0028477049494773916 9.5463214978413696e-05 -0.00095850782414710911 -0.0032220517821516022 -0.0013459457121957684
leaf_weight=15261.540420494974 4992.0044658705592 2998.4531760662794 1730.0794408768415 10345.046391360462 6505.2503507435322 397.16561153531075 2126.7727285921574
leaf_count=49979 15733 9401 5319 32445 20005 1191 6265
internal_value=1.29338e-05 0.000494988 -0.000896934 0.000673758 -0.000518257 -0.000849993 -0.00202275
internal_weight=44356.3 29002.2 15354.1 25606.6 11497.3 3395.62 3856.85
internal_count=140338 93016 47322 82424 35738 10592 11584
is_linear=0
shrinkage=0.01


Tree=84
num_leaves=8
num_cat=0
split_feature=0 21 0 6 6 15 46
split_gain=190.654 69.1215 63.9172 53.521 40.1012 26.237 22.1355
threshold=0.57661530375480663 -0.49303698539733881 1.4098842740058901 0.10989993438124658 -0.087132479995489107 0.43968591094017034 1.7750096321105959
decision_type=2 2 2 2 2 2 2
left_child=1 5 4 -3 -2 -1 -4
right_child=2 3 6 -5 -6 -7 -8
leaf_value=0.0012709759809455734 8.3319866691724241e-05 0.00063277511563087263 -0.0017385425975154282 -0.00049437962352266631 -0.0010963673483315596 1.2973435889842859e-05 -0.0042401676832364331
leaf_weight=10155.295909136534 5676.7323781624436 8513.7417625635862 3454.5790692865849 8332.1767710149288 5820.4371202141047 2000.5583043843508 401.7933269739151
leaf_count=32951 18067 27780 10411 25780 17671 6505 1173
internal_value=1.27962e-05 0.000490041 -0.000888007 7.46821e-05 -0.00051307 0.00106478 -0.00200281
internal_weight=44355.3 29001.8 15353.5 16845.9 11497.2 12155.9 3856.37
internal_count=140338 93016 47322 53560 35738 39456 11584
is_linear=0
shrinkage=0.01


Tree=85
num_leaves=8
num_cat=0
split_feature=6 33 3 26 42 29 6
split_gain=121.581 91.7658 47.0132 51.4937 43.738 27.5823 26.3659
threshold=0.049410911276936538 -0.34332677721977228 0.17482208460569384 0.55230623483657848 0.5321960747241975 1.4872929453849795 2.0233963727951054
decision_type=2 2 2 2 2 2 2
left_child=2 6 5 -4 -3 -1 -2
right_child=1 4 3 -5 -6 -7 -8
leaf_value=0.00083175143217581113 0.00020673546588477362 -0.00041178502814077564 -0.0013045707088333424 0.00093398508954567309 -0.0015669013664846804 -0.00095047551592038139 0.0029278614687164028
leaf_weight=18082.853126831353 7510.7556673884392 6214.0927355512977 2579.9036217927933 1701.9191397428513 7008.1158961057663 906.18091487139463 373.81592933833599
leaf_count=58639 23390 19300 8526 5456 20830 2880 1196
internal_value=3.38232e-05 -0.000515522 0.000532512 -0.000412455 -0.00102486 0.000746129 0.00033737
internal_weight=44377.6 21106.8 23270.9 4281.82 13222.2 18989 7884.57
internal_count=140217 64716 75501 13982 40130 61519 24586
is_linear=0
shrinkage=0.01


Tree=86
num_leaves=8
num_cat=0
split_feature=0 46 30 24 30 30 19
split_gain=171.334 72.3674 51.5051 45.8324 24.4144 23.3537 15.7013
threshold=0.90010043978691112 -0.76221302151679982 0.65804550051689159 1.1821891069412234 1.8354021906852724 -1.2411255240440366 1.3504149913787844
decision_type=2 2 2 2 2 2 2
left_child=1 6 5 -3 -4 -2 -1
right_child=2 3 4 -5 -6 -7 -8
leaf_value=0.001160535968557161 -0.0021011871958805926 0.00027421615755666675 -0.0020751968816917926 -0.00094531858745841373 0.00079819586381069758 -0.00026607286957591514 -0.00077199357897862156
leaf_weight=10084.692113526165 787.71987454593182 18993.318803109229 4141.9607913643122 3675.9968342483044 312.66987935453653 5948.8196887746453 431.7490272372961
leaf_count=32473 2345 60852 12478 11432 986 18273 1378
internal_value=3.34833e-05 0.000394535 -0.00103621 7.59855e-05 -0.00187114 -0.000482421 0.00108018
internal_weight=44376.9 33185.8 11191.2 22669.3 4454.63 6736.54 10516.4
internal_count=140217 106135 34082 72284 13464 20618 33851
is_linear=0
shrinkage=0.01


Tree=87
num_leaves=8
num_cat=0
split_feature=6 33 14 23 5 29 39
split_gain=118.351 89.0216 44.1775 42.9649 32.0216 27.594 17.3375
threshold=0.049410911276936538 -0.34332677721977228 -0.13697093725204465 0.45624831318855291 -0.63617536425590504 -0.67522466182708729 1.100749731063843
decision_type=2 2 2 2 2 2 2
left_child=4 2 -2 -3 6 -6 -1
right_child=1 3 -4 -5 5 -7 -8
leaf_value=0.00085299483771569362 -0.00015419832677728156 -0.00039917771615238589 0.0014819172056501151 -0.0015445299617841365 0.00078639212825939184 -2.7317940875765854e-05 0.0021287493907924319
leaf_weight=4652.3879574239254 5540.0755270794034 6173.4050182551146 2344.4239856526256 7047.8890163227916 7025.6425726935267 10186.493691086769 1405.7481474280357
leaf_count=15019 17266 19028 7320 21102 23073 33000 4409
internal_value=3.31414e-05 -0.00050887 0.000331152 -0.00101056 0.000525168 0.000304267 0.00115098
internal_weight=44376.1 21105.8 7884.5 13221.3 23270.3 17212.1 6058.14
internal_count=140217 64716 24586 40130 75501 56073 19428
is_linear=0
shrinkage=0.01


Tree=88
num_leaves=8
num_cat=0
split_feature=0 20 42 8 2 23 11
split_gain=166.739 61.8302 41.2922 40.6701 32.2038 27.3185 25.7665
threshold=0.84667325019836437 1.2415230870246889 0.60867297649383556 0.29458150267601019 0.49140733480453497 -0.74507367610931385 -0.53769069910049427
decision_type=2 2 2 2 2 2 2
left_child=1 3 4 -1 -2 -3 -4
right_child=2 5 6 -5 -6 -7 -8
leaf_value=0.00087696606420148632 -0.0010590832828023058 0.0014381113903567499 0.00059716534044739204 0.00010925077247826027 0.00029886332904715737 -0.0011039162737739401 -0.0019501511398977453
leaf_weight=16947.495371699333 4264.9904631003737 479.29165528714657 431.18087294697762 11694.264256775379 2940.6077563241124 3371.953755185008 4245.5776989683509
leaf_count=55411 13431 1520 1320 36614 9011 10429 12481
internal_value=3.28089e-05 0.000403712 -0.000980555 0.000563876 -0.000503552 -0.000784671 -0.00171308
internal_weight=44375.4 32493 11882.4 28641.8 7205.6 3851.25 4676.76
internal_count=140217 103974 36243 92025 22442 11949 13801
is_linear=0
shrinkage=0.01


Tree=89
num_leaves=8
num_cat=0
split_feature=0 21 8 6 3 28 21
split_gain=163.494 65.2881 41.0806 40.9196 36.5591 34.2666 33.2843
threshold=0.90010043978691112 -0.039717577397823327 -0.11816779151558875 0.049410911276936538 0.34849473834037786 0.9772821068763734 1.7218838334083559
decision_type=2 2 2 2 2 2 2
left_child=1 4 -3 5 -1 -2 -5
right_child=3 2 -4 6 -6 -7 -8
leaf_value=0.00095317402054052847 -0.00073627417064246097 0.00046231134747222409 -0.00057978511383237504 -0.0013083947136635374 -0.00047547785501158202 0.0013724339310082815 -0.003868482750278407
leaf_weight=15972.390961967409 3809.9738953262568 7041.1824132427573 8164.0830172374845 5855.9672652482986 2006.9536747038364 962.78537036478519 561.10308930277824
leaf_count=51543 12034 22819 25191 17525 6582 2932 1591
internal_value=3.24835e-05 0.000385178 -9.65597e-05 -0.00101252 0.000793126 -0.000308602 -0.00153437
internal_weight=44374.4 33184.6 15205.3 11189.8 17979.3 4772.76 6417.07
internal_count=140217 106135 48010 34082 58125 14966 19116
is_linear=0
shrinkage=0.01


Tree=90
num_leaves=8
num_cat=0
split_feature=0 8 0 36 4 13 0
split_gain=140.524 76.9622 42.7602 34.4782 23.6194 18.4739 17.3636
threshold=0.84667325019836437 0.29458150267601019 -1.4908715486526487 0.37858463823795324 1.1108436584472658 -1.638735771179199 1.2094886302948
decision_type=2 2 2 2 2 2 2
left_child=1 4 -3 5 -1 -2 -5
right_child=3 2 -4 6 -6 -7 -8
leaf_value=0.00085792476328046003 0.0026551901209281724 0.0015376381457723348 -0.00038528565704154852 -0.00078051485955668684 -0.00096369074284909898 -0.00051473788202990216 -0.0019936273704531109
leaf_weight=18378.824323676527 187.23621632158756 1276.2517696321011 12103.489125460386 1976.9368571713567 734.53939590603113 6600.6769845411181 3063.5799298360944
leaf_count=60032 579 3957 37794 6105 2357 20316 9159
internal_value=4.01188e-05 0.000380067 -0.000201015 -0.000892838 0.000787349 -0.000425448 -0.00152007
internal_weight=44321.5 32493.1 13379.7 11828.4 19113.4 6787.91 5040.52
internal_count=140299 104140 41751 36159 62389 20895 15264
is_linear=0
shrinkage=0.01


Tree=91
num_leaves=8
num_cat=0
split_feature=0 46 5 23 42 17 46
split_gain=137.734 77.2517 38.6971 37.3142 35.0041 33.2574 27.3504
threshold=0.84667325019836437 -0.74833106994628895 -0.23189226537942884 1.1674310564994814 0.24170785397291186 -0.33230450749397272 1.5589362978935244
decision_type=2 2 2 2 2 2 2
left_child=1 5 4 -3 -2 -1 -4
right_child=2 3 6 -5 -6 -7 -8
leaf_value=0.00037993883442778362 0.00044199161446858119 0.00022933136559684982 -0.0012178246584363059 -0.00085270487270679477 -0.0010345030770786876 0.001534918896290744 -0.0032752338763517514
leaf_weight=4139.219443500042 2942.509736917913 18113.307668365538 4608.475685685873 3865.5513556525111 3516.0640854239464 6374.6916010677814 760.87618315219879
leaf_count=13408 9125 58185 14394 12060 10339 20487 2301
internal_value=3.97117e-05 0.000376268 -0.000883957 3.85422e-05 -0.000360303 0.00108125 -0.00151179
internal_weight=44320.7 32492.8 11827.9 21978.9 6458.57 10513.9 5369.35
internal_count=140299 104140 36159 70245 19464 33895 16695
is_linear=0
shrinkage=0.01


Tree=92
num_leaves=8
num_cat=0
split_feature=21 6 38 17 5 21 38
split_gain=113.236 75.8431 46.6234 44.2695 41.6821 33.6506 28.7811
threshold=1.0000000180025095e-35 0.024898590520024303 0.05138009041547776 -0.39016844332218165 -0.18192312121391294 -1.6097868680953977 0.18566025048494342
decision_type=2 2 2 2 2 2 2
left_child=3 4 -3 6 -2 -5 -1
right_child=1 2 -4 5 -6 -7 -8
leaf_value=0.00057955656615745052 0.0008772931578333908 -0.00038357784686982602 -0.0015880902336420017 0.0027797406868472208 -0.00042900130276594121 0.00082030317206965462 -0.00048176028594263353
leaf_weight=5434.0443429797888 4790.1581305712461 6803.1175540536642 6138.3175561502576 962.51464653015137 4972.1721376404166 10403.395184546709 4816.1307673454285
leaf_count=17592 15241 20550 18755 3103 16110 33274 15674
internal_value=3.93121e-05 -0.000453647 -0.000955747 0.000557536 0.000210968 0.000987347 7.99141e-05
internal_weight=44319.9 22703.8 12941.4 21616.1 9762.33 11365.9 10250.2
internal_count=140299 70656 39305 69643 31351 36377 33266
is_linear=0
shrinkage=0.01


Tree=93
num_leaves=8
num_cat=0
split_feature=21 30 5 17 21 30 3
split_gain=110.987 61.8559 55.1575 43.3908 32.9845 26.9735 21.5599
threshold=1.0000000180025095e-35 0.88594669103622448 -0.049027064815163605 -0.39016844332218165 -1.6097868680953977 1.5293921828269961 0.3611403107643128
decision_type=2 2 2 2 2 2 2
left_child=3 2 -2 6 -5 -3 -1
right_child=1 5 -4 4 -6 -7 -8
leaf_value=0.00022797366696943513 0.00035889803869101965 -0.0016421412698111838 -0.00081545167267874129 0.0027521827392666064 0.00081211018397930781 -3.3792834039141778e-05 -0.001340757058421328
leaf_weight=9284.5835696458817 9642.8158203139901 4891.8479968011379 6827.238465167582 962.4412789940834 10403.277241237462 1341.4451583921909 965.57788787782192
leaf_count=30051 29861 14861 21781 3103 33274 4153 3215
internal_value=3.89178e-05 -0.000449124 -0.000127311 0.000551972 0.000977502 -0.00129768 7.91054e-05
internal_weight=44319.2 22703.3 16470.1 21615.9 11365.7 6233.29 10250.2
internal_count=140299 70656 51642 69643 36377 19014 33266
is_linear=0
shrinkage=0.01


Tree=94
num_leaves=8
num_cat=0
split_feature=24 8 29 29 6 40 12
split_gain=105.485 78.057 53.8815 36.5469 29.3356 28.0535 26.095
threshold=1.3441605567932131 -0.029031472280621525 1.165567219257355 1.5672382712364199 0.09726771712303163 1.4478984475135805 -1.5968942046165464
decision_type=2 2 2 2 2 2 2
left_child=1 3 -3 -1 5 -2 -6
right_child=4 2 -4 -5 6 -7 -8
leaf_value=0.00075336947012757678 -0.00079422696724846089 3.217163616288506e-05 -0.0012992047335574279 -0.0017467495204355071 0.0014236626072536515 0.0024959037810705804 -0.0020125032129969999
leaf_weight=18609.409129671752 1506.1303345412016 15927.400993719697 3751.8938127756119 600.4367201924324 232.30938993394375 311.36787675321102 3379.8207136169076
leaf_count=60727 4731 49755 11468 1917 702 952 10047
internal_value=3.85268e-05 0.000221049 -0.000221203 0.000674617 -0.00126673 -0.000224011 -0.00178841
internal_weight=44318.8 38889.1 19679.3 19209.8 5429.63 1817.5 3612.13
internal_count=140299 123867 61223 62644 16432 5683 10749
is_linear=0
shrinkage=0.01


Tree=95
num_leaves=8
num_cat=0
split_feature=46 8 33 24 35 25 14
split_gain=137.828 87.7619 43.0063 33.2636 15.8833 12.7382 10.0343
threshold=1.5915461778640749 -0.029031472280621525 -1.4183124303817747 0.85352763533592235 0.22514670342206958 0.76614493131637584 -0.44504445791244501
decision_type=2 2 2 2 2 2 2
left_child=1 3 -3 -1 6 -6 -2
right_child=4 2 -4 -5 5 -7 -8
leaf_value=0.00082031894163705934 -0.003131737190784092 0.0011189596490429868 -0.00045630773758975732 -0.00011166666095119856 -0.0045958743990529086 -0.0024080067632587395 -0.00072489165271243041
leaf_weight=15724.501058638096 257.27164785563946 1896.6710196956992 19653.901096753776 5038.2455551400781 478.16023516654968 685.81338958442211 578.80716176331043
leaf_count=51498 787 5984 60652 15989 1442 2017 1785
internal_value=8.05149e-06 0.000129553 -0.000317159 0.000593689 -0.00255623 -0.00331854 -0.00148031
internal_weight=44313.4 42313.3 21550.6 20762.7 2000.05 1163.97 836.079
internal_count=140154 134123 66636 67487 6031 3459 2572
is_linear=0
shrinkage=0.01


Tree=96
num_leaves=8
num_cat=0
split_feature=0 42 38 30 30 17 3
split_gain=159.939 45.1429 57.8922 32.21 31.1964 30.8412 29.5631
threshold=1.1251554489135744 0.074383158236742034 0.23193800449371341 0.69737371802330028 1.6406509280204775 -0.5316806137561797 0.3611403107643128
decision_type=2 2 2 2 2 2 2
left_child=1 6 -3 5 -5 -2 -1
right_child=3 2 -4 4 -6 -7 -8
leaf_value=0.00075599353076484977 -0.002396937539884542 0.0003881207702888899 -0.00082526300278576415 -0.0024564003653402204 0.00031081839942250855 -0.00035099839912454108 -0.00039098809787543442
leaf_weight=17431.428588099778 916.43684893846512 9762.3515755012631 6578.754501208663 2747.5010552704334 470.68209447711706 3838.4293745681643 2566.9117013886571
leaf_count=56773 2834 30184 20659 8218 1467 11599 8420
internal_value=7.95758e-06 0.000289598 -9.97832e-05 -0.00127432 -0.0020486 -0.00074785 0.000608259
internal_weight=44312.5 36339.4 16341.1 7973.05 3218.18 4754.87 19998.3
internal_count=140154 116036 50843 24118 9685 14433 65193
is_linear=0
shrinkage=0.01


Tree=97
num_leaves=8
num_cat=0
split_feature=0 24 8 36 7 11 8
split_gain=156.769 71.3806 64.1034 48.6095 27.6838 16.797 14.64
threshold=1.1251554489135744 1.4748601913452151 0.27834427356719976 0.39384576678276068 0.061303757131099708 -0.82542189955711354 1.9598712325096133
decision_type=2 2 2 2 2 2 2
left_child=1 2 -1 6 -3 -5 -2
right_child=3 4 -4 5 -6 -7 -8
leaf_value=0.00075544186611142523 -0.00069365063457174267 -0.000361834922322807 -0.00011929806309855935 -0.00051178775506109631 -0.0027882932164392427 -0.0024435194166547176 0.0020427574716732678
leaf_weight=20105.367269329727 4267.1455575525761 938.54107876867056 14331.281857036054 547.76151156425476 963.98038418591022 2955.3209724649787 202.28153137862682
leaf_count=65483 13006 2997 44652 1710 2904 8796 606
internal_value=7.87014e-06 0.000286701 0.000391124 -0.00126168 -0.00159736 -0.00214455 -0.000567138
internal_weight=44311.7 36339.2 34436.6 7972.51 1902.52 3503.08 4469.43
internal_count=140154 116036 110135 24118 5901 10506 13612
is_linear=0
shrinkage=0.01


Tree=98
num_leaves=8
num_cat=0
split_feature=46 8 7 21 12 40 34
split_gain=132.986 83.9656 63.0682 37.2536 12.8806 16.1955 11.3377
threshold=1.5915461778640749 -0.029031472280621525 1.8294748067855837 1.2606028318405154 -0.4743299782276153 0.35186000168323522 -0.67007744312286366
decision_type=2 2 2 2 2 2 2
left_child=1 3 -3 -1 5 -2 -6
right_child=4 2 -4 -5 6 -7 -8
leaf_value=0.00073302931908988294 -0.0026232618454213085 -0.00045388367906396584 0.0017255662391923924 -0.00059942036482531582 -0.0010831098634667146 0.00027741714489306756 -0.0036452238389206733
leaf_weight=18402.453076414764 492.20351447165012 20130.723213523626 1419.0316311493516 2359.228559717536 225.56236574053764 305.88577249646187 975.51885209977627
leaf_count=60065 1518 62215 4421 7422 690 943 2880
internal_value=7.77926e-06 0.000127112 -0.000309831 0.000581115 -0.00251163 -0.00150004 -0.00317368
internal_weight=44310.6 42311.4 21549.8 20761.7 1999.17 798.089 1201.08
internal_count=140154 134123 66636 67487 6031 2461 3570
is_linear=0
shrinkage=0.01


Tree=99
num_leaves=8
num_cat=0
split_feature=8 9 47 17 14 3 27
split_gain=90.8538 54.1982 41.9854 34.0777 33.9328 32.4442 22.9188
threshold=0.27834427356719976 1.7914078235626223 0.22804322838783267 1.5192077755928042 -0.49348910152912134 0.24429097771644595 1.7336617708206179
decision_type=2 2 2 2 2 2 2
left_child=2 3 4 -2 -1 -4 -3
right_child=1 6 5 -5 -6 -7 -8
leaf_value=-0.00020810358100670161 -0.00057289709003684099 0.0011267816143387234 0.00023753643768561464 -0.0020200705343707231 0.0010790864819209313 -0.0010654968494406129 -0.0013064177793407313
leaf_weight=2564.6172068789601 14346.608997486532 2454.4181053861976 10381.534595191479 1843.5996513143182 9923.0646729022264 2340.8196217939258 455.15856648981571
leaf_count=8335 44278 7756 33585 5334 31866 7610 1390
internal_value=7.69339e-06 -0.00051229 0.000402048 -0.000738421 0.000813938 -1.49105e-06 0.000742391
internal_weight=44309.8 19099.8 25210 16190.2 12487.7 12722.4 2909.58
internal_count=140154 58758 81396 49612 40201 41195 9146
is_linear=0
shrinkage=0.01


Tree=100
num_leaves=8
num_cat=0
split_feature=29 36 5 8 12 29 42
split_gain=88.4554 64.0868 52.4831 42.7288 26.7385 18.717 18.6
threshold=1.1587994098663332 0.42446814477443701 -2.313540935516357 0.3256817907094956 -0.62592530250549305 1.7968429923057558 -1.2124356031417844
decision_type=2 2 2 2 2 2 2
left_child=2 5 6 -4 -3 -2 -1
right_child=1 4 3 -5 -6 -7 -8
leaf_value=0.0012678768190127953 -1.6390229636894289e-05 -0.00035202503078572667 0.00064783547141276519 -7.8427649217086028e-05 -0.0022879070065347082 -0.0031756587185316314 -0.0020743504253487345
leaf_weight=188.2293586730957 5318.3902160450816 962.3321288228035 19677.526445008814 13730.559625893831 2913.1583913490176 193.65865698456764 1220.1245495602489
leaf_count=586 16628 3067 63787 42669 8857 598 3667
internal_value=3.65705e-05 -0.000824601 0.000269072 0.000349052 -0.00181 -0.000129757 -0.00161998
internal_weight=44204 9387.54 34816.4 33408.1 3875.49 5512.05 1408.35
internal_count=139859 29150 110709 106456 11924 17226 4253
is_linear=0
shrinkage=0.01


Tree=101
num_leaves=8
num_cat=0
split_feature=0 46 30 8 46 17 9
split_gain=160.306 57.066 54.3888 39.3251 28.7804 26.8039 18.4331
threshold=0.61689949035644542 -0.76221302151679982 0.67125591635704052 0.37135228514671331 1.5751384496688845 -0.27577833831310267 1.9144555330276491
decision_type=2 2 2 2 2 2 2
left_child=1 5 4 -3 -2 -1 -4
right_child=2 3 6 -5 -6 -7 -8
leaf_value=0.00045199041941369311 -0.00016618668532656985 0.00052009243528554773 -0.0017289070746746777 -0.00038887211702668355 -0.002194557424263447 0.0015319287951472312 0.00072996004595008866
leaf_weight=3896.7320487871766 8395.5307622998953 11880.590672291815 5301.4878001958132 7929.1809715256095 764.07551611959934 5718.7035463005304 317.03621537983418
leaf_count=12685 26103 38608 16142 24683 2276 18394 968
internal_value=3.61925e-05 0.000463179 -0.000813292 0.000155759 -0.000336702 0.00109541 -0.00158828
internal_weight=44203.3 29425.2 14778.1 19809.8 9159.61 9615.44 5618.52
internal_count=139859 94370 45489 63291 28379 31079 17110
is_linear=0
shrinkage=0.01


Tree=102
num_leaves=8
num_cat=0
split_feature=29 20 12 5 20 2 9
split_gain=85.472 55.0593 34.7928 33.4163 24.8146 17.3328 16.716
threshold=1.1587994098663332 1.2837968468666079 -0.56916236877441395 -2.659018754959106 1.8554634451866152 1.9024461507797243 0.56395360827445995
decision_type=2 2 2 2 2 2 2
left_child=1 3 6 -1 -4 -3 -2
right_child=2 5 4 -5 -6 -7 -8
leaf_value=-0.0018776627327272291 0.00034693291040090906 -0.00048029568653423522 -0.0011248640779873871 0.00046568477376591436 -0.0047615384230254012 -0.0021284583696285506 -0.0017655672017456141
leaf_weight=618.70529858767986 2684.7757704257965 3705.5556813329458 6073.3380684480071 29712.952926628292 194.72831193357706 778.3323442786932 433.97501879930496
leaf_count=1900 8597 11424 18610 95101 563 2284 1380
internal_value=3.58288e-05 0.000264378 -0.000810728 0.000417495 -0.00124018 -0.000769031 4.93009e-05
internal_weight=44202.4 34815.5 9386.82 30331.7 6268.07 4483.89 3118.75
internal_count=139859 110709 29150 97001 19173 13708 9977
is_linear=0
shrinkage=0.01


Tree=103
num_leaves=8
num_cat=0
split_feature=0 46 46 8 42 12 7
split_gain=155.819 55.7478 51.9117 38.4557 33.7698 22.0879 11.194
threshold=0.61689949035644542 -0.76221302151679982 1.5589362978935244 0.37135228514671331 0.24170785397291186 -1.5968942046165464 -0.97955244779586781
decision_type=2 2 2 2 2 2 2
left_child=1 5 4 -3 -2 -1 -4
right_child=2 3 6 -5 -6 -7 -8
leaf_value=-0.00043571061736032135 -9.1322961060623571e-05 0.00051286668758325309 -0.00045080334719090786 -0.00038599849451402166 -0.001124500263354691 0.0012321574590562715 -0.0026141101260177828
leaf_weight=863.34542275965214 6910.6476358473301 11880.378604665399 292.15370884537697 7929.1073680222034 5870.0249639451504 8751.6962899789214 1704.3742207288742
leaf_count=2863 21866 38608 900 24683 17652 28216 5071
internal_value=3.5457e-05 0.000456428 -0.000802084 0.000152573 -0.000566683 0.00108133 -0.00230294
internal_weight=44201.7 29424.5 14777.2 19809.5 12780.7 9615.04 1996.53
internal_count=139859 94370 45489 63291 39518 31079 5971
is_linear=0
shrinkage=0.01


Tree=104
num_leaves=8
num_cat=0
split_feature=46 8 33 21 22 4 45
split_gain=120.646 70.4124 47.0318 32.8679 12.4502 13.0241 10.3242
threshold=1.5589362978935244 0.37135228514671331 -1.0866184830665586 0.29425640404224401 1.3318438529968264 0.05342544615268708 0.81924656033515941
decision_type=2 2 2 2 2 2 2
left_child=1 3 -3 -1 5 -2 -6
right_child=4 2 -4 -5 6 -7 -8
leaf_value=0.00079087438291838299 -0.0020841097119397955 0.00076777966004367652 -0.00058862226043304179 4.5938428917504202e-05 -1.9471286176386666e-05 -0.0041368666379096473 -0.0023923072845140358
leaf_weight=15098.688254073262 1160.9065088927746 3130.4755700826645 13810.749944657087 9794.5607454702258 424.04561446607113 447.09750999510288 334.11859440803528
leaf_count=49277 3509 9878 42459 31107 1301 1333 995
internal_value=3.50911e-05 0.000159585 -0.000337359 0.000498185 -0.00216091 -0.0026633 -0.00108011
internal_weight=44200.6 41834.5 16941.2 24893.2 2366.17 1608 758.164
internal_count=139859 132721 52337 80384 7138 4842 2296
is_linear=0
shrinkage=0.01


Tree=105
num_leaves=8
num_cat=0
split_feature=46 42 7 3 23 3 25
split_gain=94.5958 66.4028 43.0514 31.6001 22.9906 15.0301 13.8981
threshold=1.5589362978935244 -0.028444004245102402 2.0159801244735722 0.43227705359458929 0.2224163040518761 1.2553344368934634 0.013914789073169233
decision_type=2 2 2 2 2 2 2
left_child=1 3 -3 -1 6 -6 -2
right_child=4 2 -4 -5 5 -7 -8
leaf_value=0.00061059170354179747 -0.0014772809722851804 -0.00043312963471083503 0.0016714674209707362 -0.00057486827937072921 -0.0029967355755521939 0 0.0014099681301185437
leaf_weight=18539.626370616257 497.0854913443327 19781.334313489497 1019.5655932128429 2549.5599754154682 1438.3103016018867 193.53320302069187 246.90973144769669
leaf_count=60176 1558 61236 3202 8323 4310 547 764
internal_value=-3.86958e-05 7.11856e-05 -0.000329416 0.000466782 -0.00197951 -0.00264491 -0.00050506
internal_weight=44265.9 41890.1 20800.9 21089.2 2375.84 1631.84 743.995
internal_count=140116 132937 64438 68499 7179 4857 2322
is_linear=0
shrinkage=0.01


Tree=106
num_leaves=8
num_cat=0
split_feature=46 7 29 2 6 47 23
split_gain=92.733 63.9021 57.1486 38.5307 26.4212 19.5492 12.6949
threshold=1.5589362978935244 0.061303757131099708 1.0162031054496767 0.7058144509792329 -0.25120232999324793 0.78290724754333507 0.20855953544378283
decision_type=2 2 2 2 2 2 2
left_child=1 3 -3 -1 6 -6 -2
right_child=4 2 -4 -5 5 -7 -8
leaf_value=0.00020422118405135321 0.001004327236504658 -2.2667512272561364e-05 -0.0012485504882056148 0.0011816748838955411 -0.0019948602624663006 -0.0045074749460163174 -0.0016309737740893163
leaf_weight=16801.28884537518 348.16504982113838 14619.566013470292 5147.1391010731459 5321.848337970674 1217.6169580668211 431.46211458742619 378.17295724153519
leaf_count=55011 1105 45468 15640 16818 3588 1308 1178
internal_value=-3.83112e-05 7.04721e-05 -0.000342433 0.000439848 -0.00196011 -0.00266065 -0.000354368
internal_weight=44265.3 41889.8 19766.7 22123.1 2375.42 1649.08 726.338
internal_count=140116 132937 61108 71829 7179 4896 2283
is_linear=0
shrinkage=0.01


Tree=107
num_leaves=8
num_cat=0
split_feature=0 7 15 35 6 47 30
split_gain=147.444 51.4908 53.4312 30.8579 30.8567 26.6648 17.3977
threshold=1.2094886302948 0.061303757131099708 -0.23574698716402051 -0.33494533598422999 -1.3909443020820615 -0.10440158843994139 0.59479007124900829
decision_type=2 2 2 2 2 2 2
left_child=1 4 -3 6 -1 -5 -2
right_child=3 2 -4 5 -6 -7 -8
leaf_value=-0.00034461177660627434 0.00024734688792073971 -0.00063809528001645261 0.0005122006412491049 -0.0010270063878004357 0.00071425277140451532 -0.0025896539579382395 -0.0015556635095318294
leaf_weight=3262.507983699441 1386.0182632878423 10572.141744621098 6524.4819963276386 2028.927469342947 17184.280666254461 2442.7458064779639 863.36222951114178
leaf_count=10545 4234 32823 20344 6051 56064 7414 2641
internal_value=-3.79328e-05 0.000206041 -0.000198526 -0.00140207 0.000544802 -0.00188326 -0.000440629
internal_weight=44264.5 37543.4 17096.6 6721.05 20446.8 4471.67 2249.38
internal_count=140116 119776 53167 20340 66609 13465 6875
is_linear=0
shrinkage=0.01


Tree=108
num_leaves=8
num_cat=0
split_feature=0 42 14 36 36 22 3
split_gain=144.526 45.7818 47.0765 32.055 29.3271 21.3041 19.0868
threshold=1.2094886302948 -0.028444004245102402 -0.16491108387708661 0.34695176780223852 -0.10894107818603514 0.51890122890472423 1.5618829131126406
decision_type=2 2 2 2 2 2 2
left_child=1 4 -3 6 -1 -5 -2
right_child=3 2 -4 5 -6 -7 -8
leaf_value=0.00088922579708621105 -0.00099257873110578511 -0.00057087760070004094 0.00047866904685285117 -0.002696773169974792 0.00011049842956891403 -0.00090938323280560448 0.0013564266761814121
leaf_weight=10751.632338419557 3205.338820323348 10937.882273256779 7005.104236125946 2130.6395272761583 8848.5484375506639 1000.9442899376154 383.50182582437992
leaf_count=35126 9881 33964 21962 6364 28724 2983 1112
internal_value=-3.75576e-05 0.000203979 -0.000160564 -0.0013882 0.000538201 -0.00212914 -0.000738472
internal_weight=44263.6 37543.2 17943 6720.42 19600.2 3131.58 3588.84
internal_count=140116 119776 55926 20340 63850 9347 10993
is_linear=0
shrinkage=0.01


Tree=109
num_leaves=8
num_cat=0
split_feature=20 8 7 24 4 4 37
split_gain=86.9516 58.32 40.6861 28.5888 28.0226 22.5164 19.183
threshold=1.2415230870246889 0.24702963978052142 1.8294748067855837 1.4604497551918032 1.1108436584472658 0.91649585962295543 -0.60060483217239369
decision_type=2 2 2 2 2 2 2
left_child=1 4 -3 5 -1 -2 -5
right_child=3 2 -4 6 -6 -7 -8
leaf_value=0.00057119392248651351 -0.00077795329346601111 -0.00042447034090360209 0.0017240423166337885 -0.00051359526157676583 -0.0013828220948158049 0.0026897331166755214 -0.0026606714152574268
leaf_weight=20401.369493752718 4808.1598188057542 15101.055015675724 933.58486315608025 598.4688935726881 757.56037113070488 192.71481421589851 1469.7856550514698
leaf_count=66390 14733 46918 2946 1776 2446 588 4319
internal_value=-3.71812e-05 0.00015582 -0.000298654 -0.00105393 0.000500699 -0.000641811 -0.00204478
internal_weight=44262.7 37193.6 16034.6 7069.13 21158.9 5000.87 2068.25
internal_count=140116 118700 49864 21416 68836 15321 6095
is_linear=0
shrinkage=0.01


Tree=110
num_leaves=8
num_cat=0
split_feature=46 42 15 36 36 47 47
split_gain=99.3335 69.7451 51.6563 29.5226 28.4089 11.6947 10.3142
threshold=1.5751384496688845 0.10539993271231653 -0.33019040524959559 0.51360583305358898 0.37858463823795324 0.78290724754333507 0.056334869936108596
decision_type=2 2 2 2 2 2 2
left_child=1 3 -3 -1 6 -6 -2
right_child=4 2 -4 -5 5 -7 -8
leaf_value=0.00067961306596339244 0.0003056841047391964 -0.0010031523246918648 4.69237253841194e-05 -0.00010212968617460574 -0.0026622547899936488 -0.0051739091166906823 -0.0017038533115666214
leaf_weight=15787.494600974023 393.91156333684921 7825.4970193430781 11627.628186702728 6930.4323945939541 836.5974507778883 257.27238810062408 686.70164947211742
leaf_count=51241 1216 23937 36094 22424 2469 782 2091
internal_value=-4.30822e-05 6.41812e-05 -0.000375011 0.000440697 -0.00212698 -0.0032663 -0.000962474
internal_weight=44345.5 42171.1 19453.1 22717.9 2174.48 1093.87 1080.61
internal_count=140254 133696 60031 73665 6558 3251 3307
is_linear=0
shrinkage=0.01


Tree=111
num_leaves=8
num_cat=0
split_feature=46 42 14 35 17 45 15
split_gain=97.3854 68.3564 54.222 17.9349 17.8179 11.7079 11.6563
threshold=1.5751384496688845 0.10539993271231653 -0.12395143136382102 0.32694782316684728 -0.087283696979284273 -0.98792070150375355 -0.12156815454363822
decision_type=2 2 2 2 2 2 2
left_child=1 4 -3 6 -1 -5 -2
right_child=3 2 -4 5 -6 -7 -8
leaf_value=0.00016631496774746122 -0.001581132506680846 -0.00074197688476865828 0.00038003585096211927 -0.0054130170266584801 0.00072827002588749651 -0.0025076483429744647 0.0013042360327565534
leaf_weight=11822.273588016629 816.77026502788067 13034.55934920162 6418.4430689513683 170.17961207032204 10895.452288612723 1022.734205827117 164.33695459365845
leaf_count=38769 2503 40036 19995 509 34896 3035 511
internal_value=-4.26568e-05 6.35374e-05 -0.000371259 -0.00210625 0.00043629 -0.00293469 -0.00108681
internal_weight=44344.7 42170.7 19453 2174.02 22717.7 1192.91 981.107
internal_count=140254 133696 60031 6558 73665 3544 3014
is_linear=0
shrinkage=0.01


Tree=112
num_leaves=8
num_cat=0
split_feature=0 46 5 42 42 17 41
split_gain=143.192 66.755 41.7023 41.581 33.8205 33.209 30.1072
threshold=1.1251554489135744 -0.85546141862869252 -0.16468615084886548 -0.2608176320791244 0.18048836290836337 -0.43300442397594446 -0.53905898332595814
decision_type=2 2 2 2 2 2 2
left_child=1 5 4 -3 -2 -1 -4
right_child=2 3 6 -5 -6 -7 -8
leaf_value=0.00010872119723102987 0.00037929915908013686 0.00040039857008274923 -0.00053922469441220399 -0.00039905891874467066 -0.0013444997642945143 0.0013283407322638814 -0.0027009795335095356
leaf_weight=3388.1254803463817 1903.0560239106417 11790.506222613156 898.0491014495492 14506.316936291754 2802.7048802450299 6653.3283077478409 2401.9295687824488
leaf_count=10918 5872 38493 2769 45316 8220 21303 7363
internal_value=-4.22305e-05 0.000224267 -0.001253 -4.02304e-05 -0.000645321 0.000917872 -0.00211606
internal_weight=44344 36338.3 8005.74 26296.8 4705.76 10041.5 3299.98
internal_count=140254 116030 24224 83809 14092 32221 10132
is_linear=0
shrinkage=0.01


Tree=113
num_leaves=8
num_cat=0
split_feature=0 8 38 11 3 21 25
split_gain=140.357 59.6502 41.1246 29.4693 34.5314 23.9606 15.0525
threshold=1.1251554489135744 -0.088856730610132204 0.18566025048494342 -0.53769069910049427 1.1959424018859866 0.23732145130634311 1.65990287065506
decision_type=2 2 2 2 2 2 2
left_child=1 5 -3 6 -5 -1 -2
right_child=3 2 -4 4 -6 -7 -8
leaf_value=0.00091788050045411146 -0.00050673143584010105 0.00022054684026767761 -0.00073642077730419573 -0.0019498167722155021 0.00012783994180851186 0.00015888121081217865 0.0023957341991418576
leaf_weight=11171.46651584655 1978.5169381350279 10819.29881144315 7664.4006128683686 4886.1706137955189 945.72654242813587 6682.7396276220679 194.71879808604717
leaf_count=36799 6178 33662 24035 14709 2737 21534 600
internal_value=-4.18076e-05 0.00022203 -0.000175744 -0.00124058 -0.00161122 0.000634376 -0.000241093
internal_weight=44343 36337.9 18483.7 8005.13 5831.9 17854.2 2173.24
internal_count=140254 116030 57697 24224 17446 58333 6778
is_linear=0
shrinkage=0.01


Tree=114
num_leaves=8
num_cat=0
split_feature=0 24 36 30 2 13 30
split_gain=137.571 57.8859 36.1264 30.1644 27.4113 22.5248 20.2547
threshold=1.1251554489135744 1.1821891069412234 0.37858463823795324 0.68486779928207409 0.44624301791191107 -1.5387237071990965 0.65804550051689159
decision_type=2 2 2 2 2 2 2
left_child=1 3 6 -1 -4 -3 -2
right_child=2 5 4 -5 -6 -7 -8
leaf_value=0.00055773244339164178 -9.4552529695201803e-05 0.0025498827791248214 -0.0031006536333413976 -0.00014274211352789115 -0.0012792833169482621 -0.00096182628696169599 -0.0014873090884573159
leaf_weight=23344.813674598932 2766.4471106529236 188.01510868966579 1362.7529603615403 8316.6797670349479 2182.2696694135666 4488.006932914257 1693.0789246410131
leaf_count=75365 8460 596 4163 26145 6446 13924 5155
internal_value=-4.13837e-05 0.000219815 -0.00122825 0.000373421 -0.00198294 -0.000817973 -0.000625776
internal_weight=44342.1 36337.5 8004.55 31661.5 3545.02 4676.02 4459.53
internal_count=140254 116030 24224 101510 10609 14520 13615
is_linear=0
shrinkage=0.01


Tree=115
num_leaves=8
num_cat=0
split_feature=0 46 38 46 42 17 17
split_gain=119.463 63.9933 58.347 32.7187 28.3944 25.887 8.26576
threshold=1.2094886302948 -0.86988708376884449 0.23193800449371341 1.7750096321105959 0.68564677238464367 -0.41900473833084101 1.8255875110626223
decision_type=2 2 2 2 2 2 2
left_child=1 5 -3 4 -2 -1 -5
right_child=3 2 -4 6 -6 -7 -8
leaf_value=0.00022135019376695586 -0.00043474538172283417 0.00042276813463741451 -0.00050241517294697551 -0.0024446548308279469 -0.0018072468236860896 0.0012992902873772583 -0.0053329397807644749
leaf_weight=3381.9672114998102 3649.2263330370188 15113.017356567085 12414.998876415193 232.19941003620625 2599.32448438555 6670.9218765050173 207.21614497900009
leaf_count=10899 11282 47811 39767 685 7646 21326 623
internal_value=3.55203e-05 0.000254892 5.1487e-06 -0.00119553 -0.00100749 0.000937705 -0.00383841
internal_weight=44268.9 37580.9 27528 6687.97 6248.55 10052.9 439.416
internal_count=140039 119803 87578 20236 18928 32225 1308
is_linear=0
shrinkage=0.01


Tree=116
num_leaves=8
num_cat=0
split_feature=20 7 8 47 12 20 8
split_gain=87.0729 55.2895 56.9882 31.7681 26.2416 19.5246 14.9902
threshold=1.2837968468666079 2.3361550569534306 0.29458150267601019 0.35698108375072485 1.1408302187919619 1.9858278632164004 2.3274565935134892
decision_type=2 2 2 2 2 2 2
left_child=1 2 -1 4 -2 -5 -3
right_child=3 6 -4 5 -6 -7 -8
leaf_value=0.00050483885581612735 2.6425593595867323e-05 0.0049346503153063328 -0.00028923533073605632 -0.0016190463158227684 -0.0019039025285950925 -0.0049883127837065345 0.0011172505876671905
leaf_weight=21865.055162884295 2898.4015627577901 306.32502645254135 15388.000672534108 2530.1818941161036 925.17056960612535 187.64928303658962 167.17278961837292
leaf_count=71011 8836 992 47679 7739 2689 564 529
internal_value=3.5157e-05 0.000220057 0.000176566 -0.00102957 -0.000438407 -0.0018571 0.00361315
internal_weight=44268 37726.6 37253.1 6541.4 3823.57 2717.83 473.498
internal_count=140039 120211 118690 19828 11525 8303 1521
is_linear=0
shrinkage=0.01


Tree=117
num_leaves=8
num_cat=0
split_feature=24 30 7 29 30 27 30
split_gain=100.881 55.7906 48.0648 43.7527 32.2912 16.5476 11.8995
threshold=1.4604497551918032 0.69737371802330028 -0.134928323328495 1.7392373681068423 -0.91906738281249989 0.99502691626548778 -1.2137360572814939
decision_type=2 2 2 2 2 2 2
left_child=1 4 6 -3 -1 -4 -2
right_child=2 3 5 -5 -6 -7 -8
leaf_value=-6.0240270329054192e-05 -0.0025749560548512661 -0.00032255992817006531 -0.0031178582039197373 -0.0047440245344289814 0.00064712867470729672 -0.0013322229086980436 0.0001770535681989566
leaf_weight=9608.362056568265 176.51067297160625 11142.480757698417 1409.4798767715693 227.84137795865536 19499.652790509164 863.96435607969761 1339.0705974400043
leaf_count=30619 535 34723 4177 703 62542 2565 4175
internal_value=3.4803e-05 0.000181092 -0.00152501 -0.000412447 0.000413293 -0.00244455 -0.000138349
internal_weight=44267.4 40478.3 3789.03 11370.3 29108 2273.44 1515.58
internal_count=140039 128587 11452 35426 93161 6742 4710
is_linear=0
shrinkage=0.01


Tree=118
num_leaves=8
num_cat=0
split_feature=0 21 42 17 2 47 47
split_gain=116.044 60.7152 44.351 40.5301 33.1159 23.0831 17.3378
threshold=0.6033129394054414 1.437524735927582 0.60867297649383556 -0.15902414917945859 0.49140733480453497 -0.23937726020812986 0.37909556925296789
decision_type=2 2 2 2 2 2 2
left_child=1 3 4 -1 -2 -4 -3
right_child=2 6 5 -5 -6 -7 -8
leaf_value=0.00014886984834300258 -0.00073637923122250859 -0.00078300843610383032 -0.00073418925107677374 0.00091501369038128892 0.00047837521079643398 -0.002044476125163985 -0.0030701986872355355
leaf_weight=14823.607783742249 5829.4848455861211 1043.8974345177412 2676.5820094719529 12986.213499076664 3638.0406156852841 2770.9467293769121 497.97574266791344
leaf_count=48091 18514 3210 7928 41227 11204 8331 1534
internal_value=3.44414e-05 0.000399633 -0.000683535 0.000507012 -0.000268534 -0.00140277 -0.00152969
internal_weight=44266.7 29351.7 14915.1 27809.8 9467.53 5447.53 1541.87
internal_count=140039 94062 45977 89318 29718 16259 4744
is_linear=0
shrinkage=0.01


Tree=119
num_leaves=8
num_cat=0
split_feature=0 38 18 2 23 42 42
split_gain=114.384 52.4186 45.0382 35.6252 30.284 26.1951 25.6083
threshold=1.2094886302948 0.14987619966268542 0.82191449403762828 0.49140733480453497 0.15225046128034594 0.68564677238464367 0.39542154967784887
decision_type=2 2 2 2 2 2 2
left_child=1 4 -3 5 -1 -2 -5
right_child=3 2 -4 6 -6 -7 -8
leaf_value=0.00098368931979127532 -0.0013734049826127168 0.00010403265826065332 -0.0011632508101782275 0.00055496644998291914 0.00019129167889709372 -0.0034395750482288617 -0.0011654584506431962
leaf_weight=10248.219056665897 2182.5315158963203 14688.06990339607 3462.4881837591529 1404.6670755520463 9180.8497407734394 872.11967138946056 2227.0707726106048
leaf_count=32918 6822 47360 10826 4290 28699 2624 6500
internal_value=3.40894e-05 0.000248737 -0.00013722 -0.00117066 0.0006098 -0.00196751 -0.000497318
internal_weight=44266 37579.6 18150.6 6686.39 19429.1 3054.65 3631.74
internal_count=140039 119803 58186 20236 61617 9446 10790
is_linear=0
shrinkage=0.01


Tree=120
num_leaves=8
num_cat=0
split_feature=21 38 30 15 21 20 20
split_gain=71.3992 59.4663 54.0409 43.8642 29.7077 25.7597 16.6551
threshold=-0.42373317480087275 0.05138009041547776 0.55525341629982006 -0.43220488727092737 -1.6097868680953977 0.11298160627484323 -1.3388569951057432
decision_type=2 2 2 2 2 2 2
left_child=4 3 -3 -2 6 -6 -1
right_child=1 2 -4 -5 5 -7 -8
leaf_value=0.00019964312348719909 -0.00073619904061857924 -0.00028490239989022951 -0.0015814023162199293 0.00053273049770536046 0.00013072367877390654 0.0010731913562840923 0.0023259825317041129
leaf_weight=522.07715541124344 3743.2444814965129 9254.4081047177315 4946.4912161901593 9967.6005017459393 10415.151564478874 4035.455661945045 1345.1736162304878
leaf_count=1698 11623 29324 15321 30958 33658 12903 4352
internal_value=2.33399e-05 -0.000283626 -0.000737286 0.000185538 0.000549005 0.000394664 0.00173724
internal_weight=44229.6 27911.7 14200.9 13710.8 16317.9 14450.6 1867.25
internal_count=139837 87226 44645 42581 52611 46561 6050
is_linear=0
shrinkage=0.01


Tree=121
num_leaves=8
num_cat=0
split_feature=0 46 30 38 29 24 16
split_gain=106.12 64.8458 52.4071 45.3265 41.2118 39.7702 22.4487
threshold=0.43940494954586035 -0.39612779021263117 0.59479007124900829 0.23193800449371341 0.30112273991107946 1.4604497551918032 0.34969194233417517
decision_type=2 2 2 2 2 2 2
left_child=1 6 4 -4 -2 -3 -1
right_child=2 5 3 -5 -6 -7 -8
leaf_value=0.00053366161648303243 -0.0011260708545224646 0.00010778273337642881 -0.00057592732231213971 -0.0022391784918983529 0.00026689030996897051 -0.0018217973945463168 0.0013796931404510501
leaf_weight=6738.4555877000093 3013.994336605072 13438.515296749771 3890.723587743938 2858.398538120091 7168.7502030357718 1159.0897563546896 5961.2365883365273
leaf_count=21807 9486 42922 11837 8839 22192 3578 19176
internal_value=2.31094e-05 0.0004091 -0.000598576 -0.00128206 -0.000144501 -4.48605e-05 0.000931654
internal_weight=44229.2 27297.3 16931.9 6749.12 10182.7 14597.6 12699.7
internal_count=139837 87483 52354 20676 31678 46500 40983
is_linear=0
shrinkage=0.01


Tree=122
num_leaves=8
num_cat=0
split_feature=0 24 15 22 22 24 5
split_gain=104.013 52.4597 47.4188 38.0925 53.1487 29.3086 23.4131
threshold=0.43940494954586035 1.4604497551918032 -0.36037997901439661 0.8453870713710786 -0.1060761585831642 0.32050426304340368 -0.55397137999534596
decision_type=2 2 2 2 2 2 2
left_child=1 2 -1 4 -2 -5 -3
right_child=3 6 -4 5 -6 -7 -8
leaf_value=-4.2692820332579247e-05 -0.00046797383576901996 -0.00015956827663252623 0.00083805914946995176 0.0013621347667002906 -0.0019241828160685348 -0.00036576556082383653 -0.0028160818990881228
leaf_weight=9800.635944455862 9011.3900122046471 660.56376832723618 16152.307486392558 1461.8539243191481 3487.4695923775434 2970.8118408322334 683.36655949056149
leaf_count=31416 28031 2009 51907 4563 10719 9041 2151
internal_value=2.28756e-05 0.000405019 0.000505086 -0.000592611 -0.000875211 0.000202004 -0.00151889
internal_weight=44228.4 27296.9 25952.9 16931.5 12498.9 4432.67 1343.93
internal_count=139837 87483 83323 52354 38750 13604 4160
is_linear=0
shrinkage=0.01


Tree=123
num_leaves=8
num_cat=0
split_feature=21 6 2 14 21 36 6
split_gain=68.6278 55.4653 56.4384 43.2995 28.918 25.4826 15.3445
threshold=-0.42373317480087275 0.012209522537887098 0.25844535231590277 -0.1862484589219093 -1.6097868680953977 0.23719500750303271 -1.2877692580223081
decision_type=2 2 2 2 2 2 2
left_child=4 2 -2 -3 6 -6 -1
right_child=1 3 -4 -5 5 -7 -8
leaf_value=-0.00025703320234425153 -0.00037495609204063257 -0.0010557379240057163 0.00097104727369337802 7.8696860637669116e-05 0.00074189583798510981 -0.00010811813783294333 0.0021226909229070763
leaf_weight=319.32368038594723 7148.5337971523404 10269.754094988108 5512.372323743999 4979.9273605942726 8406.780509211123 6043.3442204743624 1547.7485222220421
leaf_count=1049 23298 31248 17421 15259 27185 19376 5001
internal_value=2.2635e-05 -0.000278317 0.000210315 -0.000684641 0.000538011 0.000385727 0.00171042
internal_weight=44227.8 27910.6 12660.9 15249.7 16317.2 14450.1 1867.07
internal_count=139837 87226 40719 46507 52611 46561 6050
is_linear=0
shrinkage=0.01


Tree=124
num_leaves=8
num_cat=0
split_feature=46 42 15 21 46 34 9
split_gain=80.445 52.4758 52.588 21.4558 11.7753 12.4798 11.8159
threshold=1.5915461778640749 0.074383158236742034 -0.23214702308177945 -0.5063972771167754 1.7750096321105959 1.5076545476913454 -0.9726070463657378
decision_type=2 2 2 2 2 2 2
left_child=1 3 -3 -1 5 -2 -6
right_child=4 2 -4 -5 6 -7 -8
leaf_value=0.00083002320287397949 -0.001814113057045278 -0.00071273340418295805 0.00032381273797197908 0.00019560465123802013 -0.0052299715500154758 0.00089382587445414083 -0.0020667516902994365
leaf_weight=8873.9797899797559 1258.5089218765497 11164.425501875579 8698.6751795187593 13491.432656548917 192.14538960158825 190.88011035323143 357.12685690820217
leaf_count=29076 3829 34269 27027 43423 586 569 1058
internal_value=2.24071e-05 0.000115434 -0.0002583 0.000447797 -0.00193717 -0.00145022 -0.00319897
internal_weight=44227.2 42228.5 19863.1 22365.4 1998.66 1449.39 549.272
internal_count=139837 133795 61296 72499 6042 4398 1644
is_linear=0
shrinkage=0.01


Tree=125
num_leaves=7
num_cat=0
split_feature=21 47 16 13 30 19
split_gain=83.614 55.2588 35.5035 32.5793 28.4892 26.1748
threshold=0.28001204133033758 0.20564991235733035 1.3461856842041018 2.0116176605224614 0.67125591635704052 1.9772435426712038
decision_type=2 2 2 2 2 2
left_child=3 5 -3 4 -1 -2
right_child=1 2 -4 -5 -6 -7
leaf_value=0.00058613555293733741 9.1717516775360541e-06 -0.00086897270018179153 -0.0026851698095538309 -0.0037427196350486181 -0.00017572944080322507 -0.0028420834832050229
leaf_weight=18141.552400544286 10862.815091967583 6714.561589628458 1291.3577999174595 191.74360464513302 6703.3989429026842 330.60538725554943
leaf_count=58703 33469 21097 3888 617 21209 983
internal_value=-3.24208e-05 -0.000529087 -0.00116347 0.000348053 0.000380176 -7.43951e-05
internal_weight=44236 19199.3 8005.92 25036.7 24845 11193.4
internal_count=139966 59437 24985 80529 79912 34452
is_linear=0
shrinkage=0.01


Tree=126
num_leaves=8
num_cat=0
split_feature=0 30 23 9 36 17 47
split_gain=113.146 55.6117 47.6077 33.8755 28.8593 24.8387 20.6896
threshold=0.71205818653106701 0.67125591635704052 -0.78488981723785389 0.17458368837833407 -0.51659440994262684 -0.087283696979284273 0.2715680748224259
decision_type=2 2 2 2 2 2 2
left_child=2 4 5 -4 -2 -1 -3
right_child=1 6 3 -5 -6 -7 -8
leaf_value=0.00046849886970863196 0.00044662195788904447 -0.0010995751922957605 0.00039457018246805072 -0.0004029703882447604 -0.00075835119984293223 0.0015358456340935868 -0.0024086239969709276
leaf_weight=5298.4639154672623 3243.9440319463611 3154.9551923722029 12273.346994660795 9401.8961632996798 5102.5730390101671 3751.9234036803246 2008.2878961414099
leaf_count=17276 10077 9526 39679 29389 15710 12089 6220
internal_value=-3.21039e-05 -0.000794986 0.000303017 4.81634e-05 -0.000288833 0.000912203 -0.00161105
internal_weight=44235.4 13509.8 30725.6 21675.2 8346.52 9050.39 5163.24
internal_count=139966 41533 98433 69068 25787 29365 15746
is_linear=0
shrinkage=0.01


Tree=127
num_leaves=8
num_cat=0
split_feature=0 23 36 4 22 31 14
split_gain=110.901 46.6634 40.5419 33.4773 30.5842 22.2064 15.5818
threshold=0.71205818653106701 -0.78488981723785389 -0.076918896287679658 1.3261910080909731 1.1184026002883913 -1.5604938864707945 0.23777352273464206
decision_type=2 2 2 2 2 2 2
left_child=1 5 6 -3 -4 -1 -2
right_child=2 3 4 -5 -6 -7 -8
leaf_value=-0.0013566622047520907 -0.00035148860254115554 0.00010726044979723345 -0.0016950589716278916 -0.0025631848611739265 -0.00021150672292470516 0.0010117905177719193 0.0014539854481424674
leaf_weight=410.49709920585155 5813.3188714757562 21196.237397141755 5267.8185051381588 478.9351337403059 1909.6911920756102 8639.6433404460549 518.36414609849453
leaf_count=1290 18040 67554 16078 1514 5799 28075 1616
internal_value=-3.17817e-05 0.000299994 -0.00078708 4.76774e-05 -0.00130181 0.000903119 -0.000201892
internal_weight=44234.5 30725.3 13509.2 21675.2 7177.51 9050.14 6331.68
internal_count=139966 98433 41533 69068 21877 29365 19656
is_linear=0
shrinkage=0.01


Tree=128
num_leaves=8
num_cat=0
split_feature=8 38 23 14 4 23 4
split_gain=88.605 56.4264 40.96 33.7175 25.4502 24.3664 16.9295
threshold=-0.029031472280621525 0.18566025048494342 1.2485289573669436 -0.12395143136382102 1.1108436584472658 0.66027304530143749 3.4568285942077641
decision_type=2 2 2 2 2 2 2
left_child=4 3 -3 -2 5 -1 -6
right_child=1 2 -4 -5 6 -7 -8
leaf_value=0.00070096318663470409 -0.00042692597849801637 -0.00075859103597861535 -0.0025059644682216753 0.00062743136351508957 -0.0027761988490808023 -5.8033764687674799e-05 0.00023893524028544263
leaf_weight=15120.439100854099 8475.3298488780856 7706.998491153121 1633.9415635317564 4719.9488828033209 403.0692196637392 5839.3941971883178 334.67019999027252
leaf_count=49409 25900 24142 4897 14698 1293 18543 1084
internal_value=-3.14675e-05 -0.000470822 -0.00106555 -4.90058e-05 0.000424409 0.000489037 -0.0013964
internal_weight=44233.8 22536.2 9340.94 13195.3 21697.6 20959.8 737.739
internal_count=139966 69637 29039 40598 70329 67952 2377
is_linear=0
shrinkage=0.01


Tree=129
num_leaves=8
num_cat=0
split_feature=23 29 17 20 11 10 11
split_gain=81.1697 41.1369 32.9654 30.9737 26.7971 24.7068 16.7084
threshold=1.2216883897781374 1.2069470286369326 -0.43300442397594446 1.2415230870246889 1.7511785030364992 0.44919459521770483 1.2721270918846133
decision_type=2 2 2 2 2 2 2
left_child=1 2 -1 4 -2 -3 -5
right_child=3 5 -4 6 -6 -7 -8
leaf_value=-7.5375530045025858e-05 -0.00079506636131373976 -7.7599073929670938e-05 0.00058435449955708866 -0.0024387115148096715 0.0015921511376056777 -0.0013449512361294023 -0.0008120336796961714
leaf_weight=13155.308137491345 3472.188797980547 3982.1548589766026 17773.170098528266 1766.3912469744682 540.69270315766335 2524.4523350000381 1018.8199930042028
leaf_count=42476 10864 12621 56271 5297 1662 7798 2977
internal_value=-3.11567e-05 0.000151166 0.000303424 -0.0010365 -0.000470607 -0.000570978 -0.00184777
internal_weight=44233.2 37435.1 30928.5 6798.09 4012.88 6506.61 2785.21
internal_count=139966 119166 98747 20800 12526 20419 8274
is_linear=0
shrinkage=0.01


Tree=130
num_leaves=8
num_cat=0
split_feature=0 46 17 19 23 46 35
split_gain=103.636 54.7746 47.3966 43.711 24.2834 23.9008 8.19309
threshold=1.1251554489135744 -0.12487967684864996 -0.10285979881882666 1.8591064810752871 1.2081391811370852 0.21697662770748141 1.0670260190963747
decision_type=2 2 2 2 2 2 2
left_child=1 2 -1 5 -3 -2 -5
right_child=3 4 -4 6 -6 -7 -8
leaf_value=0.00013420401689822177 -0.0017822950909580316 -1.2886358636665838e-05 0.0011515097390762288 -0.0051827662173523264 -0.00098852088390557211 -0.00050771749916233579 -0.0024307569266900737
leaf_weight=10188.855602383614 2033.8570592850447 14544.440600641072 8356.4809260368347 264.15666319429874 3098.5206538140774 5456.4089116454124 220.39026403427124
leaf_count=33001 6290 46394 26630 773 9614 16436 638
internal_value=-1.35872e-05 0.000213595 0.000593176 -0.00104565 -0.000184844 -0.000855334 -0.00395923
internal_weight=44163.1 36188.3 18545.3 7974.81 17643 7490.27 484.547
internal_count=139776 115639 59631 24137 56008 22726 1411
is_linear=0
shrinkage=0.01


Tree=131
num_leaves=8
num_cat=0
split_feature=0 46 17 42 42 28 5
split_gain=101.587 53.6875 46.4546 44.2232 37.7239 29.9179 22.4974
threshold=1.1251554489135744 -0.12487967684864996 -0.10285979881882666 0.59299257397651683 -0.2608176320791244 0.23452052474021914 -0.18192312121391294
decision_type=2 2 2 2 2 2 2
left_child=1 2 -1 6 -3 -5 -2
right_child=3 4 -4 5 -6 -7 -8
leaf_value=0.00013286247772939855 0.00026803781093317634 0.00032410137598702789 0.0011400283232340506 -0.0030372124233083663 -0.00060429162315043801 -0.0011196922391841944 -0.0011400951706232595
leaf_weight=10188.826929852366 2428.719051450491 7995.3892259672284 8356.2452951818705 1377.0058924555779 9647.5134661495686 2054.3590448349714 2114.1961698755622
leaf_count=33001 7445 26045 26630 4104 29963 5984 6604
internal_value=-1.34607e-05 0.000211459 0.000587259 -0.00103532 -0.000183002 -0.00189277 -0.000385189
internal_weight=44162.3 36188 18545.1 7974.28 17642.9 3431.36 4542.92
internal_count=139776 115639 59631 24137 56008 10088 14049
is_linear=0
shrinkage=0.01


Tree=132
num_leaves=8
num_cat=0
split_feature=46 30 17 9 46 35 9
split_gain=82.1589 47.9603 46.2453 27.3576 16.1728 11.3618 7.88712
threshold=1.6089237928390505 0.72252246737480175 -0.087283696979284273 0.35595558583736425 1.7750096321105959 0.28538681566715246 0.25824587047100073
decision_type=2 2 2 2 2 2 2
left_child=1 2 -1 -3 6 -6 -2
right_child=4 3 -4 -5 5 -7 -8
leaf_value=-6.9660422377256821e-05 -0.00092740863648763789 -2.9410525701449021e-05 0.00071140504666473937 -0.00099912807130284509 -0.0016098002016012975 -0.0046891294508979286 -0.0026634318756014251
leaf_weight=16623.68561732024 900.16232244670391 6515.1241962239146 13901.736119806767 5288.0063233599067 206.35425160825253 337.49783232808113 388.73039856553078
leaf_count=53887 2738 20476 43677 16207 628 1000 1163
internal_value=-1.33251e-05 7.622e-05 0.000285733 -0.000464756 -0.0020858 -0.00354419 -0.00146041
internal_weight=44161.3 42328.6 30525.4 11803.1 1832.74 543.852 1288.89
internal_count=139776 134247 97564 36683 5529 1628 3901
is_linear=0
shrinkage=0.01


Tree=133
num_leaves=8
num_cat=0
split_feature=42 14 33 3 3 20 15
split_gain=79.5484 69.1686 42.316 39.4556 60.4727 38.3041 22.4294
threshold=0.10539993271231653 -0.3059037178754806 0.59666025638580333 0.3611403107643128 1.7444621920585635 1.7547594308853152 -0.43220488727092737
decision_type=2 2 2 2 2 2 2
left_child=3 5 -3 6 -5 -2 -1
right_child=1 2 -4 4 -6 -7 -8
leaf_value=6.6637963166450262e-05 -0.0010108686923965262 0.00043843561960847806 -0.00080887934568655661 -0.0013487816342670704 0.0019449370690928641 -0.0041781563656103863 0.00077782464658934347
leaf_weight=6600.4279682859778 8027.9642239063978 8018.2340222299099 4114.4421195015311 2570.7637036293745 708.83317741751671 402.60173028707504 13717.496833994985
leaf_count=21269 24550 25006 12547 8459 2190 1183 44572
internal_value=-1.32059e-05 -0.000468071 1.45893e-05 0.00038275 -0.000633472 -0.00116379 0.000547297
internal_weight=44160.8 20563.2 12132.7 23597.5 3279.6 8430.57 20317.9
internal_count=139776 63286 37553 76490 10649 25733 65841
is_linear=0
shrinkage=0.01


Tree=134
num_leaves=8
num_cat=0
split_feature=46 42 4 21 46 3 4
split_gain=80.2035 66.9423 59.8963 41.1331 15.823 14.1212 9.79671
threshold=1.6089237928390505 0.10539993271231653 1.3261910080909731 1.4228893518447878 1.7750096321105959 0.05690691992640496 -0.53399252891540516
decision_type=2 2 2 2 2 2 2
left_child=1 2 -1 -3 6 -6 -2
right_child=4 3 -4 -5 5 -7 -8
leaf_value=0.00053733198874536634 -2.8359544996935026e-05 -0.00020417314462010291 -0.0024065907470527921 -0.0017725751567107661 -0.0023616811578482232 -0.0059297419813572104 -0.0019907093038228564
leaf_weight=22027.399460338056 365.46884424984455 17740.403917141259 711.42525872588158 1848.7127538174391 373.6232857555151 169.90427507460117 923.1580315977335
leaf_count=71511 1106 55023 2297 5416 1123 505 2795
internal_value=-1.30728e-05 7.53852e-05 0.000444685 -0.000352784 -0.00206108 -0.00350425 -0.00144237
internal_weight=44160.1 42327.9 22738.8 19589.1 1832.15 543.528 1288.63
internal_count=139776 134247 73808 60439 5529 1628 3901
is_linear=0
shrinkage=0.01


Tree=135
num_leaves=8
num_cat=0
split_feature=21 5 5 42 27 47 7
split_gain=77.3476 56.5341 50.5199 36.7034 31.9103 25.7921 18.1952
threshold=-0.17539674788713452 -0.049027064815163605 -3.5557948350906368 -0.45321573317050928 1.356152415275574 -1.8753270506858823 -0.24195269495248792
decision_type=2 2 2 2 2 2 2
left_child=4 2 -2 -3 5 -1 -6
right_child=1 3 -4 -5 6 -7 -8
leaf_value=-0.0013577861250752392 -0.0031785508771165691 -0.00016280209928077629 0.00015565310692623564 -0.0013940453979953533 0.0006547296345337213 0.00071981552691486553 -0.0012075691663688826
leaf_weight=616.01110936701298 468.39107854664326 3966.7988852337003 14182.796154431999 6294.2656503468752 774.19853082299232 16403.06128860265 1590.6436351016164
leaf_count=1900 1372 12916 43687 19684 2565 53075 4952
internal_value=1.85017e-05 -0.000349857 4.81681e-05 -0.000919099 0.000492427 0.000643953 -0.000593647
internal_weight=44296.2 24912.3 14651.2 10261.1 19383.9 17019.1 2364.84
internal_count=140151 77659 45059 32600 62492 54975 7517
is_linear=0
shrinkage=0.01


Tree=136
num_leaves=8
num_cat=0
split_feature=0 24 8 30 30 5 7
split_gain=86.3202 65.3293 47.5427 39.1982 34.0565 23.4625 23.1457
threshold=1.1365512013435366 1.4604497551918032 -0.26059652864933008 0.60755878686904918 -1.2817769050598142 -0.23189226537942884 -0.17001743614673612
decision_type=2 2 2 2 2 2 2
left_child=1 2 -1 4 -2 -5 -3
right_child=3 6 -4 5 -6 -7 -8
leaf_value=0.00074282276801423128 -0.002713614997108549 -0.00024861263531018147 -4.4854439005318019e-06 -0.0010681761752435936 5.1690294465642631e-06 -0.0027859843472478429 -0.0024405387858169869
leaf_weight=15220.606394901872 520.27060849964619 838.52323462814093 19255.943385191262 2058.8586639612913 3905.2480246052146 1328.3901604264975 1167.8236562907696
leaf_count=49895 1527 2687 60364 6147 11914 4074 3543
internal_value=1.83087e-05 0.000222819 0.000325156 -0.000935309 -0.000312737 -0.00174543 -0.00153002
internal_weight=44295.7 36482.9 34476.5 7812.77 4425.52 3387.25 2006.35
internal_count=140151 116489 110259 23662 13441 10221 6230
is_linear=0
shrinkage=0.01


Tree=137
num_leaves=8
num_cat=0
split_feature=0 24 8 46 11 42 23
split_gain=84.6096 64.0374 46.5989 27.8057 22.3882 19.668 10.3715
threshold=1.1365512013435366 1.4604497551918032 -0.26059652864933008 1.7750096321105959 -0.62765249609947193 -0.55336046218872059 1.3176771998405459
decision_type=2 2 2 2 2 2 2
left_child=1 2 -1 4 -2 -3 -5
right_child=3 5 -4 6 -6 -7 -8
leaf_value=0.00073541282335376327 0.00020597251511351774 -0.00017886886695678527 -4.4405907520199517e-06 -0.0019358201430269026 -0.0010839547741654954 -0.0022575509751169664 -0.0050712936805191256
leaf_weight=15220.239872783422 1754.7274972200394 722.01778659969568 19255.943633109331 262.1448986530304 5597.3027093186975 1284.1829845011234 198.0223643630743
leaf_count=49895 5469 2315 60364 788 16831 3915 574
internal_value=1.81127e-05 0.000220585 0.000321905 -0.000926046 -0.000774738 -0.00151489 -0.00331485
internal_weight=44294.6 36482.4 34476.2 7812.2 7352.03 2006.2 460.167
internal_count=140151 116489 110259 23662 22300 6230 1362
is_linear=0
shrinkage=0.01


Tree=138
num_leaves=8
num_cat=0
split_feature=24 29 21 7 40 14 36
split_gain=82.5492 49.1264 42.3445 38.6833 15.5107 14.489 12.1807
threshold=1.4604497551918032 1.6974222064018252 -0.17539674788713452 -0.025175506249070164 1.1504898071289065 -0.4842295348644256 -0.65414768457412709
decision_type=2 2 2 2 2 2 2
left_child=1 2 -1 4 -2 -5 -3
right_child=3 6 -4 5 -6 -7 -8
leaf_value=0.00053366875958323491 -0.00079659553620139501 -0.00036389018308650111 -0.00011812798680531346 -0.00086303530088786416 0.0014355793521536903 -0.0027673838579622893 -0.0036862442906839539
leaf_weight=19031.539086014032 1251.8431964442134 161.07521367073059 20885.406345404685 558.12610672414303 411.52913972735405 1586.5497287362814 407.3942639157176
leaf_count=61377 3917 501 65519 1651 1255 4671 1260
internal_value=1.79184e-05 0.000150554 0.00019239 -0.00138924 -0.000237802 -0.00227709 -0.00276471
internal_weight=44293.5 40485.4 39916.9 3808.05 1663.37 2144.68 568.469
internal_count=140151 128657 126896 11494 5172 6322 1761
is_linear=0
shrinkage=0.01


Tree=139
num_leaves=8
num_cat=0
split_feature=24 8 30 2 42 10 30
split_gain=80.918 51.1315 37.0794 32.0518 22.9736 16.3314 12.9988
threshold=1.4604497551918032 0.35623137652873998 0.99354788661003124 0.22571600228548053 -0.28970234096050257 0.070982318371534361 1.6406509280204775
decision_type=2 2 2 2 2 2 2
left_child=1 3 -3 -1 5 -2 -6
right_child=4 2 -4 -5 6 -7 -8
leaf_value=0.00017615687634407227 0.0010966608053279833 -2.3935328196660777e-05 -0.0011627741357500665 0.00094556298967006568 -0.0022063246726233476 -0.0011406433708614978 0.00045685916088759242
leaf_weight=15529.57420540601 490.90300008654594 12931.710085459054 3676.4642798826098 8347.3434002920985 2168.4929161295295 955.01699746400118 193.18381687998772
leaf_count=50786 1548 40212 11141 26518 6358 2991 597
internal_value=1.77266e-05 0.000149041 -0.000276691 0.000445588 -0.00137555 -0.000373914 -0.00198414
internal_weight=44292.7 40485.1 16608.2 23876.9 3807.6 1445.92 2361.68
internal_count=140151 128657 51353 77304 11494 4539 6955
is_linear=0
shrinkage=0.01


Tree=140
num_leaves=8
num_cat=0
split_feature=8 33 36 33 3 44 44
split_gain=60.0396 55.8083 34.2371 31.7262 23.7944 23.5842 13.7504
threshold=-0.029031472280621525 -0.34332677721977228 -0.061391865834593766 1.5542361140251162 0.25412562489509588 1.4792564511299136 -0.71691268682479847
decision_type=2 2 2 2 2 2 2
left_child=3 5 -3 4 -1 -2 -5
right_child=1 2 -4 6 -6 -7 -8
leaf_value=0.00065145803692917201 0.00016470145001024061 -5.4098748784692673e-05 -0.0010885294269768928 -0.0028723489730753844 -0.0002790360496176156 0.0022137316676434748 -0.00043962593030538087
leaf_weight=17331.636923834682 8037.5557994917035 5046.4444158375263 8842.468912139535 355.50234599411488 3249.024972461164 604.65393556654453 704.89993633329868
leaf_count=56259 25243 15500 26939 1106 10606 1890 2243
internal_value=4.04218e-05 -0.000320641 -0.000713427 0.000416794 0.000504071 0.000309459 -0.00126656
internal_weight=44172.2 22531.1 13888.9 21641.1 20580.7 8642.21 1060.4
internal_count=139786 69572 42439 70214 66865 27133 3349
is_linear=0
shrinkage=0.01


Tree=141
num_leaves=8
num_cat=0
split_feature=0 8 9 5 6 36 31
split_gain=112.873 43.742 56.9398 37.3348 31.129 30.5591 24.6123
threshold=1.2094886302948 0.16919916123151782 1.8301765322685244 -0.61935278773307789 -1.3909443020820615 0.017233319580554966 0.16378755122423175
decision_type=2 2 2 2 2 2 2
left_child=1 4 -3 6 -1 -5 -2
right_child=3 2 -4 5 -6 -7 -8
leaf_value=-0.00049897440189546364 0.00044708421444628201 -0.00036888728879180767 0.0012824586876753008 -0.00095477102901140643 0.00070099717224417885 -0.0028750635893256826 -0.0012763169523615475
leaf_weight=2439.8776770085096 1673.5626942738891 14280.101303294301 2443.3487914130092 1708.1042423844337 18346.540041103959 1650.8752369433641 1629.1060453280807
leaf_count=7930 5032 44247 7697 5330 59734 5014 4802
internal_value=4.0011e-05 0.000253268 -0.00012696 -0.00115914 0.000559648 -0.00190211 -0.000400119
internal_weight=44171.5 37509.9 16723.5 6661.65 20786.4 3358.98 3302.67
internal_count=139786 119608 51944 20178 67664 10344 9834
is_linear=0
shrinkage=0.01


Tree=142
num_leaves=8
num_cat=0
split_feature=0 21 0 2 3 21 35
split_gain=110.638 29.839 35.0019 28.4499 27.9969 27.2441 19.3542
threshold=1.2094886302948 1.0000000180025095e-35 0.50744754076004039 0.61633989214897167 1.7444621920585635 1.7559852600097658 0.2558086514472962
decision_type=2 2 2 2 2 2 2
left_child=1 2 -1 6 -3 -5 -2
right_child=3 4 -4 5 -6 -7 -8
leaf_value=0.00072372763318838201 -0.0011026302671488157 -0.00014706972335461126 -0.00031535923353996761 -0.00021495726594558673 0.0016347653032103015 -0.0031647449535327529 -0.0026796595503455083
leaf_weight=16023.989885188639 1732.2054125070572 16506.96953214705 4048.368919223547 3115.2167102620006 930.20867465436459 348.57747863233089 1465.0719993114471
leaf_count=51885 5402 51999 12907 9283 2817 995 4498
internal_value=3.9604e-05 0.000250735 0.000513652 -0.00114767 -5.13537e-05 -0.000515522 -0.001829
internal_weight=44170.6 37509.5 20072.4 6661.07 17437.2 3463.79 3197.28
internal_count=139786 119608 64792 20178 54816 10278 9900
is_linear=0
shrinkage=0.01


Tree=143
num_leaves=8
num_cat=0
split_feature=24 7 21 42 10 22 42
split_gain=69.4383 60.4122 42.1847 41.0363 19.0276 14.503 13.5095
threshold=1.4604497551918032 2.3361550569534306 -0.17539674788713452 -0.2608176320791244 -0.12501839548349378 -0.54569453001022328 2.3123195171356206
decision_type=2 2 2 2 2 2 2
left_child=1 2 -1 4 -2 -3 -5
right_child=3 5 -4 6 -6 -7 -8
leaf_value=0.00045277200803472728 0.0018869102336341026 0.0012383453953607453 -0.00019907702336775042 -0.0023237495971230133 -0.00065319660365376606 0.0044669480393582 0.00021253685496117625
leaf_weight=19008.071908801794 410.37319025397301 235.35656435787678 20757.75871515274 2111.3725988417864 1038.1615388393402 383.50666841864586 225.08309282362461
leaf_count=61264 1308 764 65115 6241 3244 1200 650
internal_value=3.91961e-05 0.000160811 0.000112259 -0.00125545 6.0328e-05 0.00325921 -0.00207515
internal_weight=44169.7 40384.7 39765.8 3784.99 1448.53 618.863 2336.46
internal_count=139786 128343 126379 11443 4552 1964 6891
is_linear=0
shrinkage=0.01


Tree=144
num_leaves=8
num_cat=0
split_feature=0 6 15 6 2 11 19
split_gain=107.774 32.5671 77.9769 35.1824 28.0035 28.6995 19.9325
threshold=1.2094886302948 0.44131685793399816 -0.22935759276151654 -1.3909443020820615 0.61633989214897167 -0.49916009604930872 1.8591064810752871
decision_type=2 2 2 2 2 2 2
left_child=1 3 -3 -1 5 -2 -6
right_child=4 2 -4 -5 6 -7 -8
leaf_value=-0.00049432197884556074 -0.00052766756359004768 -0.00076512219490106395 0.0009166703485476936 0.00059767876145045285 -0.00026153025212579696 -0.0025172364711190443 -0.0028987950339661593
leaf_weight=3397.030791580677 1143.4395053237677 7907.212785243988 4228.4001220166683 21976.220598362386 3147.3268732950091 2053.328381434083 316.08519826829433
leaf_count=10957 3603 24291 13061 71299 9371 6297 907
internal_value=3.8808e-05 0.000247183 -0.000178286 0.000451071 -0.00113308 -0.00180911 -0.000505872
internal_weight=44169 37508.9 12135.6 25373.3 6660.18 3196.77 3463.41
internal_count=139786 119608 37352 82256 20178 9900 10278
is_linear=0
shrinkage=0.01


Tree=145
num_leaves=8
num_cat=0
split_feature=0 46 36 17 7 17 3
split_gain=81.6161 46.5915 39.8291 31.5106 24.3943 18.5769 17.4917
threshold=1.1251554489135744 -0.81623727083206166 0.39384576678276068 1.4732546210289004 1.8851803541183474 -0.27577833831310267 1.1959424018859866
decision_type=2 2 2 2 2 2 2
left_child=1 5 6 -3 -4 -1 -2
right_child=2 3 4 -5 -6 -7 -8
leaf_value=0.00026468586951846473 -0.0004936463247866876 9.1638886822512105e-05 -0.001915109845835123 -0.0013406279921006378 0.0013413221006948175 0.001131993406948124 0.0014208265789563729
leaf_weight=4103.1169364452362 3918.8271020501852 24144.716238416731 3265.8839944601059 1639.4185058325529 243.09736371040344 6339.820984557271 540.57994268834591
leaf_count=13257 12017 77249 9794 4939 724 20298 1579
internal_value=2.69935e-05 0.000228761 -0.00088897 1.35566e-07 -0.00168634 0.000792237 -0.000259061
internal_weight=44195.5 36227.1 7968.39 25784.1 3508.98 10442.9 4459.41
internal_count=139857 115743 24114 82188 10518 33555 13596
is_linear=0
shrinkage=0.01


Tree=146
num_leaves=7
num_cat=0
split_feature=20 18 29 46 12 12
split_gain=70.6613 36.6704 30.2597 20.8195 22.9778 13.5165
threshold=1.325319290161133 -0.9367355704307555 1.6974222064018252 1.7750096321105959 -0.10697513446211813 -1.9952401518821714
decision_type=2 2 2 2 2 2
left_child=1 5 -3 4 -2 -1
right_child=3 2 -4 -5 -6 -7
leaf_value=-0.00092209582229885016 -0.00015568025329797821 3.7159027976519601e-05 -0.0026742665622261149 -0.0034990545722834183 -0.0014360561571651253 0.00077468488506704947
leaf_weight=486.8286439627409 2642.0698172599077 27448.912455156446 416.85012080520391 313.24845094978809 3031.9862968102098 9854.6584610193968
leaf_count=1585 8225 86970 1290 919 9006 31862
internal_value=2.67264e-05 0.000185242 -3.13745e-06 -0.000983014 -0.000841756 0.00069376
internal_weight=44194.6 38207.2 27865.8 5987.3 5674.06 10341.5
internal_count=139857 121707 88260 18150 17231 33447
is_linear=0
shrinkage=0.01


Tree=147
num_leaves=8
num_cat=0
split_feature=0 20 36 31 28 13 2
split_gain=79.3761 43.9225 38.9055 24.6053 24.1764 23.3992 16.5248
threshold=1.1251554489135744 0.97768503427505504 0.39384576678276068 1.5657845735549929 0.62109684944152843 -1.4395816922187803 0.73664212226867687
decision_type=2 2 2 2 2 2 2
left_child=1 3 6 -1 -4 -3 -2
right_child=2 5 4 -5 -6 -7 -8
leaf_value=0.00034289322271688415 -0.00077347153147023975 0.0028896544129140716 -0.002465459223119902 0.0020243128269915268 -0.00079202795895671118 -0.00059072063802057407 0.00045782120481262901
leaf_weight=28397.85816975683 2587.2174246162176 197.04307068884373 1823.4182561412454 899.86184581369162 1684.8401175588369 6731.650033056736 1872.0128386542201
leaf_count=91292 8045 617 5537 2928 4981 20906 5551
internal_value=2.64486e-05 0.000225425 -0.000876913 0.000394946 -0.0016651 -0.000489897 -0.000254338
internal_weight=44193.9 36226.4 7967.49 29297.7 3508.26 6928.69 4459.23
internal_count=139857 115743 24114 94220 10518 21523 13596
is_linear=0
shrinkage=0.01


Tree=148
num_leaves=8
num_cat=0
split_feature=0 8 36 21 5 5 30
split_gain=77.8037 42.3313 38.1418 37.4871 28.9559 28.415 19.5864
threshold=1.1251554489135744 0.29458150267601019 0.39384576678276068 -0.93192824721336354 1.8105468153953554 -0.49880601465702051 0.51674664020538341
decision_type=2 2 2 2 2 2 2
left_child=1 4 6 -3 -1 -4 -2
right_child=2 3 5 -5 -6 -7 -8
leaf_value=0.00041409626223402088 0.00031314362283321002 0.00068401164552532243 -0.00086450178133081629 -0.00047215084523709105 0.0019389420836671157 -0.0026951583767190136 -0.0010261672084273651
leaf_weight=19916.893596820533 2571.1812156885862 3730.0878354683518 2011.6529442369938 11246.64296746254 1332.5084640532732 1496.1379759162664 1887.9993490427732
leaf_count=64741 7859 11767 5965 34832 4403 4553 5737
internal_value=2.61825e-05 0.000223176 -0.000868218 -0.000183504 0.000510274 -0.00164871 -0.000251776
internal_weight=44193.1 36226.1 7966.97 14976.7 21249.4 3507.79 4459.18
internal_count=139857 115743 24114 46599 69144 10518 13596
is_linear=0
shrinkage=0.01


Tree=149
num_leaves=8
num_cat=0
split_feature=20 11 42 39 47 23 14
split_gain=67.8997 45.6074 41.9311 21.9001 21.3051 19.7707 14.2059
threshold=1.325319290161133 1.713921129703522 0.54689723253250133 -0.77595660090446461 0.32514853775501257 1.2216883897781374 -0.81701698899269093
decision_type=2 2 2 2 2 2 2
left_child=1 2 -1 -3 5 -2 -6
right_child=4 3 -4 -5 6 -7 -8
leaf_value=0.00034182307030860784 0.00026157240864442245 0.0045067416296284057 -0.00038404505655797788 0.0013160221235061747 0.00073101365576438331 -0.0012666776647212938 -0.0018752987942579904
leaf_weight=25048.411999151111 1832.9973446875811 265.25829215347767 11653.996479712427 1238.1025432050228 222.99752788990736 1558.5258169919252 2371.7951652258635
leaf_count=81090 5608 879 35897 3841 673 4635 7234
internal_value=2.59185e-05 0.000181305 0.000111064 0.00188827 -0.000963979 -0.000437932 -0.00164726
internal_weight=44192.1 38205.8 36702.4 1503.36 5986.32 3391.52 2594.79
internal_count=139857 121707 116987 4720 18150 10243 7907
is_linear=0
shrinkage=0.01


Tree=150
num_leaves=8
num_cat=0
split_feature=46 6 29 6 5 5 35
split_gain=74.0331 40.4515 39.5113 38.1416 16.933 16.1216 8.56557
threshold=1.2812070846557619 -0.57654267549514759 1.6621997952461245 0.049410911276936538 0.75405728816986095 -1.1712773442268369 0.66439786553382885
decision_type=2 2 2 2 2 2 2
left_child=2 5 3 -1 -3 -2 -4
right_child=1 4 6 -5 -6 -7 -8
leaf_value=0.00054150112475738357 0.0024006075480735821 -0.0011952909588412819 -0.0015060672196160092 -9.4463244460851878e-05 -0.0028537183274072483 -0.0001195570713903338 -0.0042192591449223063
leaf_weight=20236.211452439427 316.62139055132866 3629.8238223791122 362.80573157966137 17616.969836257398 757.23407556116581 1233.3994823843241 186.65349956601858
leaf_count=65987 981 10905 1151 54534 2320 3900 576
internal_value=4.5461e-05 -0.000993381 0.000206349 0.000245263 -0.00148441 0.000390003 -0.00245191
internal_weight=44339.7 5937.08 38402.6 37853.2 4387.06 1550.02 549.459
internal_count=140354 18106 122248 120521 13225 4881 1727
is_linear=0
shrinkage=0.01


Tree=151
num_leaves=8
num_cat=0
split_feature=0 30 42 41 22 15 30
split_gain=95.7623 32.2547 29.0927 30.2002 24.8166 19.0394 18.8369
threshold=0.90010043978691112 0.65804550051689159 -0.028444004245102402 2.9886816740036015 0.95803159475326549 -0.59876292943954457 1.6406509280204775
decision_type=2 2 2 2 2 2 2
left_child=2 4 5 -4 -2 -1 -3
right_child=1 6 3 -5 -6 -7 -8
leaf_value=-0.00023828875282358832 -0.00068757847390286194 -0.0016804638502013517 -4.5877878777543885e-05 0.0039122802629721985 0.00068010072091864943 0.00072660183918634813 0.00023560641464367375
leaf_weight=2348.1040384322405 4954.045567445457 3810.0137558802962 15561.318512298167 194.17651831358671 1804.5131697356701 15084.401599176228 582.29874481260777
leaf_count=7664 15229 11522 48704 607 5474 49325 1829
internal_value=4.49943e-05 -0.000756455 0.00031459 2.51446e-06 -0.000320887 0.000596054 -0.00142417
internal_weight=44338.9 11150.9 33188 15755.5 6758.56 17432.5 4392.31
internal_count=140354 34054 106300 49311 20703 56989 13351
is_linear=0
shrinkage=0.01


Tree=152
num_leaves=7
num_cat=0
split_feature=46 8 41 4 19 17
split_gain=71.9291 40.546 37.2953 26.7609 17.3065 16.0485
threshold=1.2812070846557619 -0.029031472280621525 2.590663075447083 1.1108436584472658 1.9772435426712038 -0.6394464075565337
decision_type=2 2 2 2 2 2
left_child=1 3 -3 -1 5 -2
right_child=4 2 -4 -5 -6 -7
leaf_value=0.00060969918151727376 -0.0031042182999790279 -0.00018532287273164959 0.0026440406950097779 -0.0013426897171892646 -0.0034030995348817285 -0.00072663968803111337
leaf_weight=18136.334204740822 302.32231399416924 19062.793751724064 476.25024015456438 726.36687999218702 282.46880438923836 5351.4935967922211
leaf_count=59136 944 59277 1488 2347 818 16344
internal_value=4.45435e-05 0.000203126 -0.000115716 0.000533919 -0.000979503 -0.000856069
internal_weight=44338 38401.7 19539 18862.7 5936.28 5653.82
internal_count=140354 122248 60765 61483 18106 17288
is_linear=0
shrinkage=0.01


Tree=153
num_leaves=8
num_cat=0
split_feature=0 46 6 3 8 23 6
split_gain=93.1956 50.7331 39.074 30.0437 29.9738 27.9977 21.9367
threshold=0.90010043978691112 -0.76221302151679982 -0.075328603386878953 1.1959424018859866 -0.27423538267612452 0.89017874002456676 -1.3909443020820615
decision_type=2 2 2 2 2 2 2
left_child=1 6 3 -2 -3 -4 -1
right_child=2 4 5 -5 -6 -7 -8
leaf_value=-0.00037926251427512027 -0.00026892648994365006 0.00045716311999390019 -0.00064756603293570161 0.002609485118292303 -0.00027625550976685356 -0.0019443766510915889 0.0010478273511657357
leaf_weight=1206.1501789316535 3930.1837564408779 9873.5656303614378 3829.0479823872447 398.45682370662689 12780.367170102894 2992.2945290729403 9327.2494864687324
leaf_count=3929 12393 32304 11664 1192 40068 8805 29999
internal_value=4.40885e-05 0.000310047 -0.000746582 -1.11391e-06 4.29648e-05 -0.0012181 0.000883446
internal_weight=44337.3 33187.3 11150 4328.64 22653.9 6821.34 10533.4
internal_count=140354 106300 34054 13585 72372 20469 33928
is_linear=0
shrinkage=0.01


Tree=154
num_leaves=8
num_cat=0
split_feature=6 7 39 22 22 25 7
split_gain=57.8724 49.3168 38.4111 37.1097 82.9414 25.2305 14.343
threshold=0.049410911276936538 1.8851803541183474 0.21584034711122516 0.8453870713710786 1.0000000180025095e-35 1.7107775807380678 2.7660176753997807
decision_type=2 2 2 2 2 2 2
left_child=3 2 -2 4 -1 -5 -3
right_child=1 6 -4 5 -6 -7 -8
leaf_value=0.0005138504275826242 4.5873056710114956e-05 0.0008731074669721359 -0.0008500001306898686 0.001433719035429297 -0.0011861881469598392 -0.0020570849555120578 0.0032468905549276417
leaf_weight=15640.693303801119 8275.5066317021847 1169.4949680641294 11282.544809296727 3907.8465961888433 3511.5831376463175 215.48794314265251 333.03664474189281
leaf_count=51002 25974 3627 34114 12649 11236 686 1066
internal_value=4.3642e-05 -0.00033591 -0.000470439 0.000387503 0.000201579 0.00124841 0.00140772
internal_weight=44336.2 21060.6 19558.1 23275.6 19152.3 4123.33 1502.53
internal_count=140354 64781 60088 75573 62238 13335 4693
is_linear=0
shrinkage=0.01


Tree=155
num_leaves=8
num_cat=0
split_feature=46 6 5 5 47 6 46
split_gain=71.1383 41.0572 53.0872 37.6358 20.3577 22.3951 11.6274
threshold=1.5589362978935244 0.60179314017295849 -1.9844979643821714 -0.63617536425590504 -0.20753259211778638 -0.46541307866573328 1.7133846879005434
decision_type=2 2 2 2 2 2 2
left_child=1 3 -3 -1 6 -6 -2
right_child=4 2 -4 -5 5 -7 -8
leaf_value=0.00088717538197838352 0.00048136708850705175 -0.0022411331657431529 -0.00015121047529635597 8.3902696002725232e-05 -0.00032944837114372234 -0.0030748405179538995 -0.0020311595540243479
leaf_weight=8032.0999397411942 526.55525240302086 1365.5968833193183 11133.431348465383 21421.392582625151 413.20319111645222 1142.9264640808105 279.1827921718359
leaf_count=25502 1583 4026 34193 69371 1292 3448 829
internal_value=4.03468e-06 9.93432e-05 -0.000380509 0.000303321 -0.00168397 -0.00235295 -0.000378249
internal_weight=44314.4 41952.5 12499 29453.5 2361.87 1556.13 805.738
internal_count=140244 133092 38219 94873 7152 4740 2412
is_linear=0
shrinkage=0.01


Tree=156
num_leaves=8
num_cat=0
split_feature=24 8 9 6 12 12 40
split_gain=55.5167 36.7602 36.6017 28.3959 24.0306 20.2888 14.5613
threshold=1.3699411749839785 0.3256817907094956 1.8718717694282534 -0.47652222216129297 1.8627340793609621 -0.68188440799713124 1.4322099685668948
decision_type=2 2 2 2 2 2 2
left_child=1 4 -3 6 -1 -5 -2
right_child=3 2 -4 5 -6 -7 -8
leaf_value=0.0003421296554904295 1.6007546428447169e-05 -0.00043090257154073693 0.00089490178908447325 -0.00021066688979976691 0.0026475723152715341 -0.0017713052794905136 0.0033542100521715408
leaf_weight=22496.950328245759 725.59952247142792 13869.828145101666 2445.5004317462444 1178.3395884186029 461.94800927489996 2975.3665187731385 160.05186638236046
leaf_count=72940 2289 42846 7679 3658 1489 8857 486
internal_value=3.986e-06 0.000131006 -0.000231523 -0.000983793 0.000389066 -0.00133114 0.000633657
internal_weight=44313.6 39274.2 16315.3 5039.36 22958.9 4153.71 885.651
internal_count=140244 124954 50525 15290 74429 12515 2775
is_linear=0
shrinkage=0.01


Tree=157
num_leaves=8
num_cat=0
split_feature=0 8 14 3 31 0 1
split_gain=86.6447 39.0245 37.0427 30.528 23.7027 18.7178 17.8096
threshold=0.76547989249229442 0.3256817907094956 -0.18327064067125318 0.15206501632928851 0.16378755122423175 1.3698309659957888 0.50357866287231456
decision_type=2 2 2 2 2 2 2
left_child=1 3 -3 -1 5 -2 -6
right_child=4 2 -4 -5 6 -7 -8
leaf_value=0.00076406425187616365 0.00011800379089971062 -0.00060982619293178605 0.00047965641907884142 -0.00029152326373855147 -0.0015789134801286317 -0.00099908417628301631 -0.00048732558298266885
leaf_weight=15432.597102433443 4311.6776804327965 7245.5979540348053 5473.0628714486957 3315.2154998108745 3666.4902457073331 2288.8949814140797 2579.3250798508525
leaf_count=50217 13491 22491 17192 10927 11157 6958 7811
internal_value=3.94947e-06 0.000286709 -0.000140216 0.000576864 -0.000687844 -0.000267949 -0.00112987
internal_weight=44312.9 31466.5 12718.7 18747.8 12846.4 6600.57 6245.82
internal_count=140244 100827 39683 61144 39417 20449 18968
is_linear=0
shrinkage=0.01


Tree=158
num_leaves=8
num_cat=0
split_feature=0 8 6 30 30 31 30
split_gain=84.9246 38.248 34.318 34.1372 30.5531 24.5377 16.2372
threshold=0.76547989249229442 0.3256817907094956 2.0233963727951054 0.5815473496913911 -1.1874679923057554 -0.30696201324462885 1.8354021906852724
decision_type=2 2 2 2 2 2 2
left_child=1 4 -3 5 -1 -2 -5
right_child=3 2 -4 6 -6 -7 -8
leaf_value=-0.00029423071652200382 0.00044451349377812728 -0.00023551518091079584 0.0026703292180851367 -0.0014374711443153043 0.00075912567815488189 -0.00071742508899440185 0.00083323423030313591
leaf_weight=3336.8244992420077 3045.5287278369069 12299.658630512655 418.95931759476662 4988.6127128228545 15410.608362138271 4481.9350455999374 329.77686867117882
leaf_count=10891 9431 38371 1312 15185 50253 13754 1047
internal_value=3.90266e-06 0.000283843 -0.000138806 -0.000681004 0.000571101 -0.000245993 -0.00129466
internal_weight=44311.9 31466.1 12718.6 12845.9 18747.4 7527.46 5318.39
internal_count=140244 100827 39683 39417 61144 23185 16232
is_linear=0
shrinkage=0.01


Tree=159
num_leaves=8
num_cat=0
split_feature=24 29 30 12 45 26 14
split_gain=53.6579 42.2987 32.494 20.0149 23.6747 15.8168 9.90294
threshold=1.3699411749839785 1.7392373681068423 0.99354788661003124 -0.68188440799713124 0.68085017800331127 -0.37547041475772852 -0.046840514987707131
decision_type=2 2 2 2 2 2 2
left_child=1 2 -1 6 -5 -3 -2
right_child=3 5 -4 4 -6 -7 -8
leaf_value=0.00029729505345680733 -0.00038487368099860228 -0.005455753609158287 -0.00045560944818344532 -0.0022264782908950082 -0.00056421368286964108 -0.0013127173510121286 0.0017454414943551433
leaf_weight=31903.969419516623 1309.2561407536268 168.99255223572254 6978.2461641579866 1718.9953262507915 1749.5393755808473 221.4405256062746 260.64155955612659
leaf_count=101989 4093 527 21746 5218 5152 692 827
internal_value=3.86185e-06 0.000128736 0.000161905 -0.000967334 -0.00139131 -0.00314087 -2.39373e-05
internal_weight=44311.1 39272.6 38882.2 5038.43 3468.53 390.433 1569.9
internal_count=140244 124954 123735 15290 10370 1219 4920
is_linear=0
shrinkage=0.01


Tree=160
num_leaves=8
num_cat=0
split_feature=6 33 6 14 14 17 17
split_gain=54.4213 81.5965 33.3631 32.839 31.5648 26.4522 24.2047
threshold=0.049410911276936538 -0.34332677721977228 -1.3909443020820615 -0.15287407487630841 -0.1338546425104141 -0.40387380123138422 1.3687815070152285
decision_type=2 2 2 2 2 2 2
left_child=2 3 6 -2 -3 -4 -1
right_child=1 4 5 -5 -6 -7 -8
leaf_value=-0.00068234546594009586 2.9537179888406798e-05 -0.0011139901098842415 0.00013015506681579261 0.0014159183333101277 -1.0186996119724036e-05 0.00087045283648576268 0.0033266284905749204
leaf_weight=3476.5169473290443 5388.2355288639665 9553.3850956112146 8862.2639581784606 2511.3958010002971 3579.7596727237105 10694.340404927731 155.74693481624126
leaf_count=11213 16792 28985 29109 7873 10980 34567 475
internal_value=3.75039e-05 -0.000330584 0.000371799 0.000471675 -0.000813907 0.000535515 -0.000506825
internal_weight=44221.6 21032.8 23188.9 7899.63 13133.1 19556.6 3632.26
internal_count=139994 64630 75364 24665 39965 63676 11688
is_linear=0
shrinkage=0.01


Tree=161
num_leaves=8
num_cat=0
split_feature=0 8 41 21 31 33 12
split_gain=88.9205 46.7747 48.4492 24.4165 15.597 19.7227 19.2182
threshold=1.1251554489135744 0.27834427356719976 2.9886816740036015 0.23732145130634311 0.32199168205261236 0.79313385486602794 -0.43119715154170984
decision_type=2 2 2 2 2 2 2
left_child=1 3 -3 -1 5 -2 -6
right_child=4 2 -4 -5 6 -7 -8
leaf_value=0.00081462741932663977 0.0003933009493271422 -0.00024342563480002228 0.004794448806044938 0.000113480220938137 -0.00033841703908183286 -0.0010113298909180473 -0.0019240894218961416
leaf_weight=13182.70080691576 1527.2475539147854 14893.576913565397 192.22885678708553 8027.0126330032945 1144.854102499783 2846.5410368815064 2406.8587893769145
leaf_count=43239 4698 46312 595 25798 3519 8717 7116
internal_value=3.71325e-05 0.000246898 -0.000178255 0.000549761 -0.000922154 -0.000518595 -0.00141602
internal_weight=44221 36295.5 15085.8 21209.7 7925.5 4373.79 3551.71
internal_count=139994 115944 46907 69037 24050 13415 10635
is_linear=0
shrinkage=0.01


Tree=162
num_leaves=8
num_cat=0
split_feature=23 6 22 22 24 6 19
split_gain=56.9417 42.8539 36.7995 89.5236 44.2059 24.2408 16.737
threshold=1.2081391811370852 0.65635046362876903 0.8453870713710786 -0.070940475910902009 0.32050426304340368 1.358063340187073 1.7362738251686098
decision_type=2 2 2 2 2 2 2
left_child=2 6 3 -1 -4 -3 -2
right_child=1 5 4 -5 -6 -7 -8
leaf_value=0.00034879021266356739 0.00023619505796263794 -0.0022727128105839221 0.0018978378086421835 -0.00091924751385533685 0.0001951152108896069 -0.00063091118601141607 -0.0024885317461733713
leaf_weight=23601.619088441133 3058.3759375289083 2016.4292973875999 2569.5568813458085 7284.4371830374002 3785.3870551586151 1661.8987406790257 242.26715738326311
leaf_count=75605 9627 6006 8196 22969 11843 5006 742
internal_value=3.67603e-05 -0.00079183 0.000192324 4.93813e-05 0.000885357 -0.00153402 3.24782e-05
internal_weight=44220 6978.97 37241 30886.1 6354.94 3678.33 3300.64
internal_count=139994 21381 118613 98574 20039 11012 10369
is_linear=0
shrinkage=0.01


Tree=163
num_leaves=8
num_cat=0
split_feature=8 33 20 11 19 7 1
split_gain=55.559 56.3709 39.7017 29.0969 27.5348 25.1316 17.2512
threshold=0.27834427356719976 -0.35556963086128229 1.2415230870246889 1.713921129703522 1.8591064810752871 1.6919952630996706 0.45742240548133856
decision_type=2 2 2 2 2 2 2
left_child=2 5 3 -1 -3 -2 -4
right_child=1 4 6 -5 -6 -7 -8
leaf_value=0.00045434595093520372 0.00013102948728478653 -0.00069341140939180963 -0.0013197563323798856 0.0029833474052084427 -0.0030744052643970877 0.0021440023625740601 3.7528276459131619e-05
leaf_weight=21025.865997485816 6513.9057725220919 11291.789172559977 1777.0990698039532 465.70103816688061 509.71747532486916 686.45955757796764 1948.9477772116661
leaf_count=68362 20402 34482 5500 1533 1496 2143 6076
internal_value=3.639e-05 -0.000371688 0.000344282 0.000509748 -0.000797348 0.0003246 -0.000607312
internal_weight=44219.5 19001.9 25217.6 21491.6 11801.5 7200.37 3726.05
internal_count=139994 58523 81471 69895 35978 22545 11576
is_linear=0
shrinkage=0.01


Tree=164
num_leaves=8
num_cat=0
split_feature=23 6 38 14 14 6 42
split_gain=55.4771 41.7909 36.9406 49.8362 41.8319 23.7769 17.0166
threshold=1.2081391811370852 0.65635046362876903 0.14987619966268542 -0.95453286170959462 -0.33869375288486475 1.358063340187073 0.12049128487706186
decision_type=2 2 2 2 2 2 2
left_child=2 6 4 -4 -1 -3 -2
right_child=1 5 3 -5 -6 -7 -8
leaf_value=-0.00012977502108069315 0.00068287269487184708 -0.0022465639164633718 0.002341079746899107 -0.00024300841575528595 0.00084748417673517307 -0.00062036497756908816 -0.00076001588081530693
leaf_weight=6798.4179156646132 1818.9283815920353 2016.0482122972608 778.27616086602211 17434.233069449663 12229.4414672032 1661.7134139463305 1481.6264646202326
leaf_count=21495 5830 6006 2407 55923 38788 5006 4539
internal_value=3.6029e-05 -0.000781876 0.000189578 -0.000131911 0.000497808 -0.00151489 3.20939e-05
internal_weight=44218.7 6978.32 37240.4 18212.5 19027.9 3677.76 3300.55
internal_count=139994 21381 118613 58330 60283 11012 10369
is_linear=0
shrinkage=0.01


Tree=165
num_leaves=7
num_cat=0
split_feature=20 29 9 31 14 6
split_gain=63.6415 38.9543 35.8911 27.1823 25.4817 22.1518
threshold=1.2415230870246889 -0.70869410037994374 0.34184025228023535 1.4242457151412966 -1.3180650472640989 -0.13402477651834485
decision_type=2 2 2 2 2 2
left_child=1 3 -3 -1 -2 -6
right_child=4 2 -4 -5 5 -7
leaf_value=0.00054197534283493502 0.0022070304487494144 0.00030914009881137435 -0.00049171019668602187 0.0024842344738765761 0.00037273868536402742 -0.0011758388343253213
leaf_weight=13267.662869729102 267.49076699465513 13650.136691279709 9481.1524665728211 764.90894795954227 1091.6751840114594 5678.1352398619056
leaf_count=42686 820 43930 29472 2472 3420 17128
internal_value=6.77281e-05 0.00023306 -1.86906e-05 0.000648729 -0.000803873 -0.000924626
internal_weight=44201.2 37163.9 23131.3 14032.6 7037.3 6769.81
internal_count=139928 118560 73402 45158 21368 20548
is_linear=0
shrinkage=0.01


Tree=166
num_leaves=8
num_cat=0
split_feature=46 8 9 4 47 8 17
split_gain=69.163 43.3559 47.5995 27.5276 27.0858 28.3648 12.5232
threshold=1.2673068642616274 0.20018556714057925 1.8301765322685244 1.3261910080909731 -0.069345254451036439 0.37135228514671331 -0.66815114021301258
decision_type=2 2 2 2 2 2 2
left_child=1 3 -3 -1 5 -2 -6
right_child=4 2 -4 -5 6 -7 -8
leaf_value=0.00060242898838812158 0.00085042182436701049 -0.00036536592906719864 0.0011207736352385823 -0.0013780753490555578 -0.0039032530067209504 -0.0011847307580079183 -0.0013397188589523515
leaf_weight=20149.69872161001 1369.7773966342211 14587.803517349064 2525.9405809864402 723.28868669271469 206.86049871146679 1364.4384055584669 3272.6823405250907
leaf_count=65631 4280 45097 7924 2321 643 4011 10021
internal_value=6.70573e-05 0.000227261 -0.000145379 0.000533259 -0.000910588 -0.000161573 -0.00149607
internal_weight=44200.5 37986.7 17113.7 20873 6213.76 2734.22 3479.54
internal_count=139928 120973 53021 67952 18955 8291 10664
is_linear=0
shrinkage=0.01


Tree=167
num_leaves=8
num_cat=0
split_feature=46 8 6 3 0 2 0
split_gain=67.7932 42.4928 34.2328 29.9364 29.7203 19.326 15.4516
threshold=1.2673068642616274 0.20018556714057925 -0.27452771365642542 0.43227705359458929 -1.2838881611824033 0.49140733480453497 1.4645372033119204
decision_type=2 2 2 2 2 2 2
left_child=1 3 6 -1 -3 -4 -2
right_child=2 4 5 -5 -6 -7 -8
leaf_value=0.00066959325114641477 0.00045091009715513778 0.00081604433084380443 -0.0023063967179268552 -0.00048370742483639972 -0.00032509855380190761 -0.00087729287599380061 -0.0018683464839435674
leaf_weight=18317.774474769831 1875.9935151189566 2707.8163698390126 1605.3231759220362 2554.8961307033896 14405.858519122005 2394.3376842141151 337.68266099691391
leaf_count=59621 5933 8350 4912 8331 44671 7061 1049
internal_value=6.63799e-05 0.000224988 -0.000901569 0.000527929 -0.000143919 -0.00145382 9.19226e-05
internal_weight=44199.7 37986.3 6213.34 20872.7 17113.7 3999.66 2213.68
internal_count=139928 120973 18955 67952 53021 11973 6982
is_linear=0
shrinkage=0.01


Tree=168
num_leaves=8
num_cat=0
split_feature=20 9 9 9 24 38 15
split_gain=61.6147 33.5568 48.0439 29.6428 18.842 20.7779 16.4956
threshold=1.2415230870246889 0.24340209364891055 1.8301765322685244 -1.4568008184432981 1.4604497551918032 0.20887745916843417 -0.65125522017478932
decision_type=2 2 2 2 2 2 2
left_child=1 3 -3 -1 5 -2 -6
right_child=4 2 -4 -5 6 -7 -8
leaf_value=-0.00035499506728677087 0.00019714989097394082 -0.00033590453455583611 0.001130880550972112 0.00067002624411462825 0.00059332355028779611 -0.0010963128084313127 -0.0019472613845322778
leaf_weight=3366.2209884524345 2454.1892098933458 14091.029222130775 2651.2363609224558 17053.884335905313 290.65689893066883 2490.5656948909163 1800.9457835257053
leaf_count=10860 7514 43995 8351 55354 874 7647 5333
internal_value=6.57097e-05 0.000228388 -0.00010298 0.000500554 -0.00079196 -0.000452407 -0.00158932
internal_weight=44198.7 37162.4 16742.3 20420.1 7036.36 4944.75 2091.6
internal_count=139928 118560 52346 66214 21368 15161 6207
is_linear=0
shrinkage=0.01


Tree=169
num_leaves=8
num_cat=0
split_feature=46 0 30 46 6 5 0
split_gain=66.0428 39.9506 39.2149 35.233 33.3764 33.0616 15.1006
threshold=1.2673068642616274 0.48019903898239141 0.59479007124900829 -0.85546141862869252 -0.27452771365642542 -0.43146280944347376 1.4645372033119204
decision_type=2 2 2 2 2 2 2
left_child=1 3 -3 -1 6 -6 -2
right_child=4 2 -4 -5 5 -7 -8
leaf_value=0.00097479177259206825 0.000445443889316686 0.00015798664055442749 -0.0010541589077895574 0.00018738770330485724 -0.00067901906582998914 -0.0025392162348869558 -0.0018474891708624339
leaf_weight=8362.610538572073 1875.9909916445613 7670.7708823904395 4083.5240412279963 17868.681099161506 2378.4619629606605 1620.4616386592388 337.61968776583672
leaf_count=26980 5933 24097 12592 57304 7053 4920 1049
internal_value=6.50509e-05 0.000221595 -0.000262324 0.000438823 -0.000890386 -0.00143576 9.05342e-05
internal_weight=44198.1 37985.6 11754.3 26231.3 6212.53 3998.92 2213.61
internal_count=139928 120973 36689 84284 18955 11973 6982
is_linear=0
shrinkage=0.01


Tree=170
num_leaves=8
num_cat=0
split_feature=46 0 46 5 15 5 25
split_gain=95.7553 51.1928 37.8892 34.8243 11.8752 13.4566 12.5462
threshold=1.5589362978935244 0.59016636013984691 0.64195588231086742 -0.21498045325279233 -0.16730812937021253 -0.55982786417007435 1.1310359835624697
decision_type=2 2 2 2 2 2 2
left_child=1 2 -1 -3 5 -2 -6
right_child=4 3 -4 -5 6 -7 -8
leaf_value=0.00056320236953536591 -0.001449124262077998 0.00012535073234616126 -0.00034466617865626078 -0.00090451200164910804 -0.001716199875612138 -0.0031905080171962313 0.0015787363646575156
leaf_weight=23043.153771527112 944.82938605546951 6781.8613259643316 5727.2959409281611 6337.2673998549581 324.50651660561562 897.11584308743477 175.82991825044155
leaf_count=74180 2788 20684 18105 19913 1009 2763 533
internal_value=3.56259e-05 0.000145889 0.000382121 -0.000371399 -0.00193128 -0.00230396 -0.000537496
internal_weight=44231.9 41889.6 28770.4 13119.1 2342.28 1841.95 500.336
internal_count=139975 132882 92285 40597 7093 5551 1542
is_linear=0
shrinkage=0.01


Tree=171
num_leaves=8
num_cat=0
split_feature=46 38 5 0 47 41 4
split_gain=93.8735 53.8101 46.0073 34.0363 13.0166 10.8391 9.49043
threshold=1.5589362978935244 0.18566025048494342 -2.554160356521606 -1.2955205440521238 0.77005043625831615 -0.43217778205871576 0.041185237467288978
decision_type=2 2 2 2 2 2 2
left_child=1 2 -1 -3 5 -2 -6
right_child=4 3 -4 -5 6 -7 -8
leaf_value=-0.0018064084561949692 -0.0026628248496424994 0.00093430202079716805 0.00057107235937379163 -0.00038592207281381289 -0.0023326083277733661 -0.00088170350466135227 -0.0051010176670811258
leaf_weight=843.25118909031153 501.75384624302387 2195.1460703313351 21448.966899566352 17401.822869755328 494.14393526315689 1164.8122432529926 181.08380651473999
leaf_count=2571 1508 6977 67790 55544 1523 3507 555
internal_value=3.52622e-05 0.000144429 0.000480613 -0.000237487 -0.00191243 -0.00142522 -0.00309628
internal_weight=44231 41889.2 22292.2 19597 2341.79 1666.57 675.228
internal_count=139975 132882 70361 62521 7093 5015 2078
is_linear=0
shrinkage=0.01


Tree=172
num_leaves=8
num_cat=0
split_feature=46 38 42 36 22 22 10
split_gain=92.039 52.7383 49.8574 35.0829 15.3573 14.5627 10.4745
threshold=1.5589362978935244 0.18566025048494342 -0.028444004245102402 0.13051201403141025 1.3318438529968264 0.078932702541351332 1.0800768733024599
decision_type=2 2 2 2 2 2 2
left_child=1 3 -3 -1 5 -2 -6
right_child=4 2 -4 -5 6 -7 -8
leaf_value=0.00087198762042591112 -0.0019575700271568979 0.00021963544106421321 -0.00079388217070784129 7.7502729008844303e-05 -0.0015801676086596309 -0.0043926720774005298 0.00086730234154189039
leaf_weight=11162.601946868002 1273.7522611916065 10794.717279471457 8802.250279225409 11129.46371538192 482.60038463771343 317.54202521592379 267.40634188055992
leaf_count=35485 3862 35068 27453 34876 1478 956 797
internal_value=3.4896e-05 0.000142983 -0.000235107 0.000475806 -0.00189388 -0.00245223 -0.000694242
internal_weight=44230.3 41889 19597 22292.1 2341.3 1591.29 750.007
internal_count=139975 132882 62521 70361 7093 4818 2275
is_linear=0
shrinkage=0.01


Tree=173
num_leaves=8
num_cat=0
split_feature=8 21 2 16 17 27 30
split_gain=53.3031 49.2696 38.2506 28.9484 23.6221 22.3697 16.9132
threshold=-0.23326722532510755 -0.93192824721336354 -0.61145207285881031 1.4646210670471194 -0.8334209918975829 -0.32897703349590296 -0.069509010761976228
decision_type=2 2 2 2 2 2 2
left_child=3 4 -3 5 -2 -1 -5
right_child=1 2 -4 6 -6 -7 -8
leaf_value=0.00021428213555165136 -0.00020874899152208484 -0.0013853867382775725 -0.00028056820025769365 0.00065574945758270801 0.0011419332424813062 0.00092821626224795398 -0.0015775137384725583
leaf_weight=9556.74817597121 2194.0023818835616 3928.4848495200276 15680.498682916164 487.38558579981327 3119.686057202518 8189.4404795914888 1073.3179027289152
leaf_count=31300 7002 12431 47953 1529 9826 26560 3374
internal_value=3.45437e-05 -0.000270754 -0.000502478 0.000429154 0.000582426 0.000544343 -0.000873721
internal_weight=44229.6 24922.7 19609 19306.9 5313.69 17746.2 1560.7
internal_count=139975 77212 60384 62763 16828 57860 4903
is_linear=0
shrinkage=0.01


Tree=174
num_leaves=8
num_cat=0
split_feature=24 29 9 11 5 26 14
split_gain=68.3764 41.3355 40.5499 26.101 20.1731 17.6978 9.68044
threshold=1.4604497551918032 1.7392373681068423 0.25824587047100073 -1.0472091436386106 -0.081561598926782594 0.93038812279701244 -0.41304320096969599
decision_type=2 2 2 2 2 2 2
left_child=1 2 -1 6 -3 -5 -2
right_child=3 4 -4 5 -6 -7 -8
leaf_value=0.00046976989201879941 0.0025794758996021171 -0.00046208994679243249 -0.00017134170682693117 -0.002225878272315266 -0.0050066608607702932 -0.00070082080427281729 -0.00015827592744870286
leaf_weight=22422.841925144196 180.91413335502148 181.37011297792196 17585.943098701537 1895.8239818066359 225.41944323480129 1311.7840648218989 424.88254387676716
leaf_count=72343 571 558 54867 5711 697 3891 1337
internal_value=3.41963e-05 0.000155203 0.000187721 -0.00124536 -0.00301105 -0.00160572 0.000645745
internal_weight=44229 40415.6 40008.8 3813.4 406.79 3207.61 605.797
internal_count=139975 128465 127210 11510 1255 9602 1908
is_linear=0
shrinkage=0.01


Tree=175
num_leaves=8
num_cat=0
split_feature=0 31 38 46 44 24 23
split_gain=67.1737 34.6787 29.8686 29.3679 24.0345 20.4495 9.61253
threshold=1.1251554489135744 1.4891802668571474 0.13781319558620456 1.7750096321105959 1.1848018765449526 1.3316721320152285 1.3314231634140017
decision_type=2 2 2 2 2 2 2
left_child=1 2 -1 4 -2 -3 -5
right_child=3 5 -4 6 -6 -7 -8
leaf_value=0.00036333437109040899 -0.00098011068463800511 0.0018920459735584133 -0.00022471845143991027 -0.0019900383633106359 0.00048922654464078337 -0.0011462882683968552 -0.0050278539651991477
leaf_weight=17670.902854822576 6150.8576060310006 1612.9595860168338 16877.352721907198 259.42669305205345 1348.7044763341546 251.78408047556877 197.19833160191774
leaf_count=56220 18747 5166 54179 782 4021 786 574
internal_value=-3.3854e-05 0.000147796 7.57739e-05 -0.000866382 -0.000714505 0.00147605 -0.00333192
internal_weight=44369.2 36413 34548.3 7956.19 7499.56 1864.74 456.625
internal_count=140475 116351 110399 24124 22768 5952 1356
is_linear=0
shrinkage=0.01


Tree=176
num_leaves=8
num_cat=0
split_feature=0 9 9 38 22 22 17
split_gain=65.8441 36.568 40.0151 27.9959 24.3157 27.9083 15.3325
threshold=1.1251554489135744 0.27249620854854589 1.8301765322685244 0.12582291662693026 1.1184026002883913 -0.12922842055559156 -0.33230450749397272
decision_type=2 2 2 2 2 2 2
left_child=1 3 -3 -1 5 -2 -6
right_child=4 2 -4 -5 6 -7 -8
leaf_value=0.00079992596343240671 -0.00072940039238115258 -0.00043903743928124943 0.00092232670111978875 6.2136461837138454e-05 0.0025195740005875089 -0.0022469809789540623 -0.00025447562850662049
leaf_weight=10095.376448623836 3885.6211458519101 13191.483180113137 2577.3332230001688 10548.691038586199 219.45090205967426 1783.3734279572964 2067.1380903124809
leaf_count=32609 11853 41281 8127 34334 669 5406 6196
internal_value=-3.35199e-05 0.000146316 -0.000215851 0.000423436 -0.000857806 -0.00120888 8.37197e-06
internal_weight=44368.5 36412.9 15768.8 20644.1 7955.58 5668.99 2286.59
internal_count=140475 116351 49408 66943 24124 17259 6865
is_linear=0
shrinkage=0.01


Tree=177
num_leaves=8
num_cat=0
split_feature=46 8 41 6 47 6 4
split_gain=57.7126 48.3834 40.8063 26.9038 17.243 14.1948 12.7067
threshold=1.6089237928390505 0.24702963978052142 3.7841988801956181 -1.3909443020820615 0.69529399275779735 -0.44404886662960047 -0.82452517747879017
decision_type=2 2 2 2 2 2 2
left_child=1 3 -3 -1 6 -6 -2
right_child=4 2 -4 -5 5 -7 -8
leaf_value=-0.00061772731153068275 0.00087478870541303521 -0.00038749223252124897 0.0043292982318053246 0.00045698804207280148 -0.00064802517781546655 -0.0041416454326207884 -0.0016101900525053766
leaf_weight=2607.1992309466004 255.39618228375912 18471.978725671768 183.94722042232752 21287.868768058717 169.69204145669937 430.39432196319103 961.2709629535675
leaf_count=8448 772 56977 568 68978 529 1317 2886
internal_value=-3.31829e-05 4.11299e-05 -0.000340219 0.000339286 -0.00177826 -0.00317308 -0.00108005
internal_weight=44367.7 42551 18655.9 23895.1 1816.75 600.086 1216.67
internal_count=140475 134971 57545 77426 5504 1846 3658
is_linear=0
shrinkage=0.01


Tree=178
num_leaves=8
num_cat=0
split_feature=46 8 14 6 35 47 47
split_gain=56.5834 47.4193 41.7522 26.3693 17.0934 16.519 15.7792
threshold=1.6089237928390505 0.24702963978052142 -0.1862484589219093 -1.3909443020820615 0.22514670342206958 0.61125835776329052 0.9766477942466737
decision_type=2 2 2 2 2 2 2
left_child=1 3 -3 -1 6 -6 -2
right_child=4 2 -4 -5 5 -7 -8
leaf_value=-0.00061153751939727248 0.00026899353227107035 -0.0007426409657698065 0.00021391018188757186 0.0004524227851291568 -0.0016839209381988157 -0.0043882570894758013 -0.0029520560609042202
leaf_weight=2607.2624295800924 552.27429504692554 10751.090757444501 7904.7137398570776 21287.662134207785 710.01438504457474 347.42223294824362 206.60059466958046
leaf_count=8448 1696 32969 24576 68978 2112 1052 644
internal_value=-3.28544e-05 4.07174e-05 -0.000336812 0.000335891 -0.001761 -0.00258519 -0.000597495
internal_weight=44367 42550.7 18655.8 23894.9 1816.31 1057.44 758.875
internal_count=140475 134971 57545 77426 5504 3164 2340
is_linear=0
shrinkage=0.01


Tree=179
num_leaves=8
num_cat=0
split_feature=0 8 0 5 3 19 31
split_gain=63.6633 41.5705 43.5732 35.193 33.5872 22.3339 18.8867
threshold=1.1251554489135744 0.26308572292327886 -1.5826877355575559 -0.53727152943611134 0.3611403107643128 1.0905110239982607 0.78150174021720897
decision_type=2 2 2 2 2 2 2
left_child=1 4 -3 6 -1 -5 -2
right_child=3 2 -4 5 -6 -7 -8
leaf_value=0.00058950048401349797 0.00030344048916894589 0.0019684665109159301 -0.00037943615171863633 -0.0011014699542118999 -0.00058515549501699687 -0.002910514385244234 -0.0011282697862865022
leaf_weight=18263.680964447558 2658.1353739649057 833.93383663147688 14515.195328384638 2991.4777849391103 2799.2953818365932 899.91871425509453 1404.6370903849602
leaf_count=59471 7995 2582 45117 9288 9181 2687 4154
internal_value=-3.2531e-05 0.000144289 -0.000251101 -0.000843139 0.000432892 -0.00152304 -0.000189245
internal_weight=44366.3 36412.1 15349.1 7954.17 21063 3891.4 4062.77
internal_count=140475 116351 47699 24124 68652 11975 12149
is_linear=0
shrinkage=0.01


Tree=180
num_leaves=8
num_cat=0
split_feature=46 38 14 14 47 42 42
split_gain=67.8932 37.8467 48.4002 38.3316 31 28.9741 11.0246
threshold=1.2673068642616274 0.18566025048494342 -0.31118676066398615 -1.1969293951988218 -0.081364035606384263 0.4711937308311463 0.19552925974130633
decision_type=2 2 2 2 2 2 2
left_child=1 2 -1 -3 6 -6 -2
right_child=4 3 -4 -5 5 -7 -8
leaf_value=-0.00011022998225037375 0.00057472513871994167 0.0023518282630446796 0.00088678042411446576 -0.00022814889385322046 -0.00087975030294756829 -0.0027976115442756026 -0.00071963112804268982
leaf_weight=8083.3009044080973 1215.7363686859608 594.2161129117012 12181.304312705994 17324.853863671422 2254.2714062482119 1231.2669552341104 1425.2617418244481
leaf_count=25549 3824 1824 38555 55576 7036 3637 4207
internal_value=3.54379e-05 0.000192456 0.000488606 -0.00014191 -0.000941418 -0.00156071 -0.00012002
internal_weight=44310.2 38183.7 20264.6 17919.1 6126.54 3485.54 2641
internal_count=140208 121504 64104 57400 18704 10673 8031
is_linear=0
shrinkage=0.01


Tree=181
num_leaves=8
num_cat=0
split_feature=46 20 22 29 46 23 20
split_gain=66.5497 29.1471 36.9981 20.5392 22.1984 15.835 11.0273
threshold=1.2673068642616274 1.2415230870246889 1.0483790040016177 -0.45677731931209559 1.7750096321105959 -0.82460790872573841 1.2837968468666079
decision_type=2 2 2 2 2 2 2
left_child=1 2 -1 6 -5 -3 -2
right_child=3 5 -4 4 -6 -7 -8
leaf_value=0.00015795482849796118 -0.0015098438800418799 0.0010621721312076683 0.0011017521526575677 -0.00039117684625126375 -0.0026236470741255948 -0.0007363440982331047 -0.0036971117139217797
leaf_weight=28447.968714237213 1005.3669946044683 547.06835194677114 4871.9244297966361 4307.7072187885642 498.96678303182125 4316.6015421077609 313.94100411236286
leaf_count=91097 3156 1731 15446 13119 1506 13230 923
internal_value=3.50769e-05 0.00019053 0.000296283 -0.000932112 -0.000625501 -0.000531814 -0.0020403
internal_weight=44309.5 38183.6 33319.9 6125.98 4806.67 4863.67 1319.31
internal_count=140208 121504 106543 18704 14625 14961 4079
is_linear=0
shrinkage=0.01


Tree=182
num_leaves=8
num_cat=0
split_feature=38 15 14 35 33 27 8
split_gain=52.7548 66.6071 41.5552 30.9023 29.0115 24.7606 15.7431
threshold=0.18566025048494342 -0.59876292943954457 -0.9038279354572295 0.056290253996849067 1.4466046094894411 0.6207101345062257 -2.1959209442138667
decision_type=2 2 2 2 2 2 2
left_child=1 6 5 -4 -3 -2 -1
right_child=2 4 3 -5 -6 -7 -8
leaf_value=-0.0040788778675618052 0.0027578084397497067 0.00065542511826811021 -6.4595232841436426e-05 -0.00085640126026162271 -0.0007426110669360046 -0.00032862166454087526 -0.00095107914459264349
leaf_weight=174.72156229615211 672.03601390868425 19242.709926456213 10610.39936324954 9252.6786351501942 1601.0005818381906 414.43704336881638 2340.8786907270551
leaf_count=596 2100 60667 33994 29327 4869 1243 7412
internal_value=3.47183e-05 0.000361686 -0.000329382 -0.000433965 0.000547532 0.00157207 -0.00117383
internal_weight=44308.9 23359.3 20949.6 19863.1 20843.7 1086.47 2515.6
internal_count=140208 73544 66664 63321 65536 3343 8008
is_linear=0
shrinkage=0.01


Tree=183
num_leaves=8
num_cat=0
split_feature=46 38 18 41 38 34 8
split_gain=65.0623 36.1888 33.2729 31.8179 21.6331 29.4862 13.8425
threshold=1.2673068642616274 0.18566025048494342 -1.1334657669067381 1.3697410225868227 0.012652235571295025 -0.90496215224266041 1.3292914628982546
decision_type=2 2 2 2 2 2 2
left_child=1 3 -3 -1 6 -6 -2
right_child=4 2 -4 -5 5 -7 -8
leaf_value=0.00035790988159418378 8.1473672474300214e-05 0.00078803825170444572 -0.0003394525227244455 0.0017979244357675802 0.00042014919253737751 -0.0019204072712184386 -0.0017227333510579834
leaf_weight=18587.123503819108 2224.8491445332766 3178.1805272325873 14740.834569208324 1677.0562286376953 662.56303162872791 2715.7688647583127 522.26799003779888
leaf_count=58818 6823 10268 47132 5286 2036 8293 1552
internal_value=3.43592e-05 0.000188064 -0.000138886 0.000477661 -0.000922004 -0.00145843 -0.000258396
internal_weight=44308.6 38183.2 17919 20264.2 6125.45 3378.33 2747.12
internal_count=140208 121504 57400 64104 18704 10329 8375
is_linear=0
shrinkage=0.01


Tree=184
num_leaves=8
num_cat=0
split_feature=0 38 15 5 14 30 23
split_gain=65.4306 38.3899 66.3265 35.622 32.9417 19.635 18.8611
threshold=1.2094886302948 0.14987619966268542 -0.60645902156829823 -0.18192312121391294 -0.9038279354572295 -1.1617853641510008 -0.15466251224279401
decision_type=2 2 2 2 2 2 2
left_child=1 2 -1 5 -3 -2 -5
right_child=3 4 -4 6 -6 -7 -8
leaf_value=-0.001220350679174143 -0.002389864032822256 0.0017114992288761145 0.00070268037748038984 -0.00082690159641669425 -0.00023237413758140174 -4.775797800421434e-05 -0.0025414532577297971
leaf_weight=1994.624723546207 397.47278548777103 916.33358207345009 17455.451585367322 1182.4114614576101 17275.412900030613 3621.5188721641898 1464.7728541195393
leaf_count=6408 1126 2844 55257 3683 55497 10907 4486
internal_value=3.40182e-05 0.000195957 0.000504905 -0.000878792 -0.000133821 -0.000282414 -0.00178
internal_weight=44308 37641.8 19450.1 6666.18 18191.7 4018.99 2647.18
internal_count=140208 120006 61665 20202 58341 12033 8169
is_linear=0
shrinkage=0.01


Tree=185
num_leaves=6
num_cat=0
split_feature=29 8 41 28 26
split_gain=40.5963 40.6224 40.2806 19.8088 14.9398
threshold=1.7968429923057558 -0.11816779151558875 1.5466108918190005 0.20395833253860476 -0.043208342045545571
decision_type=2 2 2 2 2
left_child=1 3 -3 -1 -2
right_child=4 2 -4 -5 -6
leaf_value=0.00015255092663386577 -0.0055371329468191666 -0.00033950758235254906 0.0014381778870638147 0.00081306893138223958 -0.001398788211201131
leaf_weight=13630.850523881614 164.22821160405874 21999.944172076881 1350.3592132776976 6846.1119278594851 204.86853510141373
leaf_count=44555 515 68106 4188 22017 614
internal_value=2.05414e-05 4.86155e-05 -0.000236218 0.000373901 -0.00327714
internal_weight=44196.4 43827.3 23350.3 20477 369.097
internal_count=139995 138866 72294 66572 1129
is_linear=0
shrinkage=0.01


Tree=186
num_leaves=8
num_cat=0
split_feature=0 46 6 0 46 46 9
split_gain=67.2468 36.9775 34.9765 29.6787 16.3954 14.0553 12.3997
threshold=1.3698309659957888 -0.76221302151679982 0.049410911276936538 0.49345497786998754 0.21697662770748141 0.83006492257118236 -0.90356922149658192
decision_type=2 2 2 2 2 2 2
left_child=1 3 -3 -1 6 -6 -2
right_child=4 2 -4 -5 5 -7 -8
leaf_value=0.00087943998226613202 -0.0047433608673086141 0.00029107684813115968 -0.00041463760701593511 -0.00036128111047021189 0.00098885032738307041 -0.0010647370813497328 -0.0017518221520215272
leaf_weight=9283.1897555813193 181.03632728755474 14658.947768442333 13473.258590698242 2419.7747260928154 367.42028830945492 3112.7606292814016 699.64783126115799
leaf_count=29988 563 47626 41580 7591 1137 9354 2156
internal_value=2.03327e-05 0.000149626 -4.65558e-05 0.000622038 -0.0011582 -0.000844835 -0.0023828
internal_weight=44196 39835.2 28132.2 11703 4360.87 3480.18 880.684
internal_count=139995 126785 89206 37579 13210 10491 2719
is_linear=0
shrinkage=0.01


Tree=187
num_leaves=7
num_cat=0
split_feature=21 33 22 16 13 42
split_gain=51.8597 34.2736 42.721 31.3867 24.4285 12.6716
threshold=1.4228893518447878 0.11265551671385766 0.8453870713710786 -0.68535977602004994 -1.4552099108695982 -0.55769100785255421
decision_type=2 2 2 2 2 2
left_child=1 3 -3 -1 -2 -6
right_child=4 2 -4 -5 5 -7
leaf_value=-0.00012026735702185927 0.0020137636626964385 -0.00044846442167309703 0.00070952659638132132 0.00067460923071464038 -0.00025099387406530898 -0.0015944355915621584
leaf_weight=7607.9911848530173 239.71665219962597 14249.113854192197 4097.6140923276544 14207.166049659252 958.40131080895662 2835.0508259534836
leaf_count=24448 741 45014 12787 45579 3024 8402
internal_value=2.01216e-05 0.000128906 -0.000189266 0.000396946 -0.00106043 -0.00125781
internal_weight=44195.1 40161.9 18346.7 21815.2 4033.17 3793.45
internal_count=139995 127828 57801 70027 12167 11426
is_linear=0
shrinkage=0.01


Tree=188
num_leaves=8
num_cat=0
split_feature=0 46 6 17 5 23 36
split_gain=65.4777 35.9653 34.1183 28.9054 23.6146 19.5079 17.1464
threshold=1.3698309659957888 -0.76221302151679982 0.049410911276936538 -0.27577833831310267 -0.97871378064155568 0.94289669394493114 0.14664527773857119
decision_type=2 2 2 2 2 2 2
left_child=1 3 -3 -1 5 -2 -6
right_child=4 2 -4 -5 6 -7 -8
leaf_value=0 0.00085259829111129716 0.00028748196520664884 -0.00040952424810088026 0.0010153284159809398 -0.00095045962594306297 -0.0011784210280166452 -0.0026476672206068638
leaf_weight=4627.8585378602147 819.37727125734091 14658.782600618899 13473.024181097746 7074.618395447731 1224.346829354763 1107.3089675307274 1209.133323431015
leaf_count=14973 2487 47626 41580 22606 3809 3246 3668
internal_value=1.99163e-05 0.000147495 -4.59789e-05 0.000613408 -0.00114311 -0.000309491 -0.00179861
internal_weight=44194.5 39834.3 28131.8 11702.5 4360.17 1926.69 2433.48
internal_count=139995 126785 89206 37579 13210 5733 7477
is_linear=0
shrinkage=0.01


Tree=189
num_leaves=7
num_cat=0
split_feature=46 8 41 27 3 23
split_gain=48.7158 37.3517 35.744 28.7354 15.6531 16.3425
threshold=1.5589362978935244 -0.029031472280621525 1.5466108918190005 0.037409754469990737 2.3435769081115727 0.26458102464675909
decision_type=2 2 2 2 2 2
left_child=1 3 -3 -1 5 -2
right_child=4 2 -4 -5 -6 -7
leaf_value=9.8549575994936163e-05 -0.00038598210243989857 -0.00029708857305450065 0.0014432941466570096 0.00086392931051946012 0.0015302418240361779 -0.0022222850899732164
leaf_weight=12371.748249128461 749.77463208138943 20036.24982111901 1251.5009766221046 8165.1127976253629 168.0128228366375 1451.0575589761138
leaf_count=40425 2341 62093 3880 26386 484 4386
internal_value=1.97111e-05 9.89624e-05 -0.000194239 0.000403366 -0.00137479 -0.0016017
internal_weight=44193.5 41824.6 21287.8 20536.9 2368.85 2200.83
internal_count=139995 132784 65973 66811 7211 6727
is_linear=0
shrinkage=0.01


Tree=190
num_leaves=8
num_cat=0
split_feature=0 30 46 30 0 47 39
split_gain=71.7644 37.0158 34.9982 33.1709 25.5056 23.7453 10.7958
threshold=1.3072161078453066 0.72252246737480175 -0.77600252628326405 -1.0983899831771848 -0.026668205857276913 -0.17400032281875608 0.21584034711122516
decision_type=2 2 2 2 2 2 2
left_child=1 3 6 -1 -3 -4 -2
right_child=2 4 5 -5 -6 -7 -8
leaf_value=-0.00030163328501969084 -0.0020474177645061513 9.8901520084610056e-05 0 0.00048688525288060941 -0.00088015234366126311 -0.0014574638177245005 -0.0046954399567821345
leaf_weight=7104.9137607142329 352.88634248077869 5164.1426628232002 1967.0201790258288 21258.987472742796 5452.1174130067229 2609.8634886145592 307.75966803729534
leaf_count=22813 1084 16147 5869 68258 17025 7962 949
internal_value=-4.71652e-05 0.000100281 -0.00114625 0.000289012 -0.000402998 -0.000832334 -0.00330134
internal_weight=44217.7 38980.2 5237.53 28363.9 10616.3 4576.88 660.646
internal_count=140107 124243 15864 91071 33172 13831 2033
is_linear=0
shrinkage=0.01


Tree=191
num_leaves=8
num_cat=0
split_feature=42 15 11 29 15 41 29
split_gain=47.348 45.1944 38.6662 28.1937 27.6851 22.5227 11.9267
threshold=0.10539993271231653 -0.22397106885910031 1.5646716952323916 1.4737793207168581 -0.44043409824371332 1.4789545536041262 1.7968429923057558
decision_type=2 2 2 2 2 2 2
left_child=3 2 -2 4 -1 -3 -5
right_child=1 5 -4 6 -6 -7 -8
leaf_value=-0.00019837029486528994 -0.001009647005293945 8.3270209923647256e-06 0.00072223117831684126 -0.00077178145128923333 0.00057226364593644218 0.0019752439525427381 -0.0036335070547327914
leaf_weight=6606.0491092056036 10473.594630144536 7979.6912710741162 1462.4234037622809 1196.7928762212396 15701.922463729978 627.90095548331738 168.58372259885073
leaf_count=21289 32189 24806 4414 3806 51121 1945 537
internal_value=-4.67021e-05 -0.000398159 -0.000796574 0.000257872 0.000343609 0.000153183 -0.00113484
internal_weight=44217 20543.6 11936 23673.3 22308 8607.59 1365.38
internal_count=140107 63354 36603 76753 72410 26751 4343
is_linear=0
shrinkage=0.01


Tree=192
num_leaves=8
num_cat=0
split_feature=42 15 11 29 15 33 29
split_gain=46.4022 44.2975 37.8998 27.6378 27.1354 20.6507 11.6928
threshold=0.10539993271231653 -0.22397106885910031 1.5646716952323916 1.4737793207168581 -0.44043409824371332 0.21204718202352527 1.7968429923057558
decision_type=2 2 2 2 2 2 2
left_child=3 2 -2 4 -1 -3 -5
right_child=1 5 -4 6 -6 -7 -8
leaf_value=-0.00019638628589273364 -0.00099957933651488237 0.00059469329179179676 0.00071498956253261432 -0.00076408607284564139 0.00056654975832687814 -0.00038920039899583195 -0.0035981314332900055
leaf_weight=6606.0694285258651 10473.304302401841 4741.871090747416 1462.4727655276656 1196.7679538279772 15701.69129345566 3865.7291465550661 168.54877875000238
leaf_count=21289 32189 14876 4414 3806 51121 11875 537
internal_value=-4.6234e-05 -0.000394167 -0.000788616 0.000255282 0.000340172 0.000151665 -0.00112365
internal_weight=44216.5 20543.4 11935.8 23673.1 22307.8 8607.6 1365.32
internal_count=140107 63354 36603 76753 72410 26751 4343
is_linear=0
shrinkage=0.01


Tree=193
num_leaves=8
num_cat=0
split_feature=0 29 15 12 28 18 6
split_gain=69.598 34.7119 34.6921 15.6341 18.5597 13.6636 9.69823
threshold=1.3072161078453066 1.5165271759033205 -0.44043409824371332 -0.061985528096556657 -0.64075550436973561 -1.0200389623641966 0.87128567695617687
decision_type=2 2 2 2 2 2 2
left_child=1 2 -1 4 -2 -5 -3
right_child=3 6 -4 5 -6 -7 -8
leaf_value=-0.00035628149015841013 -0.0021125589969370651 -0.0011955107029006612 0.00033233230313730217 0.0005218175069807491 8.5849897948296747e-06 -0.0018183554105202936 -0.0037599655312728622
leaf_weight=9900.6373943462968 538.0207177773118 974.69840634614229 27923.86339957267 267.22710089385509 1718.1675653979182 2713.1687171459198 180.07643274962902
leaf_count=31469 1711 3105 89129 824 5283 8046 540
internal_value=-4.57755e-05 9.9416e-05 0.000151817 -0.00112825 -0.000493514 -0.00160507 -0.00160697
internal_weight=44215.9 38979.3 37824.5 5236.58 2256.19 2980.4 1154.77
internal_count=140107 124243 120598 15864 6994 8870 3645
is_linear=0
shrinkage=0.01


Tree=194
num_leaves=8
num_cat=0
split_feature=46 31 42 8 18 15 35
split_gain=45.7689 49.0663 37.2848 11.3748 15.4223 11.1343 10.3189
threshold=1.6089237928390505 -1.8055389523506162 0.24170785397291186 0.4902979582548142 1.1870746016502383 -0.2853970974683761 0.3544358909130097
decision_type=2 2 2 2 2 2 2
left_child=1 6 -3 4 -2 -5 -1
right_child=3 2 -4 5 -6 -7 -8
leaf_value=-0.0016480775916047519 -0.0017677410348099123 0.00032188543591788474 -0.00028270566567473995 -0.0035698906831656569 0.0007526484250398891 -0.0010020616409006438 -0.0042738654529283025
leaf_weight=419.18642345070839 727.19582378864288 23984.257417373359 17736.05954336375 443.64641389250755 356.94263986498117 294.69316381216049 253.13423202931881
leaf_count=1289 2278 77778 54727 1305 1082 879 769
internal_value=-4.53228e-05 2.11707e-05 6.46225e-05 -0.00159667 -0.000928782 -0.00256126 -0.00265644
internal_weight=44215.1 42392.6 41720.3 1822.48 1084.14 738.34 672.321
internal_count=140107 134563 132505 5544 3360 2184 2058
is_linear=0
shrinkage=0.01


Tree=195
num_leaves=8
num_cat=0
split_feature=0 21 30 29 17 33 30
split_gain=53.4083 46.7187 35.9417 52.2108 33.0992 27.3126 23.7594
threshold=0.42586565017700201 1.0554503798484804 0.70994585752487194 0.12228367477655412 -0.15902414917945859 -0.33036397397518152 1.8354021906852724
decision_type=2 2 2 2 2 2 2
left_child=1 4 3 -2 -1 -3 -4
right_child=2 5 6 -5 -6 -7 -8
leaf_value=0.00010651767489662154 -0.0011837312077066029 0.00021106483629887684 -0.0012121140506025428 0.00034690746232286074 0.00086557006890476771 -0.0015102996788803069 0.001312812684960096
leaf_weight=12801.565336585045 3115.5264636352658 1625.5727696046233 5716.8955062255263 7810.757033675909 10472.325510986149 2100.1997810825706 394.10177829116583
leaf_count=41613 9818 5083 17518 24261 33480 6532 1264
internal_value=4.94455e-06 0.000281807 -0.000433214 -8.86929e-05 0.000448513 -0.000756722 -0.00104746
internal_weight=44036.9 26999.7 17037.3 10926.3 23273.9 3725.77 6111
internal_count=139569 86708 52861 34079 75093 11615 18782
is_linear=0
shrinkage=0.01


Tree=196
num_leaves=8
num_cat=0
split_feature=21 21 31 31 20 20 43
split_gain=45.5569 32.2898 27.6628 41.1507 24.8947 23.2778 13.8414
threshold=1.0422734022140505 -1.6795961260795591 -1.6317385435104368 0.4109558910131455 -1.9014154076576231 -1.1844982504844663 -0.47503009438514704
decision_type=2 2 2 2 2 2 2
left_child=1 5 6 -4 -3 -1 -2
right_child=2 4 3 -5 -6 -7 -8
leaf_value=5.3297989985220491e-05 -0.00061950043659633606 0.0025661051297298969 0.00019499231923944849 -0.0011808287302571886 7.8238307334400962e-05 0.0027591593247695283 -0.0041699528027830841
leaf_weight=535.96148744225502 178.85282525420189 406.51650485396385 4355.5698565095663 4318.2782144546509 33113.493342727423 809.09693316370249 318.53615330159664
leaf_count=1739 528 1349 13519 12979 105898 2629 928
internal_value=4.89716e-06 0.00017009 -0.000621953 -0.000488865 0.000108784 0.00168923 -0.00291714
internal_weight=44036.3 34865.1 9171.24 8673.85 33520 1345.06 497.389
internal_count=139569 111615 27954 26498 107247 4368 1456
is_linear=0
shrinkage=0.01


Tree=197
num_leaves=8
num_cat=0
split_feature=6 21 7 45 36 16 23
split_gain=47.5521 47.1884 40.5506 25.8087 30.0617 26.4602 21.3497
threshold=0.35046486556530004 -1.0143024325370786 1.8851803541183474 0.49940857291221624 0.23719500750303271 -0.79236957430839527 -1.1569549441337583
decision_type=2 2 2 2 2 2 2
left_child=3 6 -3 4 -1 -5 -2
right_child=1 2 -4 5 -6 -7 -8
leaf_value=0.00036761638208276058 0.0021057853181602674 -0.00079525784718224943 0.0010885395631008261 -0.0002756439479605318 -0.0004586624212534433 0.0010300114958613068 0.00015037955963541192
leaf_weight=11641.068285144866 892.74070501327515 13129.550159461796 1246.4798652082682 2023.4840275123715 7076.1648296862841 6504.869568400085 1521.4306738451123
leaf_count=37985 2768 40017 3877 6507 22926 20758 4731
internal_value=4.85039e-06 -0.000413507 -0.000631162 0.000263037 5.46946e-05 0.000719056 0.000878186
internal_weight=44035.8 16790.2 14376 27245.6 18717.2 8528.35 2414.17
internal_count=139569 51393 43894 88176 60911 27265 7499
is_linear=0
shrinkage=0.01


Tree=198
num_leaves=8
num_cat=0
split_feature=42 14 0 11 43 0 38
split_gain=54.6951 48.5089 32.6739 26.7572 22.8347 21.4237 18.4658
threshold=0.12049128487706186 -0.30081173777580256 -0.81361252069473255 1.5646716952323916 0.068710111081600203 0.71205818653106701 0.11408575251698495
decision_type=2 2 2 2 2 2 2
left_child=4 3 -3 -2 5 -1 -6
right_child=1 2 -4 -5 6 -7 -8
leaf_value=0.00040279161404448274 -0.0011645784872927284 0.00086634049062701813 -0.00029609352666185626 0.00050619958243011687 0.0019222012112211535 -0.00032400704556114672 0.00043259013380079244
leaf_weight=14750.919025883079 7446.7679841071367 3402.2684678584337 8344.5865162163973 1090.5721165388823 1495.8251866847277 5578.0324750170112 1926.2990877106786
leaf_count=48157 22879 10566 25841 3299 4865 17550 6412
internal_value=4.80493e-06 -0.000376316 3.97788e-05 -0.000949945 0.000330718 0.000202868 0.001087
internal_weight=44035.3 20284.2 11746.9 8537.34 23751.1 20329 3422.12
internal_count=139569 62585 36407 26178 76984 65707 11277
is_linear=0
shrinkage=0.01


Tree=199
num_leaves=8
num_cat=0
split_feature=6 15 7 15 22 22 12
split_gain=46.3061 50.3339 44.2723 37.6694 36.9223 91.0728 17.9668
threshold=0.35046486556530004 -0.25346155464649195 1.7357746958732607 1.5359770655632021 -0.24703408032655713 0.8453870713710786 2.2973873615264897
decision_type=2 2 2 2 2 2 2
left_child=4 2 -2 -3 6 -6 -1
right_child=1 3 -4 -5 5 -7 -8
leaf_value=0.00058195983566907057 -0.0010700502708463244 0.00051367937085967886 0.00099194889794499124 -0.0023493401995238394 -0.00071452206951511761 0.00098368773742512077 0.0034262617183918832
leaf_weight=13290.853142715991 9232.1684689074755 5892.9394071400166 1167.8050117120147 496.59982991963625 8807.7225749194622 4920.0237970724702 226.5206643268466
leaf_count=43275 28145 18111 3606 1531 28317 15844 740
internal_value=4.75974e-06 -0.000408087 -0.000837475 0.000289266 0.000259545 -0.000105128 0.000630614
internal_weight=44034.6 16789.5 10400 6389.54 27245.1 13727.7 13517.4
internal_count=139569 51393 31751 19642 88176 44161 44015
is_linear=0
shrinkage=0.01


Tree=200
num_leaves=8
num_cat=0
split_feature=0 16 22 22 24 24 24
split_gain=54.2368 45.2991 29.0321 37.6929 35.4998 25.6768 24.7243
threshold=0.74034577608108532 -0.68535977602004994 0.8453870713710786 -0.070940475910902009 0.30653257668018347 1.1821891069412234 1.5865578055381777
decision_type=2 2 2 2 2 2 2
left_child=1 6 3 -2 -4 -3 -1
right_child=2 5 4 -5 -6 -7 -8
leaf_value=-0.00018682621193850558 -0.00043800844796293274 0.00066113789541571652 0.0017247018806018971 -0.001889265920069956 -0.00041476912511464011 -0.00046596484917004084 -0.0031253643329591831
leaf_weight=10577.65180413425 7205.5258397385478 17823.888568364084 1123.8991707414389 2393.95203371346 2485.1617782115936 2268.3340187817812 293.95436303317547
leaf_count=33928 22266 57403 3504 7317 7523 7044 924
internal_value=2.27916e-05 0.000251869 -0.000513439 -0.000801129 0.000249008 0.000533378 -0.00026748
internal_weight=44172.4 30963.8 13208.5 9599.48 3609.06 20092.2 10871.6
internal_count=139909 99299 40610 29583 11027 64447 34852
is_linear=0
shrinkage=0.01


Tree=201
num_leaves=7
num_cat=0
split_feature=20 21 37 7 7 5
split_gain=49.5007 33.5546 28.3317 22.1964 23.3003 21.1331
threshold=0.93561887741088878 -0.49303698539733881 1.4020520448684695 2.515620350837708 1.0000000180025095e-35 0.44965687394142156
decision_type=2 2 2 2 2 2
left_child=3 2 -2 4 -1 -3
right_child=1 5 -4 -5 -6 -7
leaf_value=0.00043137217230749625 0.0016362623758037155 -0.00047937952307406642 -0.0025233655824877139 0.003022566786996507 -0.00010315151488821818 -0.0015461013561092305
leaf_weight=18139.401742495596 1049.9460134655237 7216.5493774041533 191.44117057323456 278.77366288006306 14770.676491938531 2524.7634752839804
leaf_count=59307 3348 21883 616 915 45989 7851
internal_value=2.25518e-05 -0.000559102 0.000985219 0.000215342 0.000191168 -0.00075701
internal_weight=44171.6 10982.7 1241.39 33188.9 32910.1 9741.31
internal_count=139909 33698 3964 106211 105296 29734
is_linear=0
shrinkage=0.01


Tree=202
num_leaves=8
num_cat=0
split_feature=0 24 30 21 42 34 18
split_gain=52.9246 42.2265 21.5129 21.368 20.8795 18.1177 14.6901
threshold=0.74034577608108532 0.57070410251617443 -1.1116062402725218 1.437524735927582 0.25750271975994116 1.5434012413024905 -1.5135948061943052
decision_type=2 2 2 2 2 2 2
left_child=1 2 -1 -3 6 -6 -2
right_child=4 3 -4 -5 5 -7 -8
leaf_value=-0.0001309163980479409 0.0023227053601620634 -0.00011271031045909944 0.0006524871092157508 -0.0014716569990646964 -0.0010827626031762086 0.0008767757003752 -0.00021372556148814746
leaf_weight=4378.6300349608064 235.01725739985704 8058.1486052125692 17171.636982031167 1354.6757513731718 5799.9117195829749 507.1824032664299 6665.7649443596601
leaf_count=14190 761 25531 55435 4143 17374 1522 20953
internal_value=2.23221e-05 0.000248614 0.000492851 -0.000309485 -0.000507394 -0.000923488 -0.00012557
internal_weight=44171 30963.1 21550.3 9412.82 13207.9 6307.09 6900.78
internal_count=139909 99299 69625 29674 40610 18896 21714
is_linear=0
shrinkage=0.01


Tree=203
num_leaves=8
num_cat=0
split_feature=0 16 3 3 24 24 3
split_gain=51.8702 44.0476 26.6324 25.0369 24.6457 23.9916 20.6692
threshold=0.74034577608108532 -0.68535977602004994 1.1959424018859866 0.95014831423759472 1.1821891069412234 1.5865578055381777 3.9067710638046269
decision_type=2 2 2 2 2 2 2
left_child=1 5 3 -2 -3 -1 -4
right_child=2 4 6 -5 -6 -7 -8
leaf_value=-0.00018654222990859972 -0.00059461946313361057 0.00064890268551801575 0.0017695017361402366 -0.0037374026817417172 -0.00045530588008872887 -0.0030816262861256757 -0.00055531532612058889
leaf_weight=10577.505180612206 11411.063800029457 17823.076753973961 854.83136211335659 259.6994549036026 2268.2511585876346 293.88361200690269 681.83982092142105
leaf_count=33928 35258 57403 2570 823 7044 924 1959
internal_value=2.20927e-05 0.000246121 -0.000502328 -0.000665724 0.000523727 -0.000266 0.000731758
internal_weight=44170.2 30962.7 13207.4 11670.8 20091.3 10871.4 1536.67
internal_count=139909 99299 40610 36081 64447 34852 4529
is_linear=0
shrinkage=0.01


Tree=204
num_leaves=8
num_cat=0
split_feature=24 22 22 7 5 14 7
split_gain=46.7844 44.7617 76.0075 41.8297 31.3378 17.9798 16.5983
threshold=1.1951818466186526 0.8453870713710786 -0.1060761585831642 -0.15869414061307904 -0.18192312121391294 0.21690876781940463 0.0487882997840643
decision_type=2 2 2 2 2 2 2
left_child=1 2 -1 -3 6 -6 -2
right_child=4 3 -4 -5 5 -7 -8
leaf_value=0.00031753491350206562 0.00050242985422102506 0.0018536880054464046 -0.00080561497516972217 0.00013626758198729191 -0.0018039519178773783 0.001220609275658415 -0.00068897125902625262
leaf_weight=22721.655599221587 1931.9532809257507 2807.4617374837399 8198.0423024296761 2892.5011020749807 2469.0145822912455 208.81696390360594 2939.9385684728622
leaf_count=72855 5991 9133 25912 8945 7711 659 8703
internal_value=2.18593e-05 0.000169857 1.94034e-05 0.000984097 -0.0006946 -0.001564 -0.000214462
internal_weight=44169.4 36619.7 30919.7 5699.96 7549.72 2677.83 4871.89
internal_count=139909 116845 98767 18078 23064 8370 14694
is_linear=0
shrinkage=0.01


Tree=205
num_leaves=8
num_cat=0
split_feature=6 2 24 17 6 30 47
split_gain=44.3167 39.2462 38.8205 30.7097 28.5539 18.6556 16.8217
threshold=0.049410911276936538 0.25844535231590277 1.4604497551918032 -1.1458020210266111 -1.3909443020820615 -1.6460152864456175 0.78290724754333507
decision_type=2 2 2 2 2 2 2
left_child=1 4 3 -2 -1 -3 -4
right_child=2 5 6 -5 -6 -7 -8
leaf_value=-0.0010012683025136908 -0.0013207773123890107 -0.0017691214908787138 -0.0010747311264959264 -7.0598614875602979e-05 0.00014711250571855015 0.00089586895196172556 -0.0029898021828452664
leaf_weight=2627.9509221166372 2238.9412970095873 268.37080294638872 1975.8841309994459 16191.516167670488 12245.640704602003 7902.3600186556578 611.55767431855202
leaf_count=8541 7020 868 5877 49942 40425 25151 1879
internal_value=-5.25269e-05 0.00025008 -0.000384781 -0.000223077 -5.51713e-05 0.000806907 -0.00153221
internal_weight=44062.2 23044.3 21017.9 18430.5 14873.6 8170.73 2587.44
internal_count=139703 74985 64718 56962 48966 26019 7756
is_linear=0
shrinkage=0.01


Tree=206
num_leaves=8
num_cat=0
split_feature=21 47 6 6 13 10 27
split_gain=49.2945 48.7884 33.7427 32.5166 29.9465 21.9204 18.5469
threshold=0.014353936538100244 0.22804322838783267 -0.29819686710834498 -1.3909443020820615 2.0116176605224614 -0.98881134390830983 -0.46612086892127985
decision_type=2 2 2 2 2 2 2
left_child=3 5 -3 6 -5 -2 -1
right_child=1 2 -4 4 -6 -7 -8
leaf_value=-0.0016170592068131869 0.00086747417356397767 -0.00014196221790057319 -0.0013891614688701787 0.00045971527491650869 -0.0038966553198630624 -0.00018244300599819813 0.00016168927929826647
leaf_weight=1303.8561552539468 2447.4882862791419 3452.3198839053512 5924.2768567726016 19151.175134591758 157.66248460114002 10577.894713580608 1047.0181166902184
leaf_count=4283 7684 11136 18386 61741 511 32602 3360
internal_value=-5.20108e-05 -0.000381086 -0.000931092 0.000287881 0.000423426 1.41217e-05 -0.000820867
internal_weight=44061.7 22402 9376.6 21659.7 19308.8 13025.4 2350.87
internal_count=139703 69808 29522 69895 62252 40286 7643
is_linear=0
shrinkage=0.01


Tree=207
num_leaves=8
num_cat=0
split_feature=21 5 21 30 17 11 4
split_gain=48.3141 73.7302 39.501 24.9304 24.4762 22.9342 19.0952
threshold=0.014353936538100244 -0.032146513462066643 1.4680551290512087 0.99354788661003124 -0.62498563528060902 1.7511785030364992 1.3261910080909731
decision_type=2 2 2 2 2 2 2
left_child=4 2 -2 -3 6 -6 -1
right_child=1 3 -4 -5 5 -7 -8
leaf_value=-6.6021758873252158e-05 0.00033774663528495966 -0.00081650254488606063 -0.0010535066452294288 -0.00213506872996562 0.00047976188430349186 0.0029222309872556957 -0.0035205328272813821
leaf_weight=8298.141671448946 11135.697988301516 6942.2520309910178 2496.380403637886 1827.2228290438652 12801.689291842282 397.36670003086329 162.39133707433939
leaf_count=26992 34486 22170 7475 5677 41099 1285 519
internal_value=-5.14949e-05 -0.000377287 8.21807e-05 -0.00109259 0.000284997 0.000554267 -0.000133918
internal_weight=44061.1 22401.6 13632.1 8769.47 21659.6 13199.1 8460.53
internal_count=139703 69808 41961 27847 69895 42384 27511
is_linear=0
shrinkage=0.01


Tree=208
num_leaves=8
num_cat=0
split_feature=23 22 22 5 27 5 30
split_gain=49.9282 34.921 79.614 34.6801 27.678 25.6338 11.1541
threshold=0.86476430296897899 0.8453870713710786 -0.094552963972091661 0.47910483181476599 2.0641051530838017 -2.0828111171722408 -0.77738124132156361
decision_type=2 2 2 2 2 2 2
left_child=1 2 -1 5 -3 -2 -5
right_child=3 4 -4 6 -6 -7 -8
leaf_value=0.00032260136126028227 -0.0014285616344939459 0.0010504810012708762 -0.00091763376451315304 -0.0027471414788943632 -0.0029408587068942373 -6.6154835111539861e-05 -0.0012329210571864443
leaf_weight=20419.758533351123 1704.2857159152627 4929.954366222024 6931.9225001707673 688.07565476000309 177.91278772056103 7360.4795136898756 1848.2125193327665
leaf_count=65759 5037 15651 21952 2178 564 22695 5867
internal_value=-5.09838e-05 0.000150016 7.89249e-06 -0.000614204 0.000908952 -0.000323536 -0.00164858
internal_weight=44060.6 32459.5 27351.7 11601.1 5107.87 9064.77 2536.29
internal_count=139703 103926 87711 35777 16215 27732 8045
is_linear=0
shrinkage=0.01


Tree=209
num_leaves=8
num_cat=0
split_feature=0 47 21 15 15 34 0
split_gain=49.4824 44.0657 43.4636 36.6506 25.5888 20.6071 13.9502
threshold=0.39898252487182623 0.22804322838783267 1.5553131699562075 -0.35807742178440088 -0.92858052253723133 1.8756618499755862 -0.88009232282638539
decision_type=2 2 2 2 2 2 2
left_child=2 5 3 -1 -3 -2 -4
right_child=1 4 6 -5 -6 -7 -8
leaf_value=-0.00018223828593114997 -7.9473913343918376e-05 0.0018501790437427494 -0.0039058156675330111 0.00059190044176268342 -0.0011427793648626412 0.0033217454128564644 -0.0011004062342502164
leaf_weight=9927.4010515064001 9525.8335772976279 293.70656929910183 269.94654682278633 15858.863440111279 7442.1519727408886 180.50109232962132 561.83514274656773
leaf_count=31881 29386 892 794 51060 23349 564 1777
internal_value=-5.0483e-05 -0.000464643 0.000220538 0.000293483 -0.00102763 -1.48583e-05 -0.00202648
internal_weight=44060.2 17442.2 26618 25786.3 7735.86 9706.33 831.782
internal_count=139703 54191 85512 82941 24241 29950 2571
is_linear=0
shrinkage=0.01


Tree=210
num_leaves=8
num_cat=0
split_feature=21 5 5 17 5 2 13
split_gain=42.5656 83.3662 29.2395 27.6493 22.5588 21.6244 17.7158
threshold=0.28001204133033758 -0.049027064815163605 1.7220776677131655 1.3097885847091677 2.1651451587677006 -2.4123361110687251 0.43413773179054266
decision_type=2 2 2 2 2 2 2
left_child=4 3 -3 -2 5 -1 -6
right_child=1 2 -4 -5 6 -7 -8
leaf_value=-0.0021944192314401222 0.0004900749177781476 -0.0013439813180990364 0.0011131477522678692 -0.00058939493065513025 0.0024373600067949296 0.00028361965212601664 1.2687380957790406e-05
leaf_weight=355.72689326107502 8802.2643586546183 6622.9233829751611 517.27395060658455 3241.0338947996497 861.20361915975809 23347.352146454155 476.06792060285807
leaf_count=1144 27350 20935 1656 9568 2788 75132 1518
internal_value=4.60082e-05 -0.00030817 -0.00116444 0.000198718 0.000317746 0.000245917 0.0015823
internal_weight=44223.8 19183.5 7140.2 12043.3 25040.4 23703.1 1337.27
internal_count=140091 59509 22591 36918 80582 76276 4306
is_linear=0
shrinkage=0.01


Tree=211
num_leaves=8
num_cat=0
split_feature=0 5 41 0 31 41 7
split_gain=50.5437 48.6243 34.6598 29.9581 29.9021 26.6319 24.2866
threshold=0.81990110874176036 -0.23189226537942884 2.6051529645919804 -0.70574018359184254 -1.5432198047637937 -1.3899320960044859 0.22365771234035495
decision_type=2 2 2 2 2 2 2
left_child=2 6 4 -4 -1 -3 -2
right_child=1 5 3 -5 -6 -7 -8
leaf_value=-0.0012179288174781111 0.0007169858338424795 0.0019223874190705547 0.0049647935924492593 0.0007217664153495179 0.00027174431687438863 -0.0013478071111491529 -0.00049545517549599751
leaf_weight=1407.9668230637908 3120.5396107584238 258.02345903217793 283.04073049128056 419.01061283051968 29942.156299047172 5288.4530220702291 3504.1351428553462
leaf_count=4410 9640 811 887 1344 96071 16528 10400
internal_value=4.55509e-05 -0.000502767 0.000254084 0.00245125 0.000204486 -0.00119356 7.41754e-05
internal_weight=44223.3 12171.2 32052.2 702.051 31350.1 5546.48 6624.67
internal_count=140091 37379 102712 2231 100481 17339 20040
is_linear=0
shrinkage=0.01


Tree=212
num_leaves=8
num_cat=0
split_feature=0 5 41 16 0 41 6
split_gain=49.5385 47.6588 33.9791 30.1119 29.3661 26.1064 23.2169
threshold=0.81990110874176036 -0.23189226537942884 2.6051529645919804 -0.77859464287757862 -0.70574018359184254 -1.3899320960044859 0.049410911276936538
decision_type=2 2 2 2 2 2 2
left_child=2 6 3 -1 -4 -3 -2
right_child=1 5 4 -5 -6 -7 -8
leaf_value=-0.00024879944336363868 0.00085840413404504503 0.0019030810242433008 0.0049159992199500962 0.00041516709936279602 0.00071457686312196656 -0.0013344209690126087 -0.00037197712099522697
leaf_weight=10029.120290018618 2405.8928139358759 258.04468396306038 283.0017062574625 21320.853155143559 419.00421941280365 5288.1005033031106 4218.7151126861572
leaf_count=32086 7476 811 887 68395 1344 16528 12564
internal_value=4.50995e-05 -0.000497747 0.00025155 0.000202438 0.00242712 -0.00118167 7.34196e-05
internal_weight=44222.7 12170.8 32052 31350 702.006 5546.15 6624.61
internal_count=140091 37379 102712 100481 2231 17339 20040
is_linear=0
shrinkage=0.01


Tree=213
num_leaves=8
num_cat=0
split_feature=30 30 4 30 4 18 14
split_gain=50.1875 37.7893 29.3665 25.6318 23.2451 20.3607 14.767
threshold=0.99354788661003124 -1.0257100462913511 -1.4954852461814878 1.7733222246170046 1.3261910080909731 -1.1226309537887571 -0.41636453568935389
decision_type=2 2 2 2 2 2 2
left_child=1 2 -1 5 -3 -2 -5
right_child=3 4 -4 6 -6 -7 -8
leaf_value=0.0010913739807160672 0.00046676997768987667 0.00045033128921972726 -0.00058626337813206403 -0.001214793858598105 -0.0014743817673391929 -0.000993581877803743 0.0017944625354355443
leaf_weight=1206.3676618039608 1093.9806166291237 25844.393594607711 7550.6004376634955 214.30913949012756 639.85132167488337 7036.5886284410954 635.9423028677702
leaf_count=3825 3469 82431 23963 672 2040 21658 2033
internal_value=4.4653e-05 0.00021493 -0.000353911 -0.000622358 0.000403399 -0.000795826 0.00102368
internal_weight=44222 35241.2 8756.97 8980.82 26484.2 8130.57 850.251
internal_count=140091 112259 27788 27832 84471 25127 2705
is_linear=0
shrinkage=0.01


Tree=214
num_leaves=8
num_cat=0
split_feature=30 30 31 30 42 5 17
split_gain=49.188 37.0361 30.977 29.0164 23.8988 22.8364 22.3988
threshold=0.99354788661003124 -1.0257100462913511 0.81551173329353344 1.8354021906852724 0.51726192235946666 -0.16468615084886548 -0.39016844332218165
decision_type=2 2 2 2 2 2 2
left_child=1 6 3 -2 -4 -3 -1
right_child=2 5 4 -5 -6 -7 -8
leaf_value=-0.00087692566381359683 -0.00043792277613866163 0.00072820707474360576 -0.00056291174254603077 0.002113656721461455 -0.0025191396768387921 0.000136157698290096 0.00013370253396457265
leaf_weight=4203.8479626178741 5969.6604999378324 11756.263799868524 1254.5046571493149 479.7581934556365 1276.6730398163199 14727.921127937734 4553.1594554111362
leaf_count=13535 18588 37030 3909 1550 3785 47441 14253
internal_value=4.42043e-05 0.000212777 -0.000616138 -0.000246268 -0.00155415 0.000399362 -0.000350358
internal_weight=44221.8 35241.2 8980.6 6449.42 2531.18 26484.2 8757.01
internal_count=140091 112259 27832 20138 7694 84471 27788
is_linear=0
shrinkage=0.01


Tree=215
num_leaves=8
num_cat=0
split_feature=42 9 3 3 27 7 27
split_gain=34.7292 43.4786 30.3472 53.4918 30.5769 28.9465 19.4663
threshold=0.10539993271231653 1.8301765322685244 0.39101931452751165 1.2553344368934634 2.0641051530838017 1.8851803541183474 1.7856446504592898
decision_type=2 2 2 2 2 2 2
left_child=2 5 4 -4 -1 -2 -3
right_child=1 6 3 -5 -6 -7 -8
leaf_value=0.00047745765978327866 -0.00053609423414017077 0.0014329176585245167 -0.0015574922428489744 0.0012114147086664103 -0.001932338410404148 0.0012309058826343374 -0.0020281380512924435
leaf_weight=19842.267337068915 17519.013942986727 1795.2519695162773 2108.5670752972364 1037.8704514652491 538.42271763086319 974.80217149853706 175.535723939538
leaf_count=64341 53882 5653 6971 3266 1700 3035 548
internal_value=9.53398e-06 -0.000291485 0.000271796 -0.000640881 0.000413213 -0.000442354 0.0011187
internal_weight=43991.7 20464.6 23527.1 3146.44 20380.7 18493.8 1970.79
internal_count=139396 63118 76278 10237 66041 56917 6201
is_linear=0
shrinkage=0.01


Tree=216
num_leaves=8
num_cat=0
split_feature=0 5 38 5 11 31 0
split_gain=44.0163 38.1454 36.7484 20.4556 24.1861 18.4527 5.80333
threshold=1.1251554489135744 -3.27411937713623 0.17334149032831195 -0.18192312121391294 -0.5121062397956847 0.16378755122423175 0.18025429546833041
decision_type=2 2 2 2 2 2 2
left_child=1 6 -3 5 -5 -2 -1
right_child=3 2 -4 4 -6 -7 -8
leaf_value=-0.0039067846627037321 0.0003782142716057664 0.00049949641558488464 -0.00014300995601438795 -4.7037275452987856e-05 -0.0018856138535117035 -0.0008763734530726218 -0.0013953987022303127
leaf_weight=235.60651098191738 2368.8674896657467 18677.794768117368 16972.317097947001 1085.4077402502298 2164.8802203908563 2307.3141162917018 179.17061640322208
leaf_count=729 7170 59429 54574 3431 6637 6867 559
internal_value=9.43605e-06 0.000157957 0.000193336 -0.000664997 -0.00127491 -0.000238739 -0.00285196
internal_weight=43991.4 36064.9 35650.1 7926.47 3250.29 4676.18 414.777
internal_count=139396 115291 114003 24105 10068 14037 1288
is_linear=0
shrinkage=0.01


Tree=217
num_leaves=8
num_cat=0
split_feature=0 17 17 22 23 22 42
split_gain=43.1432 32.8433 27.0631 38.7092 26.4318 20.2877 17.5793
threshold=1.1251554489135744 -0.68116086721420277 -0.9764694571495055 0.58257129788398754 -0.89254760742187489 0.429953083395958 0.67029163241386425
decision_type=2 2 2 2 2 2 2
left_child=2 5 3 -1 -4 -2 -3
right_child=1 6 4 -5 -6 -7 -8
leaf_value=-0.00059740786059169295 -0.0031427168890442517 0 0.00086919134638853088 0.0012985342520788442 0.00013744849937610018 0.00070518938783733359 -0.0010153567275909604
leaf_weight=7532.6309400871396 748.61772122979164 4084.3876147419214 6493.1257303506136 1253.0458031743765 20785.916070200503 162.33970992267132 2930.657913736999
leaf_count=24383 2332 12659 21033 4061 65814 492 8622
internal_value=9.32869e-06 -0.000658402 0.000156368 -0.000325746 0.000312014 -0.002446 -0.000424527
internal_weight=43990.7 7926 36064.7 8785.68 27279 910.957 7015.05
internal_count=139396 24105 115291 28444 86847 2824 21281
is_linear=0
shrinkage=0.01


Tree=218
num_leaves=8
num_cat=0
split_feature=0 36 27 22 3 7 45
split_gain=42.4915 31.1393 26.3932 24.5614 23.8405 15.3284 12.891
threshold=0.71205818653106701 0.37858463823795324 2.1838957071304326 -0.18934438377618787 1.1959424018859866 -0.12266305834054946 1.5247167348861697
decision_type=2 2 2 2 2 2 2
left_child=2 4 3 -1 -2 -3 -4
right_child=1 5 6 -5 -6 -7 -8
leaf_value=0.00051916735967526132 -0.00024252857226179992 -0.00033508492266953483 -0.0026603933460061014 -6.013415626640325e-05 0.0015290578358545051 -0.0014230841901730568 -0.00010829485712830544
leaf_weight=16694.953086070716 6999.5101136118174 2077.3585973456502 459.39554682374001 12980.868668757379 850.66829086840153 3565.1514873728156 362.16601665318012
leaf_count=53901 21819 6545 1459 41370 2482 10687 1133
internal_value=9.23469e-06 -0.000457765 0.000216181 0.000265437 -4.91103e-05 -0.00102443 -0.00154902
internal_weight=43990.1 13492.7 30497.4 29675.8 7850.18 5642.51 821.562
internal_count=139396 41533 97863 95271 24301 17232 2592
is_linear=0
shrinkage=0.01


Tree=219
num_leaves=8
num_cat=0
split_feature=8 7 29 0 6 3 3
split_gain=44.4093 36.3658 27.5533 26.9716 30.7729 20.4426 16.3148
threshold=0.37135228514671331 1.8294748067855837 1.179260313510895 0.80667725205421459 -2.0370717048645015 1.1959424018859866 -0.20057679712772367
decision_type=2 2 2 2 2 2 2
left_child=3 2 -2 4 -1 -5 -3
right_child=1 6 -4 5 -6 -7 -8
leaf_value=-0.0019007085545952782 -0.00029434939785926068 0.00017350869883289049 -0.0013049952859346733 -0.00044550622170612723 0.00053234838043395656 0.0013990686874432374 0.0024000128465796185
leaf_weight=532.06443416327238 13142.278726302087 726.31524500250816 3409.2274499684572 6187.2396152466536 18712.261821575463 662.53279174864292 617.45449940860271
leaf_count=1680 40653 2250 10302 19464 61135 2006 1906
internal_value=9.13042e-06 -0.000374299 -0.000503189 0.000272473 0.000464465 -0.000265455 0.00120503
internal_weight=43989.4 17895.3 16551.5 26094.1 19244.3 6849.77 1343.77
internal_count=139396 55111 50955 84285 62815 21470 4156
is_linear=0
shrinkage=0.01


Tree=220
num_leaves=8
num_cat=0
split_feature=46 6 14 17 47 34 47
split_gain=54.0089 37.9815 49.2463 44.7647 13.9991 11.311 6.88267
threshold=1.6089237928390505 0.049410911276936538 -0.1862484589219093 -0.39016844332218165 1.1138992309570315 -0.16914812475442884 1.4801391959190371
decision_type=2 2 2 2 2 2 2
left_child=1 3 -3 -1 5 -2 -6
right_child=4 2 -4 -5 6 -7 -8
leaf_value=-0.00010835679790894771 0.00012773168409706165 -0.00062321609721786159 0.00041976301912582009 0.00078305990417705681 -0.0050045060747117192 -0.0018134174297432283 -0.0020426596617556378
leaf_weight=11090.58428350091 408.09172025322914 12885.449671834707 6966.7738079354167 11411.808737784624 169.39726065099239 1042.7167582288384 180.23334562778473
leaf_count=36352 1268 39623 21576 36830 520 3149 567
internal_value=-1.00679e-05 6.18297e-05 -0.000256695 0.000343284 -0.00170608 -0.0012608 -0.00351638
internal_weight=44155.1 42354.6 19852.2 22502.4 1800.44 1450.81 349.631
internal_count=139885 134381 61199 73182 5504 4417 1087
is_linear=0
shrinkage=0.01


Tree=221
num_leaves=8
num_cat=0
split_feature=46 46 42 35 35 25 18
split_gain=52.9533 33.9149 30.6869 23.4697 13.8027 14.6208 9.95635
threshold=1.6089237928390505 -0.81623727083206166 -0.2608176320791244 1.6194485425949099 0.22514670342206958 0.76614493131637584 1.2129063606262209
decision_type=2 2 2 2 2 2 2
left_child=1 3 -3 -1 6 -6 -2
right_child=4 2 -4 -5 5 -7 -8
leaf_value=0.00041704209461029915 -0.0013575262249396495 0.0002535630591180606 -0.00038497913160048596 0.0024746940122131558 -0.0038859690045434654 -0.001434066083433263 0.0011899139515852534
leaf_weight=11021.637893237174 545.61103512346745 13110.219768352807 17636.91323120147 585.47876444458961 422.18378129601479 623.60620705783367 208.58871930837631
leaf_count=35309 1715 42582 54623 1867 1288 1867 634
internal_value=-9.97164e-06 6.12097e-05 -0.000112388 0.000521899 -0.00168954 -0.00243622 -0.000639097
internal_weight=44154.2 42354.2 30747.1 11607.1 1799.99 1045.79 754.2
internal_count=139885 134381 97205 37176 5504 3155 2349
is_linear=0
shrinkage=0.01


Tree=222
num_leaves=8
num_cat=0
split_feature=0 16 3 3 3 28 9
split_gain=52.5412 38.4243 29.9567 29.306 24.5213 23.6751 18.6591
threshold=0.90010043978691112 -1.00955593585968 1.1959424018859866 0.95014831423759472 3.9067710638046269 1.9100938439369204 -2.3236430883407588
decision_type=2 2 2 2 2 2 2
left_child=1 6 3 -2 -4 -3 -1
right_child=2 5 4 -5 -6 -7 -8
leaf_value=-0.0036708296848061983 -0.00071780274516879984 0.00043608498432153383 0.0020128047222301429 -0.0043520766381039194 -0.00064379962468059601 -0.0012349609331184421 -0.00034992415542109417
leaf_weight=172.86980329453945 9435.0633052811027 24465.696293272078 737.60431987047195 227.55360792577267 647.65496096014977 874.42555186152458 7592.568935893476
leaf_count=547 29065 78504 2199 715 1860 2718 24277
internal_value=-9.87057e-06 0.000189178 -0.000607198 -0.000804866 0.000763971 0.00037798 -0.000425603
internal_weight=44153.4 33105.6 11047.9 9662.62 1385.26 25340.1 7765.44
internal_count=139885 106046 33839 29780 4059 81222 24824
is_linear=0
shrinkage=0.01


Tree=223
num_leaves=8
num_cat=0
split_feature=6 33 45 3 7 15 44
split_gain=43.8912 48.335 38.4346 46.3797 38.027 27.6625 18.6391
threshold=0.049410911276936538 -0.34332677721977228 1.0068052411079409 0.3611403107643128 1.8851803541183474 -0.23214702308177945 1.2493439912796023
decision_type=2 2 2 2 2 2 2
left_child=2 5 3 -1 -3 -2 -4
right_child=1 4 6 -5 -6 -7 -8
leaf_value=0.00029333582624926159 -0.00017160830067064454 -0.00086329423277154045 0.00088208453993866983 -0.0011710258236376165 0.0012538499275097342 0.001056768585532051 0.0027680044099997587
leaf_weight=16725.557368643582 5017.5220658555627 12152.510064765811 3359.5493262037635 2481.8167552500963 907.49063156545162 2878.4933073371649 629.78009561449289
leaf_count=54455 15652 37057 10779 8166 2799 8999 1978
internal_value=-9.78082e-06 -0.000341709 0.000289656 0.000103552 -0.000715331 0.000275007 0.00118293
internal_weight=44152.7 20956 23196.7 19207.4 13060 7896.02 3989.33
internal_count=139885 64507 75378 62621 39856 24651 12757
is_linear=0
shrinkage=0.01


Tree=224
num_leaves=8
num_cat=0
split_feature=23 42 11 29 13 5 45
split_gain=49.9079 31.8738 37.6451 30.8119 26.6349 19.3285 10.5653
threshold=0.79686006903648388 -0.39877784252166742 1.3368613719940188 1.7392373681068423 2.1514903306961064 0.39214286208152777 -0.29215814173221583
decision_type=2 2 2 2 2 2 2
left_child=3 5 -3 4 -1 -2 -5
right_child=1 2 -4 6 -6 -7 -8
leaf_value=0.0002571276770807271 0.00070258311238521453 -0.0012772720081947147 0.00015586302873719463 -0.0044847064069431517 -0.0034674379458026145 -0.00096527072643110142 -0.0008923259786394476
leaf_weight=31158.663854911923 2594.7474105507135 6359.3489636108279 2558.0066203549504 176.30891433358192 191.85220290720463 944.431536257267 168.69346472620964
leaf_count=99737 8252 19450 7698 553 603 3069 523
internal_value=-9.67547e-06 -0.000546168 -0.000865074 0.000200865 0.000233906 0.000254544 -0.00276472
internal_weight=44152.1 12456.5 8917.36 31695.5 31350.5 3539.18 345.002
internal_count=139885 38469 27148 101416 100340 11321 1076
is_linear=0
shrinkage=0.01


Tree=225
num_leaves=8
num_cat=0
split_feature=0 5 6 21 17 36 25
split_gain=47.5843 42.7749 47.4609 33.0223 31.2877 26.6088 15.3087
threshold=0.59016636013984691 -0.21498045325279233 -0.50995290279388417 1.437524735927582 -0.50354039669036854 0.13051201403141025 1.7698214650154116
decision_type=2 2 2 2 2 2 2
left_child=3 2 -2 4 -1 -3 -5
right_child=1 5 -4 6 -6 -7 -8
leaf_value=-5.2730303114318772e-05 0.001510145722878642 -0.00045768407848435707 -0.00034771736734485494 -0.00072699192061929235 0.00062486039999685159 -0.0016893125248757708 -0.0034564314151235426
leaf_weight=12020.011546686292 1767.3099153265357 4030.1873158439994 6173.7454656213522 1266.9054506272078 15657.695153772831 3148.0586354583502 249.03031878173351
leaf_count=38998 5555 12730 18617 3926 49998 9831 741
internal_value=1.51926e-05 -0.0004399 6.46356e-05 0.000251233 0.00033024 -0.000999374 -0.00118395
internal_weight=44312.9 15119.3 7941.06 29193.6 27677.7 7178.25 1515.94
internal_count=140396 46733 24172 93663 88996 22561 4667
is_linear=0
shrinkage=0.01


Tree=226
num_leaves=8
num_cat=0
split_feature=0 5 46 12 31 31 30
split_gain=46.638 41.9274 34.0053 30.747 26.9645 26.6082 20.2174
threshold=0.59016636013984691 -0.21498045325279233 -0.951440930366516 -1.5968942046165464 -1.5432198047637937 1.0000000180025095e-35 0.94637885689735424
decision_type=2 2 2 2 2 2 2
left_child=2 5 3 -1 -4 -2 -3
right_child=1 6 4 -5 -6 -7 -8
leaf_value=-0.0011490123173089029 0.00068517068650923252 -0.00067683491394587164 -0.0016185491924273533 0.0010265768599620907 0.00012070363757707314 -0.00047487178848697312 -0.001902388099948942
leaf_weight=711.80866150557995 3697.123707704246 5356.4647483900189 930.31680162250996 6922.2773926109076 20628.916912995279 4243.78471044451 1821.4523231089115
leaf_count=2340 11364 16889 2901 22283 66139 12808 5672
internal_value=1.50285e-05 -0.000435522 0.000248712 0.000822289 4.51166e-05 6.39793e-05 -0.000989443
internal_weight=44312.1 15118.8 29193.3 7634.09 21559.2 7940.91 7177.92
internal_count=140396 46733 93663 24623 69040 24172 22561
is_linear=0
shrinkage=0.01


Tree=227
num_leaves=8
num_cat=0
split_feature=21 46 4 42 42 23 23
split_gain=35.7668 29.1009 29.1502 16.7045 20.381 19.9672 15.4107
threshold=1.2473068833351137 1.6089237928390505 1.1108436584472658 -0.34436665475368494 1.4967605471611025 -0.60970163345336903 0.49603351950645452
decision_type=2 2 2 2 2 2 2
left_child=1 2 -1 5 -5 -2 -3
right_child=3 6 -4 4 -6 -7 -8
leaf_value=0.00022795412119474041 -0.0030807758580373057 -0.00038204991846456539 -0.0013717736468033587 -0.00146205903944796 9.6459872189205969e-05 0.00034001699662331014 -0.0029265328052441209
leaf_weight=35786.598228879273 185.85121440887451 525.01019635796547 1174.0527437701821 3098.2110087648034 1134.3334901332855 1955.9923911616206 451.46387957036495
leaf_count=114270 597 1666 3720 9263 3321 6169 1390
internal_value=1.48707e-05 0.000131554 0.000176833 -0.000677912 -0.00104209 3.72234e-05 -0.00157049
internal_weight=44311.5 37937.1 36960.7 6374.39 4232.54 2141.84 976.474
internal_count=140396 121046 117990 19350 12584 6766 3056
is_linear=0
shrinkage=0.01


Tree=228
num_leaves=8
num_cat=0
split_feature=30 30 4 19 14 8 30
split_gain=38.6081 36.8909 36.1369 27.5419 24.0331 22.3035 16.9531
threshold=0.94637885689735424 -1.0983899831771848 1.3261910080909731 1.0905110239982607 -0.27729018032550806 0.20018556714057925 1.7733222246170046
decision_type=2 2 2 2 2 2 2
left_child=1 3 -3 -1 5 -2 -6
right_child=4 2 -4 -5 6 -7 -8
leaf_value=-0.00014631914565406125 -0.00035781558082976768 0.0004047452711671556 -0.0019824771422265516 -0.0016721832584356733 -0.00024656728574179871 -0.0017338905480572488 0.0017248625941881407
leaf_weight=6244.7838990315795 2372.7706788480282 26217.998366259038 647.57130567729473 1464.1726363450289 4498.6865672022104 2383.2642056420445 481.68081192672253
leaf_count=20052 7478 83626 2069 4457 13979 7193 1542
internal_value=1.47134e-05 0.000171576 0.000346759 -0.000437605 -0.000541247 -0.00104969 -5.35832e-05
internal_weight=44310.9 34574.5 26865.6 7708.96 9736.4 4756.03 4980.37
internal_count=140396 110204 85695 24509 30192 14671 15521
is_linear=0
shrinkage=0.01


Tree=229
num_leaves=8
num_cat=0
split_feature=6 15 15 30 26 3 17
split_gain=45.1139 47.9702 41.4001 38.5504 36.4434 49.397 16.5215
threshold=0.049410911276936538 -0.30470030009746546 0.43968591094017034 1.0644047260284426 0.77296972274780285 0.3611403107643128 -0.37565350532531733
decision_type=2 2 2 2 2 2 2
left_child=4 3 -3 -2 5 -1 -6
right_child=1 2 -4 -5 6 -7 -8
leaf_value=0.00029292323635619742 -0.00042653776235047918 0.0003943179872746939 -0.0017844371370957927 -0.0017818464349349608 0.00043378664614916268 -0.0013196036046126758 0.0015342824161430877
leaf_weight=15584.04784321785 8234.6263300925493 8981.7003427445889 963.98318026214838 2831.2151969075203 2580.7022257521749 2161.4592916592956 2972.8109091818333
leaf_count=50805 25289 27799 2975 8595 8338 7136 9459
internal_value=1.45542e-05 -0.000321203 0.000181979 -0.000774329 0.000317777 9.58855e-05 0.00102486
internal_weight=44310.5 21011.5 9945.68 11065.8 23299 17745.5 5553.51
internal_count=140396 64658 30774 33884 75738 57941 17797
is_linear=0
shrinkage=0.01


Tree=230
num_leaves=8
num_cat=0
split_feature=42 6 3 28 5 18 20
split_gain=43.0726 36.1461 34.1946 67.6556 34.1335 24.8612 18.9291
threshold=0.12049128487706186 1.9448479413986208 0.3611403107643128 -0.263748288154602 -2.659018754959106 1.0706968903541567 1.2415230870246889
decision_type=2 2 2 2 2 2 2
left_child=2 4 6 -4 -2 -3 -1
right_child=1 5 3 -5 -6 -7 -8
leaf_value=0.00053351576572148441 -0.0025379738100533701 0.0033668666066480318 -0.0024826613903435441 0.00045252369883915178 -0.00036949156153774274 0.00011637868664936278 -0.00038606919777618573
leaf_weight=17952.042666934431 756.42467605322599 415.58892454206944 1274.3317983672023 2032.4867297708988 18648.26398511976 556.25870280712843 2543.6451168656349
leaf_count=58441 2203 1336 4214 6535 57583 1676 7971
internal_value=-2.23135e-05 -0.000359985 0.000266339 -0.000675979 -0.000454664 0.00151869 0.000418888
internal_weight=44179 20376.5 23802.5 3306.82 19404.7 971.848 20495.7
internal_count=139959 62798 77161 10749 59786 3012 66412
is_linear=0
shrinkage=0.01


Tree=231
num_leaves=8
num_cat=0
split_feature=7 14 7 26 3 33 40
split_gain=36.6456 59.7969 39.2383 35.8607 56.391 32.4937 18.7662
threshold=0.073164723813533797 -0.16491108387708661 1.4912219643592837 0.58005961775779735 0.3611403107643128 0.47193488478660589 2.2073019742965703
decision_type=2 2 2 2 2 2 2
left_child=3 2 -2 4 -1 -3 -5
right_child=1 5 -4 6 -6 -7 -8
leaf_value=0.0002270698759590066 -0.00093177235337250713 0.00097002914697068049 0.00050115389772064105 0.0009903478760588762 -0.0015054789208777666 -0.00049223116872912863 -0.002088874429016781
leaf_weight=15020.392147868872 11770.126593440771 4290.3635252788663 2271.0178397893906 6136.9444103464484 2146.0607796236873 2341.9676426947117 201.59950922429562
leaf_count=48800 36187 13434 6997 19672 7041 7195 633
internal_value=-2.20887e-05 -0.000329387 -0.000699279 0.000247769 9.81805e-06 0.000452181 0.000890521
internal_weight=44178.5 20673.5 14041.1 23505 17166.5 6632.33 6338.54
internal_count=139959 63813 43184 76146 55841 20629 20305
is_linear=0
shrinkage=0.01


Tree=232
num_leaves=7
num_cat=0
split_feature=29 30 30 30 40 21
split_gain=47.6619 38.48 39.8769 32.5368 18.0155 14.8153
threshold=1.6974222064018252 0.67125591635704052 -1.0983899831771848 1.7733222246170046 0.91908979415893566 -0.20297812670469281
decision_type=2 2 2 2 2 2
left_child=1 2 -1 -3 5 -2
right_child=4 3 -4 -5 -6 -7
leaf_value=-0.00040764783610200466 -0.0010524302516642223 -0.00055916923931300104 0.00042721122596777817 0.0015042520279857649 0 -0.0047550996175763187
leaf_weight=7641.7851263061166 168.9500198662281 12353.688731074333 22658.878254510462 811.31805299222469 196.5404589921236 346.83129452168941
leaf_count=24292 533 38382 72509 2582 588 1073
internal_value=-2.18663e-05 1.99822e-05 0.000216324 -0.000431143 -0.00258592 -0.00356598
internal_weight=44178 43465.7 30300.7 13165 712.322 515.781
internal_count=139959 137765 96801 40964 2194 1606
is_linear=0
shrinkage=0.01


Tree=233
num_leaves=8
num_cat=0
split_feature=0 17 15 38 8 31 3
split_gain=42.7433 37.1264 30.1041 28.0963 25.1381 26.3147 16.3205
threshold=0.43940494954586035 -0.087283696979284273 -0.37231069803237909 0.14987619966268542 -0.46611312031745905 0.16378755122423175 1.7444621920585635
decision_type=2 2 2 2 2 2 2
left_child=1 3 -3 -1 6 -6 -2
right_child=4 2 -4 -5 5 -7 -8
leaf_value=0.00029551304883143603 -2.5060979435930194e-05 0 0.0010131451665880108 -0.00057599306081122174 -0.00020491034041871016 -0.0011912516593143479 0.0022418600916798976
leaf_weight=7848.3102885633707 5697.1487869098783 4752.1103911623359 7682.0417254343629 6984.7549290657043 5384.5309395268559 5493.8763672187924 334.89480669796467
leaf_count=25340 18264 14989 24416 22745 16601 16577 1027
internal_value=-2.16517e-05 0.000223064 0.000626187 -0.000114208 -0.000416824 -0.000704021 9.94901e-05
internal_weight=44177.7 27267.2 12434.2 14833.1 16910.5 10878.4 6032.04
internal_count=139959 87490 39405 48085 52469 33178 19291
is_linear=0
shrinkage=0.01


Tree=234
num_leaves=8
num_cat=0
split_feature=23 22 22 6 11 45 6
split_gain=40.0472 51.4609 52.4542 25.0928 23.9335 18.7453 18.5409
threshold=0.66027304530143749 1.1184026002883913 -0.1060761585831642 -0.29819686710834498 1.5646716952323916 1.0721788406372073 -0.64181897044181813
decision_type=2 2 2 2 2 2 2
left_child=1 2 -1 5 -5 -2 -3
right_child=3 6 -4 4 -6 -7 -8
leaf_value=0.00029734263507547097 -0.00023592577427738394 0.0022056621696766644 -0.00071257173618248309 -0.0009301401576398662 0.00032839776509733181 0.001282371540798006 0.00075597662531308495
leaf_weight=18810.957824148238 2568.3070214316249 1324.8585741296411 7076.1772512719035 8645.4032940492034 1817.3222004324198 1184.2559373676777 2749.7846407219768
leaf_count=60634 8292 4313 22418 26460 5480 3760 8602
internal_value=-2.14345e-05 0.000185715 2.08822e-05 -0.000458732 -0.000710572 0.000240777 0.00123022
internal_weight=44177.1 29961.8 25887.1 14215.3 10462.7 3752.56 4074.64
internal_count=139959 95967 83052 43992 31940 12052 12915
is_linear=0
shrinkage=0.01


Tree=235
num_leaves=8
num_cat=0
split_feature=0 5 6 5 6 36 30
split_gain=60.047 40.7238 42.0193 35.0181 31.7595 29.3622 17.3418
threshold=0.48019903898239141 -2.1351479291915889 -1.6479037404060362 -0.13102094084024427 0.20994931459426883 0.081427052617073073 0.86017483472824108
decision_type=2 2 2 2 2 2 2
left_child=1 6 -3 4 -2 -5 -1
right_child=3 2 -4 5 -6 -7 -8
leaf_value=-0.00080306723712384701 0.0005962536949168589 -0.0013061616465802569 0.00046108090627705936 -0.00041172392210062173 -0.00060644558395773639 -0.001666995022099708 -0.0036192198059411119
leaf_weight=837.93695668131113 4093.0500943288207 1417.9618749171495 25125.635751567781 4190.0345912799239 4730.9366218522191 3396.5476303547621 302.54530169069767
leaf_count=2626 12843 4589 80766 13275 14109 10586 923
internal_value=2.08376e-06 0.000286425 0.000366252 -0.000476969 -4.74301e-05 -0.000975178 -0.00156141
internal_weight=44094.6 27684.1 26543.6 16410.6 8823.99 7586.58 1140.48
internal_count=139717 88904 85355 50813 26952 23861 3549
is_linear=0
shrinkage=0.01


Tree=236
num_leaves=8
num_cat=0
split_feature=42 9 31 22 22 25 22
split_gain=39.2941 34.9959 32.4038 25.1853 53.4467 26.5515 18.8481
threshold=0.058990372344851501 2.1264070272445683 -1.6317385435104368 0.8453870713710786 -0.094552963972091661 0.65246358513832103 -0.55624049901962269
decision_type=2 2 2 2 2 2 2
left_child=3 2 -2 4 -1 -5 -3
right_child=1 6 -4 5 -6 -7 -8
leaf_value=0.00043309916803979589 -0.0021916665153119404 -0.00034440331601822381 -0.00032280601447529208 0.0016625538227007667 -0.00080816541194570759 0.00014686715164583268 0.0021507698335863743
leaf_weight=13777.448781862855 977.81581573933363 459.31631018221378 18729.238841459155 2445.6715646013618 4632.3266419991851 2220.6138921901584 851.46235720813274
leaf_count=44930 2926 1475 57796 7945 14904 7099 2642
internal_value=2.04989e-06 -0.00031051 -0.000416148 0.000287166 0.000120198 0.00094359 0.0012692
internal_weight=44093.9 21017.8 19707.1 23076.1 18409.8 4666.29 1310.78
internal_count=139717 64839 60722 74878 59834 15044 4117
is_linear=0
shrinkage=0.01


Tree=237
num_leaves=8
num_cat=0
split_feature=42 41 21 43 46 6 28
split_gain=38.5139 35.9538 33.294 27.9721 21.6302 21.9134 9.00883
threshold=0.058990372344851501 0.91355973482131969 1.6425848603248598 -1.2676190733909605 1.5589362978935244 -1.6479037404060362 1.3756118416786196
decision_type=2 2 2 2 2 2 2
left_child=4 2 -2 -3 5 -1 -6
right_child=1 3 -4 -5 6 -7 -8
leaf_value=-0.00079967648997713193 -0.00039005184803886237 -0.002802252745390883 -0.0023691311889130983 0.00085528445711152788 -0.0015212010480280987 0.00043938352419564181 0.00080613580368988377
leaf_weight=1528.1552203968167 16636.888032823801 221.38905315101147 897.66571931540966 3261.6423851922154 890.71418374031782 20459.259360484779 197.7222635447979
leaf_count=4893 51356 671 2620 10192 2809 66575 601
internal_value=2.02731e-06 -0.000307414 -0.000492069 0.000619196 0.000284302 0.00035278 -0.00108889
internal_weight=44093.4 21017.6 17534.6 3483.03 23075.9 21987.4 1088.44
internal_count=139717 64839 53976 10863 74878 71468 3410
is_linear=0
shrinkage=0.01


Tree=238
num_leaves=8
num_cat=0
split_feature=0 5 31 5 41 1 23
split_gain=58.5433 39.8312 37.9744 34.3988 34.2732 22.5798 18.541
threshold=0.48019903898239141 -2.1351479291915889 1.5657845735549929 -0.13102094084024427 -1.4223634004592893 0.65139955282211315 0.67377811670303356
decision_type=2 2 2 2 2 2 2
left_child=1 5 -3 6 -5 -1 -2
right_child=3 2 -4 4 -6 -7 -8
leaf_value=-0.0024755375444774318 0.00040843677532310956 0.00028602202246585863 0.0022648749711905408 0.0021474407741320671 -0.0011103196586835697 0.00056123728688494497 -0.00050806708996883377
leaf_weight=794.044743090868 4444.41691531986 25533.89718285948 1009.0731441155076 335.0902923643589 7250.9454693645239 346.37512761354446 4378.9722479954362
leaf_count=2466 13863 82098 3257 1059 22802 1083 13089
internal_value=1.99886e-06 0.00028276 0.00036171 -0.000471035 -0.000964836 -0.00154475 -4.5289e-05
internal_weight=44092.8 27683.4 26543 16409.4 7586.04 1140.42 8823.39
internal_count=139717 88904 85355 50813 23861 3549 26952
is_linear=0
shrinkage=0.01


Tree=239
num_leaves=8
num_cat=0
split_feature=42 7 41 28 24 7 24
split_gain=37.6936 35.9179 36.123 19.0663 26.9651 17.3479 9.36505
threshold=0.058990372344851501 1.9448499083518984 0.75680124759674083 0.20395833253860476 0.5838722586631776 -0.085951689630746828 1.356793284416199
decision_type=2 2 2 2 2 2 2
left_child=3 2 -2 4 -1 -5 -3
right_child=1 6 -4 5 -6 -7 -8
leaf_value=0.00030761279581101645 -0.00061762414438698674 0.0017535829186723511 0.00045677925238114011 0.0010718632019831868 -0.00068377993000062515 6.1573022505977091e-05 -0.00062253610248041058
leaf_weight=12172.932852454484 15928.608251556754 1014.8361072689295 3882.6600500568748 4652.441844522953 3537.8583472520113 2712.0369195342064 190.80819973349571
leaf_count=39863 48983 3203 12079 15092 11356 8567 574
internal_value=1.98149e-06 -0.00030415 -0.000406543 0.00028124 8.36987e-05 0.000701231 0.00136904
internal_weight=44092.2 21016.9 19811.3 23075.3 15710.8 7364.48 1205.64
internal_count=139717 64839 61062 74878 51219 23659 3777
is_linear=0
shrinkage=0.01


Tree=240
num_leaves=8
num_cat=0
split_feature=15 38 17 19 4 22 3
split_gain=32.8195 47.0941 27.2415 24.4388 23.8614 21.9633 15.3082
threshold=-0.36037997901439661 0.13781319558620456 -1.2769590616226194 1.8591064810752871 -0.17895309627056119 -0.1060761585831642 -0.14440967142581937
decision_type=2 2 2 2 2 2 2
left_child=3 4 -3 5 -2 -1 -5
right_child=1 2 -4 6 -6 -7 -8
leaf_value=0 0.0010229803009887027 -0.0014686971646113538 -6.9168564061151627e-05 -0.0038902582218992262 0.00020442849458573013 -0.000743212966000948 -0.00038430637212814612
leaf_weight=10128.994772829115 6757.0991148799658 1596.414767794311 10907.745420500636 312.88344024121761 7608.9083654507995 6547.5101185441017 218.11500188708305
leaf_count=32188 21373 5173 34888 954 24015 20537 654
internal_value=-1.87105e-05 0.000199412 -0.00024875 -0.000359889 0.000590177 -0.000291882 -0.00247237
internal_weight=44077.7 26870.2 12504.2 17207.5 14366 16676.5 530.998
internal_count=139782 85449 40061 54333 45388 52725 1608
is_linear=0
shrinkage=0.01


Tree=241
num_leaves=8
num_cat=0
split_feature=36 17 17 6 3 37 3
split_gain=41.7375 31.0306 28.7432 20.4884 20.4151 20.4732 15.1422
threshold=-0.061391865834593766 1.5815500020980837 -0.72311905026435841 0.15942033380270007 1.7444621920585635 -0.2974796444177627 3.9067710638046269
decision_type=2 2 2 2 2 2 2
left_child=4 2 -2 -3 5 -1 -6
right_child=1 3 -4 -5 6 -7 -8
leaf_value=-2.3929262080263427e-05 -0.0007028764878584552 0.00019358693352903057 7.9476353408659362e-05 -0.0019693233277526647 0.0028700315591387231 0.00062208416895603478 0
leaf_weight=11962.796114087105 7166.9718301668763 577.53011115640402 13564.352268874645 1709.519502595067 523.88882231712341 8281.8205466642976 290.56384865939617
leaf_count=37975 23047 1787 42599 5018 1575 26929 852
internal_value=-1.85295e-05 -0.000313069 -0.000190527 -0.00141892 0.000302938 0.000239871 0.0018561
internal_weight=44077.4 23018.4 20731.3 2287.05 21059.1 20244.6 814.453
internal_count=139782 72451 65646 6805 67331 64904 2427
is_linear=0
shrinkage=0.01


Tree=242
num_leaves=7
num_cat=0
split_feature=7 6 4 33 43 43
split_gain=35.9532 48.5703 37.998 37.7254 12.0057 18.1992
threshold=1.8851803541183474 0.049410911276936538 1.3261910080909731 -0.34332677721977228 0.30008614063262945 1.1596068739891054
decision_type=2 2 2 2 2 2
left_child=1 2 -1 -3 -2 -6
right_child=4 3 -4 -5 5 -7
leaf_value=0.00030747143907475986 -0.00042324520833044116 0.00012599469139586665 -0.0021027919268387513 -0.00078272717008276427 0.0041074380218463916 0.0012216935041596097
leaf_weight=22364.234485447407 271.83501406013966 7286.9536740258336 671.93179485201836 12167.206972040236 284.14030969142914 1030.7486602962017
leaf_count=72766 873 22725 2189 37125 905 3199
internal_value=-1.83381e-05 -7.37682e-05 0.000236645 -0.000441844 0.00145882 0.00185553
internal_weight=44077.1 42490.3 23036.2 19454.2 1586.72 1314.89
internal_count=139782 134805 74955 59850 4977 4104
is_linear=0
shrinkage=0.01


Tree=243
num_leaves=8
num_cat=0
split_feature=36 26 10 6 13 42 47
split_gain=40.8621 30.699 33.6186 25.1297 20.9741 18.1853 6.07923
threshold=-0.061391865834593766 0.77296972274780285 0.54879900813102733 0.19735907018184665 1.9222602248191836 -0.097759205847978578 0.032852834090590484
decision_type=2 2 2 2 2 2 2
left_child=4 2 -2 -3 5 -1 -6
right_child=1 3 -4 -5 6 -7 -8
leaf_value=0.00059975252406131057 -0.00020733181500505622 0.00083062375650541382 -0.0011883863899679757 -0.00029358303031659048 -0.00079591006107325392 1.5365904747900604e-06 -0.0036661067120210031
leaf_weight=11698.160515233874 9262.2963013201952 3458.7715781852603 5638.3257062286139 4658.3008855879307 161.50895860791206 9043.3396102935076 155.77661176025867
leaf_count=38146 29705 11034 17597 14115 515 28179 491
internal_value=-1.81499e-05 -0.000309592 -0.000579284 0.000184265 0.000299927 0.000339424 -0.00224359
internal_weight=44076.5 23017.7 14900.6 8117.07 21058.8 20741.5 317.286
internal_count=139782 72451 47302 25149 67331 66325 1006
is_linear=0
shrinkage=0.01


Tree=244
num_leaves=8
num_cat=0
split_feature=7 6 15 4 15 4 4
split_gain=35.3747 47.0406 51.6924 37.2127 15.4502 12.3327 4.16176
threshold=1.8851803541183474 0.049410911276936538 -0.2434696555137634 1.3261910080909731 -0.44606545567512507 -0.27067822217941279 -0.24095235764980313
decision_type=2 2 2 2 2 2 2
left_child=1 3 -3 -1 6 -6 -2
right_child=4 2 -4 -5 5 -7 -8
leaf_value=0.00030262097238209387 -0.00099849358770627387 -0.00083013676190558049 0.00023679639013879391 -0.0020825646798373707 0.003332599048327211 0.0011852645397778315 0.00097820589610941758
leaf_weight=22363.87074931711 250.46404952555895 12261.793634012341 7191.6063798442483 671.95303877443075 459.70854505896568 695.17696987092495 181.40285533666611
leaf_count=72766 787 37631 22219 2189 1431 2191 568
internal_value=-1.79719e-05 -7.2958e-05 -0.000435203 0.000232524 0.00144724 0.00205082 -0.00014475
internal_weight=44076 42489.2 19453.4 23035.8 1586.75 1154.89 431.867
internal_count=139782 134805 59850 74955 4977 3622 1355
is_linear=0
shrinkage=0.01


Tree=245
num_leaves=8
num_cat=0
split_feature=46 6 17 6 5 16 19
split_gain=35.1518 29.3236 28.609 32.6901 27.8057 25.0603 18.0848
threshold=1.2673068642616274 -0.25120232999324793 -0.39016844332218165 0.36402790248394018 0.80543789267539989 1.0688722729682925 -0.85483363270759571
decision_type=2 2 2 2 2 2 2
left_child=2 6 5 -4 -3 -1 -2
right_child=1 4 3 -5 -6 -7 -8
leaf_value=-0.0002046797469524797 -0.0018842927305567805 -0.00093725175133619893 0.00064057262201814755 -0.00014548908821592345 -0.003299862027447632 -0.0026445306322388502 0.00053244033616776552
leaf_weight=16342.429998397827 369.08917529881001 3296.2508066892624 11647.975615203381 9661.2690344974399 592.67800997197628 432.07074922323227 1877.9298980087042
leaf_count=52855 1180 9834 37592 29599 1817 1372 5920
internal_value=-7.26023e-05 -0.000775035 4.03264e-05 0.000283726 -0.00130064 -0.000268274 0.000130364
internal_weight=44219.7 6135.95 38083.7 21309.2 3888.93 16774.5 2247.02
internal_count=140169 18751 121418 67191 11651 54227 7100
is_linear=0
shrinkage=0.01


Tree=246
num_leaves=8
num_cat=0
split_feature=46 24 9 6 33 46 2
split_gain=34.4568 30.8221 29.1256 28.7468 21.8599 19.6842 12.2161
threshold=1.2673068642616274 -1.6699994206428526 2.8192658424377446 -0.25120232999324793 0.22708059102296832 -0.24790228158235547 1.2052922248840334
decision_type=2 2 2 2 2 2 2
left_child=1 5 -3 6 -5 -1 -2
right_child=3 2 -4 4 -6 -7 -8
leaf_value=0.00050200021233066418 -0.00024661496025408754 -4.4716192393938566e-05 0.0021996526848177323 -0.0026995708753589859 -0.0008827673072777587 0.0032302428780266648 0.0015596935364601953
leaf_weight=622.05354656279087 1774.8870810270309 36401.47478569299 586.50747781991959 860.20320336520672 3028.2054325193167 473.52657853811979 472.15564271807671
leaf_count=2025 5650 116013 1858 2594 9057 1522 1450
internal_value=-7.18861e-05 3.99149e-05 -8.79904e-06 -0.000767373 -0.00128785 0.00169218 0.000129009
internal_weight=44219 38083.6 36988 6135.45 3888.41 1095.58 2247.04
internal_count=140169 121418 117871 18751 11651 3547 7100
is_linear=0
shrinkage=0.01


Tree=247
num_leaves=8
num_cat=0
split_feature=0 38 42 38 36 21 4
split_gain=47.266 27.57 46.4081 30.5345 27.1482 16.5649 12.7079
threshold=1.1251554489135744 0.14987619966268542 -0.028444004245102402 -0.71875375509262074 -0.061391865834593766 1.5752997994422915 -2.0891553163528438
decision_type=2 2 2 2 2 2 2
left_child=1 3 -3 -1 6 -6 -2
right_child=4 2 -4 -5 5 -7 -8
leaf_value=-7.9288586048801099e-05 -0.0022237139310167281 0.0002457121973508204 -0.00079435320454999416 0.00072744309871178065 -0.0010182098523972641 -0.0026950160782334312 5.3083820940278349e-05
leaf_weight=8828.9429198354483 263.40286596119404 9902.952285066247 7556.1243711039424 9962.2761669978499 3707.9246281310916 713.25268566608429 3283.648890003562
leaf_count=27583 836 32357 23834 32159 11259 2083 10058
internal_value=-7.1165e-05 8.18757e-05 -0.000203865 0.000347889 -0.000768579 -0.00129153 -0.000113751
internal_weight=44218.5 36250.3 17459.1 18791.2 7968.23 4421.18 3547.05
internal_count=140169 115933 56191 59742 24236 13342 10894
is_linear=0
shrinkage=0.01


Tree=248
num_leaves=8
num_cat=0
split_feature=0 24 38 26 45 42 40
split_gain=46.3313 28.9057 26.0235 14.0786 22.5792 15.426 13.9174
threshold=1.1251554489135744 -1.6699994206428526 0.14987619966268542 0.49755716323852545 0.37228314578533178 0.70182982087135326 -0.59254893660545338
decision_type=2 2 2 2 2 2 2
left_child=1 6 -3 5 -5 -2 -1
right_child=3 2 -4 4 -6 -7 -8
leaf_value=0.00089135476785565158 -0.00072604237112700173 0.00029577719466464519 -0.00024821328275955292 0.0015666442418310425 -0.00063276735862343564 -0.001986086432868584 0.0033743003381565394
leaf_weight=707.56611184775829 3155.8396517410874 18146.203712061048 17052.820609435439 556.68857869505882 2821.1365898624063 1433.9024260789156 343.42437548935413
leaf_count=2311 9828 57643 54877 1703 8422 4283 1102
internal_value=-7.04585e-05 8.10548e-05 3.19473e-05 -0.000760977 -0.000266973 -0.00112222 0.00171463
internal_weight=44217.6 36250 35199 7967.57 3377.83 4589.74 1050.99
internal_count=140169 115933 112520 24236 10125 14111 3413
is_linear=0
shrinkage=0.01


Tree=249
num_leaves=7
num_cat=0
split_feature=18 24 30 8 16 41
split_gain=36.3012 40.5669 34.6698 19.9879 17.5826 10.58
threshold=-0.95753979682922352 -1.6699994206428526 0.74714115262031566 -2.7643202543258663 1.5560795664787295 -0.38817949593067164
decision_type=2 2 2 2 2 2
left_child=3 5 -3 -1 -5 -2
right_child=1 2 -4 4 -6 -7
leaf_value=-0.0029309896067750757 0.00042786875079245282 -6.1199387268039842e-05 -0.0007672223828215863 0.00058103945923174648 -0.0016011813225390533 0.0035959227204187955
leaf_weight=170.89434485137463 164.30814751982689 23250.652888529003 9945.3515408486128 9966.7649319469929 380.21371100842953 338.7094998806715
leaf_count=558 525 73806 30735 32262 1208 1075
internal_value=-6.97523e-05 -0.000230022 -0.000273038 0.000442771 0.000499737 0.00258384
internal_weight=44216.9 33699 33196 10517.9 10347 503.018
internal_count=140169 106141 104541 34028 33470 1600
is_linear=0
shrinkage=0.01


Tree=250
num_leaves=8
num_cat=0
split_feature=21 38 15 6 15 35 38
split_gain=37.0066 31.8593 48.7968 28.9371 28.2478 15.2438 14.0936
threshold=1.5553131699562075 0.14987619966268542 -0.45178844034671778 -0.57654267549514759 -0.92858052253723133 -0.35002121329307551 1.079951345920563
decision_type=2 2 2 2 2 2 2
left_child=1 2 -1 5 -3 -2 -5
right_child=3 4 -4 6 -6 -7 -8
leaf_value=-0.00056912757429936664 0.0031131868577673363 0.0016417714502696662 0.00056271846580382317 -0.0013375575359448023 -0.00032629807284872801 -0.00071865816151609862 -0.0036991155684340041
leaf_weight=4938.8869595080614 208.06148707866669 755.48811624199152 16549.964339457452 1832.0381792783737 19338.865674160421 199.12790438532829 300.91250935941935
leaf_count=15655 651 2322 52279 5472 61905 626 918
internal_value=-3.71235e-05 3.42324e-05 0.000302101 -0.00120874 -0.000251729 0.00121763 -0.00167698
internal_weight=44123.3 41583.2 21488.9 2540.14 20094.4 407.189 2132.95
internal_count=139828 132161 67934 7667 64227 1277 6390
is_linear=0
shrinkage=0.01


Tree=251
num_leaves=8
num_cat=0
split_feature=0 5 17 6 26 7 36
split_gain=36.0362 38.0623 29.3078 28.7238 35.794 25.3908 9.32897
threshold=0.39898252487182623 -1.9844979643821714 -0.10285979881882666 -0.062897916883230195 0.56594574451446544 2.3361550569534306 1.2631915807724001
decision_type=2 2 2 2 2 2 2
left_child=1 6 -3 4 -2 -5 -1
right_child=3 2 -4 5 -6 -7 -8
leaf_value=-0.0019186085324500075 -0.00038658669715737151 -3.0018142435051027e-05 0.00065182283264471873 -0.00085466880332100168 0.0010730523365127815 0.0022416210387479567 3.608747455631215e-05
leaf_weight=1016.4464185237885 5616.1244421452284 13790.706987045705 11570.128845714033 9156.2869141474366 2395.0134840607643 270.10667739808559 308.10019391775131
leaf_count=3184 17999 44757 36764 27778 7546 842 958
internal_value=-3.67553e-05 0.000194009 0.000280671 -0.000390468 4.8619e-05 -0.000764658 -0.0014567
internal_weight=44122.9 26685.4 25360.8 17437.5 8011.14 9426.39 1324.55
internal_count=139828 85663 81521 54165 25545 28620 4142
is_linear=0
shrinkage=0.01


Tree=252
num_leaves=8
num_cat=0
split_feature=0 5 31 38 5 29 1
split_gain=35.3186 37.3027 33.035 27.1138 31.9427 24.9778 18.6191
threshold=0.39898252487182623 -1.9844979643821714 -1.5432198047637937 0.22024149447679522 -3.5557948350906368 0.30112273991107946 0.65139955282211315
decision_type=2 2 2 2 2 2 2
left_child=1 6 -3 4 -2 -5 -1
right_child=3 2 -4 5 -6 -7 -8
leaf_value=-0.0022186827636984778 -0.0038980611079452538 -0.0014785951802192829 0.00035226154089617999 -0.0016991692225832747 6.8750945194074421e-05 -0.00046004255585778073 0.00034770623462379059
leaf_weight=927.45708658546209 206.58511836826801 1024.3341027200222 24336.321154423058 2278.1278713941574 9133.8545850291848 5818.4689774140716 397.08140449225903
leaf_count=2889 610 3203 78318 7160 28285 18110 1253
internal_value=-3.63859e-05 0.000192066 0.000277862 -0.000386567 -1.83215e-05 -0.000810096 -0.00144208
internal_weight=44122.2 26685.2 25360.7 17437 9340.44 8096.6 1324.54
internal_count=139828 85663 81521 54165 28895 25270 4142
is_linear=0
shrinkage=0.01


Tree=253
num_leaves=8
num_cat=0
split_feature=31 38 5 36 16 36 24
split_gain=33.7632 30.3266 42.7926 25.2706 18.9832 15.1123 10.8067
threshold=-1.5432198047637937 0.18566025048494342 -3.5557948350906368 0.017233319580554966 -1.2163470387458799 0.065118037164211287 -0.36251731216907496
decision_type=2 2 2 2 2 2 2
left_child=4 2 -2 -3 5 -1 -6
right_child=1 3 -4 -5 6 -7 -8
leaf_value=-0.00097386617553596889 -0.0035030814810605351 9.1106797619590864e-05 0.00034371137340358541 -0.00063280000189498556 0 -0.0052198876279379251 -0.001318439428588124
leaf_weight=164.93578778207302 291.70123668015003 10149.93271317333 21626.396180644631 9150.8422903344035 1054.7915086075664 186.39543409645557 1496.7524315342307
leaf_count=511 887 32529 68376 29066 3307 558 4594
internal_value=-3.60268e-05 3.71607e-05 0.000291902 -0.000251607 -0.00107834 -0.00326336 -0.000772398
internal_weight=44121.7 41218.9 21918.1 19300.8 2902.88 351.331 2551.54
internal_count=139828 130858 69263 61595 8970 1069 7901
is_linear=0
shrinkage=0.01


Tree=254
num_leaves=7
num_cat=0
split_feature=7 8 38 1 8 30
split_gain=33.7217 35.4632 34.9323 21.2746 11.7616 4.94204
threshold=2.3361550569534306 -0.029031472280621525 0.18566025048494342 -1.5637977123260496 2.0589094161987309 0.67125591635704052
decision_type=2 2 2 2 2 2
left_child=1 3 -3 -1 5 -2
right_child=4 2 -4 -5 -6 -7
leaf_value=-0.00055111036689345035 0.0021777615073110689 -1.5852083866533947e-05 -0.00082673998043687031 0.00034593954914776152 0.00061490539526947731 0.0046064628274749006
leaf_weight=3077.4731189459562 212.5056262165308 12779.576924152672 9122.9481123760343 18458.040081255138 294.78682334721088 176.09090900421143
leaf_count=9989 687 39380 28343 59941 922 566
internal_value=-3.56732e-05 -7.05954e-05 -0.000354086 0.000217265 0.00216634 0.00331298
internal_weight=44121.4 43438 21902.5 21535.5 683.383 388.597
internal_count=139828 137653 67723 69930 2175 1253
is_linear=0
shrinkage=0.01


Tree=255
num_leaves=8
num_cat=0
split_feature=11 42 2 41 28 20 36
split_gain=39.749 38.1286 33.3077 28.6115 27.0606 10.7848 8.75084
threshold=1.7511785030364992 0.10539993271231653 0.25844535231590277 2.0782516002655034 1.2243433594703677 1.4661496281623843 1.0910070538520815
decision_type=2 2 2 2 2 2 2
left_child=1 2 -1 -3 6 -6 -2
right_child=4 3 -4 -5 5 -7 -8
leaf_value=-2.6377528059512158e-05 0.0030504113310735577 -0.00043493695709518075 0.00077601006822018584 0.001716596629884014 0.00085135975977696399 -0.0015449757069123874 0.0011399131273391267
leaf_weight=15488.300427056849 758.46451103687286 18431.95164436847 7750.1911602541804 636.87567811459303 567.73798018693924 278.97943387925625 381.95313857495785
leaf_count=50711 2417 56851 24698 1992 1729 823 1187
internal_value=3.38429e-05 -3.0863e-05 0.000240816 -0.000362468 0.00141583 4.91192e-05 0.00242086
internal_weight=44294.5 42307.3 23238.5 19068.8 1987.14 846.717 1140.42
internal_count=140408 134252 75409 58843 6156 2552 3604
is_linear=0
shrinkage=0.01


Tree=256
num_leaves=8
num_cat=0
split_feature=8 30 6 4 46 5 42
split_gain=38.2647 34.7578 46.4227 32.9109 25.9864 24.0254 18.8935
threshold=0.15430010855197909 0.88594669103622448 1.8176419138908388 1.1108436584472658 1.5589362978935244 -0.16468615084886548 -0.097759205847978578
decision_type=2 2 2 2 2 2 2
left_child=3 5 -3 4 -1 -2 -5
right_child=1 2 -4 6 -6 -7 -8
leaf_value=0.00045549149495059937 0.00040487498626739387 -0.001232327495580416 0.0019152352905020405 -0.0026134071183229433 -0.0010658632281776729 -0.00040162341088342926 0.00082185703180780449
leaf_weight=21777.707931086421 6884.4228290691972 5176.5987490862608 512.00149942934513 586.6036983653903 1179.2289236709476 7963.4910009801388 214.14065659046173
leaf_count=70742 21023 15711 1558 1915 3679 25104 676
internal_value=3.35082e-05 -0.00028236 -0.000946987 0.000306971 0.000376865 -2.70047e-05 -0.00168237
internal_weight=44294.2 20536.5 5688.6 23757.7 22956.9 14847.9 800.744
internal_count=140408 63396 17269 77012 74421 46127 2591
is_linear=0
shrinkage=0.01


Tree=257
num_leaves=7
num_cat=0
split_feature=8 41 42 2 21 13
split_gain=37.5024 39.4634 28.8758 26.2163 26.1429 17.8362
threshold=0.15430010855197909 3.7841988801956181 2.0376594066619877 -0.016103731468319889 1.0000000180025095e-35 -1.7487859725952146
decision_type=2 2 2 2 2 2
left_child=3 2 -2 4 -1 -5
right_child=1 -3 -4 5 -6 -7
leaf_value=0.00037699873323598145 -0.00045168990222687152 0.0041222730916505726 0.00078598196800575644 0.0040516493803908309 -0.0005032889561902129 0.00064890133368621442
leaf_weight=8536.0858941301703 18239.845768854022 200.3505392819643 2096.1326464414597 156.88774845004082 5574.9596110209823 9489.3603848814964
leaf_count=28125 56346 620 6430 523 18096 30268
internal_value=3.31708e-05 -0.000279534 -0.000323593 0.000303901 2.84971e-05 0.000705695
internal_weight=44293.6 20536.3 20336 23757.3 14111 9646.25
internal_count=140408 63396 62776 77012 46221 30791
is_linear=0
shrinkage=0.01


Tree=258
num_leaves=7
num_cat=0
split_feature=31 46 29 4 41 13
split_gain=42.0496 35.1807 33.1794 23.5912 17.1192 17.1626
threshold=-1.8055389523506162 1.2673068642616274 -0.45677731931209559 1.3261910080909731 0.50607395172119152 0.56281399726867687
decision_type=2 2 2 2 2 2
left_child=4 3 -3 -2 5 -1
right_child=1 2 -4 -5 -6 -7
leaf_value=-0.0018019664963152496 0.00022933709461704291 -0.0020369788750903414 -0.00023889133319567567 -0.0012771721898469557 0.00029744213636590525 -0.0055156147488740551
leaf_weight=346.65047065913677 36541.726777896285 1324.2520530372858 4628.6818168759346 1067.1676018238068 178.52969710528851 206.21629540622234
leaf_count=1076 116535 4094 14171 3381 539 612
internal_value=3.2846e-05 7.30179e-05 -0.000640837 0.000186291 -0.00234297 -0.00321265
internal_weight=44293.2 43561.8 5952.93 37608.9 731.396 552.867
internal_count=140408 138181 18265 119916 2227 1688
is_linear=0
shrinkage=0.01


Tree=259
num_leaves=8
num_cat=0
split_feature=8 34 41 46 29 20 38
split_gain=36.7683 42.7675 39.3394 24.6783 19.738 13.3459 7.48434
threshold=0.15430010855197909 1.8756618499755862 3.7841988801956181 1.5589362978935244 1.4737793207168581 1.4795358777046206 0.089123055338859572
decision_type=2 2 2 2 2 2 2
left_child=3 2 -2 4 -1 -5 -3
right_child=1 6 -4 5 -6 -7 -8
leaf_value=0.0004439716039833703 -0.00038117303854593452 0.0047386450119282766 0.0040941499984372409 -0.0017679622169113184 -0.0009006288736118659 0.000539551004677962 0.0016342344152138137
leaf_weight=21412.394289813936 19999.378193557262 170.78742334246635 197.02769364416599 853.66929515451193 1144.8607060685754 345.89827534556389 168.83625344187021
leaf_count=69624 61753 521 609 2686 3641 1061 513
internal_value=3.25064e-05 -0.000277122 -0.000336818 0.000300578 0.000375248 -0.00109436 0.00323404
internal_weight=44292.9 20536 20196.4 23756.8 22557.3 1199.57 339.624
internal_count=140408 63396 62362 77012 73265 3747 1034
is_linear=0
shrinkage=0.01


Tree=260
num_leaves=7
num_cat=0
split_feature=9 7 33 2 18 2
split_gain=29.7423 35.4896 39.6914 33.1787 12.7786 10.2851
threshold=2.5443223714828496 -0.012237140443176029 0.70140218734741222 0.64651051163673412 -1.268834590911865 -0.59718564152717579
decision_type=2 2 2 2 2 2
left_child=1 3 -3 -1 -2 -6
right_child=4 2 -4 -5 5 -7
leaf_value=-3.4128471485773386e-06 0.0034375942103600371 -6.6332936944049067e-05 -0.0010160308012531066 0.00088142056966280223 -0.00107804001731613 0.0016100676106205745
leaf_weight=16439.509831108153 291.45557309687138 14830.541595593095 6272.3296503648162 5698.176121160388 183.93961095809937 572.35702902078629
leaf_count=53890 932 46121 19064 17980 579 1806
internal_value=-1.49322e-05 -5.55127e-05 -0.000349117 0.000223919 0.00164874 0.000942525
internal_weight=44288.3 43240.6 21102.9 22137.7 1047.75 756.297
internal_count=140372 137055 65185 71870 3317 2385
is_linear=0
shrinkage=0.01


Tree=261
num_leaves=8
num_cat=0
split_feature=8 7 3 3 24 43 3
split_gain=37.7027 30.4366 29.1009 48.7512 27.8389 25.404 11.7545
threshold=-0.23326722532510755 2.3361550569534306 1.7444621920585635 0.3611403107643128 -1.4025401473045347 2.0502294301986699 3.4425261020660405
decision_type=2 2 2 2 2 2 2
left_child=2 4 3 -1 -2 -3 -4
right_child=1 5 6 -5 -6 -7 -8
leaf_value=0.00043311249837541123 0.00077643493397534726 0.0031188237952457848 0.0039097039490024969 -0.0011617395113475712 -0.0004329572155939287 -0.0012475022347365591 0.00092442629146237995
leaf_weight=16624.894760638475 2075.318840302527 462.57104152441025 302.50563780963421 2162.93266710639 22223.751688987017 182.51347972452641 253.33501479029655
leaf_count=54073 6546 1453 960 7118 68867 569 786
internal_value=-1.47823e-05 -0.000271932 0.000316298 0.000248922 -0.000329227 0.00186796 0.00257117
internal_weight=44287.8 24944.2 19343.7 18787.8 24299.1 645.085 555.841
internal_count=140372 77435 62937 61191 75413 2022 1746
is_linear=0
shrinkage=0.01


Tree=262
num_leaves=8
num_cat=0
split_feature=8 9 14 8 43 19 33
split_gain=36.9531 43.2637 26.9181 22.0942 21.0712 20.1518 18.3149
threshold=-0.23326722532510755 1.8301765322685244 -0.1862484589219093 -1.8344655632972715 -1.0187851190567014 -0.64148691296577443 1.2094026803970339
decision_type=2 2 2 2 2 2 2
left_child=3 2 -2 5 -5 -1 -3
right_child=1 6 -4 4 -6 -7 -8
leaf_value=-0.0016122383830308709 -0.0007104395751093526 0.001162560451881275 0 0.00092385532153420671 0.00018158486903937135 0.00017965741144860363 -0.0014515940298654134
leaf_weight=1051.212427213788 13024.092749282718 2558.445180773735 9066.1600699350238 5960.2769513353705 10797.896374255419 1534.070418253541 295.24859465658665
leaf_count=3400 40163 8074 28294 19540 35077 4920 904
internal_value=-1.46264e-05 -0.00026921 -0.000419211 0.000313146 0.00044622 -0.000545428 0.000888178
internal_weight=44287.4 24943.9 22090.3 19343.5 16758.2 2585.28 2853.69
internal_count=140372 77435 68457 62937 54617 8320 8978
is_linear=0
shrinkage=0.01


Tree=263
num_leaves=8
num_cat=0
split_feature=8 21 19 8 1 1 13
split_gain=36.2192 37.9219 28.537 21.6541 21.314 19.9676 19.0186
threshold=-0.23326722532510755 -1.6097868680953977 1.8591064810752871 -1.8344655632972715 -1.5860805511474607 0.53206562995910656 0.79293042421340953
decision_type=2 2 2 2 2 2 2
left_child=3 6 -3 5 -5 -1 -2
right_child=1 2 -4 4 -6 -7 -8
leaf_value=-0.0013442143642013649 0.0021693212344083518 -0.00028604170392899144 -0.0022704620973900279 -0.00045746058530402544 0.00058310135825235425 0.00041523561072275445 -0.0014970174519657437
leaf_weight=1408.9869254827499 889.31302823126316 23141.144461400807 749.01588971912861 2266.1763080209494 14491.757712826133 1176.372190952301 164.14604543149471
leaf_count=4528 2803 71882 2229 7383 47234 3792 521
internal_value=-1.44777e-05 -0.000266525 -0.000348769 0.000310022 0.000441771 -0.000539924 0.00158768
internal_weight=44286.9 24943.6 23890.2 19343.3 16757.9 2585.36 1053.46
internal_count=140372 77435 74111 62937 54617 8320 3324
is_linear=0
shrinkage=0.01


Tree=264
num_leaves=8
num_cat=0
split_feature=8 9 3 3 6 3 3
split_gain=35.4988 42.311 28.5089 47.8078 23.8798 13.8738 11.5169
threshold=-0.23326722532510755 1.8301765322685244 1.7444621920585635 0.3611403107643128 0.09726771712303163 -0.45071007311344141 3.4425261020660405
decision_type=2 2 2 2 2 2 2
left_child=2 4 3 -1 -2 -3 -4
right_child=1 5 6 -5 -6 -7 -8
leaf_value=0.0004226399115604314 -3.9159911682513658e-05 -6.947286536242203e-06 0.0038638338538238217 -0.0011567196492820169 -0.00070288724551652694 0.0014226400991064715 0.00090839333149781657
leaf_weight=16624.347407534719 9689.4469995200634 1075.13512827456 302.47590517997742 2162.9377525821328 12400.1608415097 1778.4953192621469 253.33923743665218
leaf_count=54073 30846 3381 960 7118 37611 5597 786
internal_value=-1.4336e-05 -0.000263868 0.00030692 0.000240228 -0.000412216 0.000880711 0.00253876
internal_weight=44286.3 24943.2 19343.1 18787.3 22089.6 2853.63 555.815
internal_count=140372 77435 62937 61191 68457 8978 1746
is_linear=0
shrinkage=0.01


Tree=265
num_leaves=8
num_cat=0
split_feature=46 7 29 6 11 18 6
split_gain=41.7087 30.2428 29.9281 27.881 20.3661 14.0375 13.8097
threshold=1.2812070846557619 2.1075720787048344 -0.41402237117290491 0.36402790248394018 -0.027558264322578904 -1.1012801527976988 -0.18172474205493924
decision_type=2 2 2 2 2 2 2
left_child=1 3 6 -1 -4 -3 -2
right_child=2 5 4 -5 -6 -7 -8
leaf_value=0.00022630198054338885 -0.00094542951334337716 0.0045773320538574913 0.00022490099733707015 -0.00034593813066177953 -0.0011016851839042898 0.0012725061169023071 -0.0030646074398898494
leaf_weight=24127.370571047068 551.69961984455585 158.98666992783546 2247.2489544600248 13152.728491775692 2362.5705543980002 761.2269761711359 749.06543861329556
leaf_count=78329 1762 519 7044 40442 7034 2412 2281
internal_value=-5.20789e-05 6.86409e-05 -0.000833866 2.41388e-05 -0.000452908 0.00185869 -0.00217489
internal_weight=44110.9 38200.3 5910.58 37280.1 4609.82 920.214 1300.77
internal_count=139823 121702 18121 118771 14078 2931 4043
is_linear=0
shrinkage=0.01


Tree=266
num_leaves=8
num_cat=0
split_feature=23 22 22 15 42 31 44
split_gain=48.9242 33.458 39.1051 28.5377 21.4507 20.3761 15.5775
threshold=0.29311244189739233 0.8453870713710786 -0.094552963972091661 -0.26832816004753107 2.0376594066619877 -0.3485290110111236 1.2236176133155825
decision_type=2 2 2 2 2 2 2
left_child=1 2 -1 4 -2 -3 -5
right_child=3 5 -4 6 -6 -7 -8
leaf_value=0.00033836349788916284 -0.00090367143525062145 0.0021468991285722308 -0.00063493264154393077 -0.00019775508441309401 0.00080842415830526015 0.00053632349096473329 0.00093531076783805915
leaf_weight=16416.170206315815 9906.3994978293777 1303.319771386683 5510.1807479858398 6674.0215980187058 783.20709516108036 2035.1992195472121 1481.7294134199619
leaf_count=53056 30807 4177 17426 21041 2361 6465 4490
internal_value=-5.15565e-05 0.000235814 9.32964e-05 -0.00043734 -0.00077723 0.00116852 6.96274e-06
internal_weight=44110.2 25264.9 21926.4 18845.4 10689.6 3338.52 8155.75
internal_count=139823 81124 70482 58699 33168 10642 25531
is_linear=0
shrinkage=0.01


Tree=267
num_leaves=8
num_cat=0
split_feature=23 15 2 21 6 7 44
split_gain=47.951 27.9703 26.9328 28.6796 26.9022 19.1196 15.2673
threshold=0.29311244189739233 -0.26832816004753107 0.64651051163673412 0.26583375036716467 0.23495298624038699 -0.21802282333374021 1.2236176133155825
decision_type=2 2 2 2 2 2 2
left_child=2 4 3 -1 -2 -4 -3
right_child=1 6 5 -5 -6 -7 -8
leaf_value=0.0002612663075441423 -0.00016871653026755292 -0.00019577815128312616 0.0015308656579003555 -0.00066133502793594423 -0.0011905046534098319 0.00034617742177303222 0.00092593397652021407
leaf_weight=15291.734003871679 4415.0337132662535 6674.0107997059822 2355.1666272059083 4318.2235401943326 6274.3352343440056 3299.602794803679 1481.7771740853786
leaf_count=49589 14129 21041 7541 13825 19039 10169 4490
internal_value=-5.10339e-05 -0.000432966 0.000233462 5.7571e-05 -0.000769466 0.000841542 6.88169e-06
internal_weight=44109.9 18845.2 25264.7 19610 10689.4 5654.77 8155.79
internal_count=139823 58699 81124 63414 33168 17710 25531
is_linear=0
shrinkage=0.01


Tree=268
num_leaves=8
num_cat=0
split_feature=21 2 21 7 20 0 10
split_gain=38.2234 32.4084 36.7748 32.2044 28.3655 31.527 22.5293
threshold=-0.47952754795551294 0.49140733480453497 1.8936187624931338 1.8851803541183474 -0.041646273806691163 0.56286087632179271 1.6341761946678164
decision_type=2 2 2 2 2 2 2
left_child=4 3 -3 -2 5 -1 -6
right_child=1 2 -4 -5 6 -7 -8
leaf_value=0.00032232256073619423 -0.00066307402001473785 0.00016911326283704304 -0.0031819137980463271 0.0022930964642598334 0.0011611616725848628 -0.0010681219621472512 -0.0017385416736010982
leaf_weight=8739.0346701145172 14623.426388666034 13243.226085349917 334.63043738901615 375.66597893834114 4509.1458584442735 2002.7742349281907 281.33855536580086
leaf_count=28425 46834 40607 986 1213 14482 6373 903
internal_value=-5.05219e-05 -0.000267742 8.55615e-05 -0.000588219 0.000348476 6.20727e-05 0.000988452
internal_weight=44109.2 28576.9 13577.9 14999.1 15532.3 10741.8 4790.48
internal_count=139823 89640 41593 48047 50183 34798 15385
is_linear=0
shrinkage=0.01


Tree=269
num_leaves=8
num_cat=0
split_feature=23 41 5 9 27 0 27
split_gain=46.8179 34.6321 34.9576 23.1776 23.5384 11.0696 6.12794
threshold=0.29311244189739233 -1.5165977478027342 0.44965687394142156 3.0133234262466435 2.0641051530838017 0.30387473106384283 0.66492566466331493
decision_type=2 2 2 2 2 2 2
left_child=3 5 -3 4 -1 -2 -5
right_child=1 2 -4 6 -6 -7 -8
leaf_value=0.00024141836403513805 -0.0039831809221665638 -8.6333237751694717e-05 -0.0010814828518751725 0.0041304741190700623 -0.0018396827011592026 -0.0011787175142289085 0.0013621737159106486
leaf_weight=24359.646099731326 341.16280298680067 13442.11064144969 4799.0321082174778 175.33627793192863 553.95831046998501 262.24047359824181 175.36082363128662
leaf_count=78255 1069 41560 15265 563 1749 805 557
internal_value=-5.00155e-05 -0.000427418 -0.000348739 0.000231097 0.000194671 -0.00278487 0.00278247
internal_weight=44108.8 18844.5 18241.1 25264.3 24913.6 603.403 350.697
internal_count=139823 58699 56825 81124 80004 1874 1120
is_linear=0
shrinkage=0.01


Tree=270
num_leaves=8
num_cat=0
split_feature=36 31 35 37 36 17 12
split_gain=30.7523 25.7804 26.7074 20.3669 26.0936 21.3995 14.9167
threshold=-0.061391865834593766 -1.6511349678039549 1.3497073054313662 -0.41657103598117823 -2.1954730749130245 1.9465535283088686 -0.69636732339858998
decision_type=2 2 2 2 2 2 2
left_child=3 6 -3 4 -1 -5 -2
right_child=1 2 -4 5 -6 -7 -8
leaf_value=-0.0017490812709168614 0.00047215759177068314 -0.0003234490739558129 0.00056501350246377269 0.00073490093947671065 0.00015334429646377676 -0.0023433655626931217 -0.0025183352613303909
leaf_weight=769.94852820038795 208.58937400579453 17919.401702858508 4163.9201517626643 8967.3790509328246 11082.978124916553 229.25717785954475 733.14069159328938
leaf_count=2392 658 56628 13035 29144 34965 733 2208
internal_value=2.72158e-05 -0.000225091 -0.000155454 0.000303674 2.87848e-05 0.000656831 -0.00184555
internal_weight=44074.6 23025.1 22083.3 21049.6 11852.9 9196.64 941.73
internal_count=139763 72529 69663 67234 37357 29877 2866
is_linear=0
shrinkage=0.01


Tree=271
num_leaves=8
num_cat=0
split_feature=21 2 6 17 3 4 16
split_gain=31.3399 31.0526 32.7916 26.9379 24.2984 24.1172 19.7198
threshold=1.0000000180025095e-35 0.27455073595047003 0.171985998749733 -0.37565350532531733 0.53547435998916637 -2.2326613664627071 0.82340505719184887
decision_type=2 2 2 2 2 2 2
left_child=3 4 -3 6 -2 -5 -1
right_child=1 2 -4 5 -6 -7 -8
leaf_value=5.960328987908675e-05 -0.0005185267716683688 0.00071085569016219566 -0.00032042599115006328 0.0023373479754599798 -0.0024458550903280756 0.00051170874902049736 -0.0015616121807131721
leaf_weight=9510.7618880495429 8984.449502915144 5108.2726009711623 7763.874070957303 781.25804993510246 708.76630651950836 10404.103744357824 812.91867663711309
leaf_count=30897 28698 16074 23270 2493 2330 33404 2597
internal_value=2.69403e-05 -0.000233148 8.80817e-05 0.000300264 -0.000660722 0.000640315 -6.72266e-05
internal_weight=44074.4 22565.4 12872.1 21509 9693.22 11185.4 10323.7
internal_count=139763 70372 39344 69391 31028 35897 33494
is_linear=0
shrinkage=0.01


Tree=272
num_leaves=8
num_cat=0
split_feature=0 33 7 33 9 18 7
split_gain=36.8202 27.7907 23.2735 31.3433 22.4173 18.8525 16.7919
threshold=0.15218795090913775 -0.66384413838386525 0.33878147602081304 -0.27851222455501551 2.2650040388107304 1.0828242897987368 1.6919952630996706
decision_type=2 2 2 2 2 2 2
left_child=1 4 3 -2 -1 -3 -4
right_child=2 5 6 -5 -6 -7 -8
leaf_value=0.00057416919784168642 -0.0010275084886185897 0.00015808051122876595 -0.00090603459399521175 0.00021827509530526071 0.0027296276994895523 -0.00086264890100561748 0.00047384641226840219
leaf_weight=9968.1758527755737 2506.2786091566086 10945.501910589635 6597.3739079907537 10373.469725996256 509.38969406485558 2166.5077758133411 1007.213093303144
leaf_count=32152 8089 35214 20000 32849 1614 6739 3106
internal_value=2.66687e-05 0.000296211 -0.000283245 -2.34273e-05 0.000680166 -9.86574e-06 -0.000721919
internal_weight=44073.9 23589.6 20484.3 12879.7 10477.6 13112 7604.59
internal_count=139763 75719 64044 40938 33766 41953 23106
is_linear=0
shrinkage=0.01


Tree=273
num_leaves=8
num_cat=0
split_feature=29 23 22 30 2 38 36
split_gain=30.4998 34.2072 27.8845 22.5051 20.598 12.4886 8.76491
threshold=1.4737793207168581 0.33269815146923071 0.8453870713710786 0.5815473496913911 -0.90954548120498646 1.1614441275596621 0.065118037164211287
decision_type=2 2 2 2 2 2 2
left_child=1 2 -1 -3 6 -6 -2
right_child=4 3 -4 -5 5 -7 -8
leaf_value=0.00020143832493656755 -0.0016782170459331048 2.9808755854029377e-05 0.0012018368885891651 -0.00072030299737610816 -0.00025881075127734925 -0.0025019853864873664 -0.0044036616867852568
leaf_weight=21137.758022934198 317.33933706581593 10685.052757807076 3217.2293461039662 6368.9235822185874 1849.4075360447168 288.72318722307682 208.91538044810295
leaf_count=68023 1015 33585 10281 19614 5675 903 667
internal_value=2.64049e-05 9.33641e-05 0.000334043 -0.000249765 -0.00101015 -0.000567421 -0.00278544
internal_weight=44073.3 41409 24355 17054 2664.39 2138.13 526.255
internal_count=139763 131503 78304 53199 8260 6578 1682
is_linear=0
shrinkage=0.01


Tree=274
num_leaves=8
num_cat=0
split_feature=29 23 31 5 29 38 5
split_gain=29.9026 33.5268 25.1702 23.687 13.3419 15.7659 8.7192
threshold=1.4737793207168581 0.33269815146923071 -1.5432198047637937 2.1651451587677006 1.7968429923057558 1.1952411532402041 -0.14790899306535718
decision_type=2 2 2 2 2 2 2
left_child=1 3 -3 -1 5 -2 -6
right_child=4 2 -4 -5 6 -7 -8
leaf_value=0.00025791192659016619 -0.00037407733392403383 -0.0017637322368549094 -0.00014919359988475907 0.001677827926894529 -0.0010466430323504894 -0.0027603458959625589 -0.0042783901792721275
leaf_weight=23114.369626834989 1982.1275282949209 1028.6648040115833 16025.118384666741 1240.4671223461628 167.10162348300219 324.30667281150818 190.69569425284863
leaf_count=74276 6137 3104 50095 4028 514 1025 584
internal_value=2.61324e-05 9.24338e-05 -0.000247265 0.000330709 -0.00100025 -0.000714994 -0.00280407
internal_weight=44072.9 41408.6 17053.8 24354.8 2664.23 2306.43 357.797
internal_count=139763 131503 53199 78304 8260 7162 1098
is_linear=0
shrinkage=0.01


Tree=275
num_leaves=8
num_cat=0
split_feature=46 17 11 30 4 18 8
split_gain=45.4233 41.802 36.6494 25.509 14.7164 9.57366 7.29352
threshold=1.6089237928390505 -0.62498563528060902 1.7511785030364992 -1.1487307548522947 -0.53399252891540516 1.035685181617737 -0.5598212182521819
decision_type=2 2 2 2 2 2 2
left_child=1 3 -3 -1 6 -6 -2
right_child=4 2 -4 -5 5 -7 -8
leaf_value=-0.0012561986519085576 0.0014162281539264812 0.00019234973782545687 0.0017979130935044992 -0.00017764012627629567 -0.0029970331944206043 -0.0011897838337578371 -0.0010205823786025249
leaf_weight=2745.027687177062 183.40482211858034 27042.013818979263 1502.0294990986586 11055.910417720675 667.26191483438015 569.77888858318329 361.21161452680826
leaf_count=8866 587 85220 4619 35715 2075 1715 1088
internal_value=-7.02708e-06 5.85729e-05 0.000277247 -0.000392967 -0.00157092 -0.00217433 -0.000180543
internal_weight=44126.6 42345 28544 13800.9 1781.66 1237.04 544.616
internal_count=139885 134420 89839 44581 5465 3790 1675
is_linear=0
shrinkage=0.01


Tree=276
num_leaves=8
num_cat=0
split_feature=46 8 35 46 38 35 43
split_gain=44.5334 31.3541 25.5737 22.1713 13.2177 12.0821 5.71441
threshold=1.6089237928390505 0.077529985457658782 1.6426658630371096 -0.57081991434097279 1.079951345920563 0.22514670342206958 0.31795425713062292
decision_type=2 2 2 2 2 2 2
left_child=1 3 -3 -1 5 -2 -6
right_child=4 2 -4 -5 6 -7 -8
leaf_value=0.00075359112623709442 1.4902685193501986e-05 -0.00031821953070839597 0.0011040252480480006 8.6234566364028431e-05 -0.0020501354679883683 -0.001856095792608833 -0.0047107323791532761
leaf_weight=7689.7924933955073 563.40962563455105 19073.101134836674 1350.521523013711 14231.722889140248 207.22129779309034 848.88922626525164 161.73612783849239
leaf_count=25237 1754 59028 4155 46000 653 2560 498
internal_value=-6.95996e-06 5.79847e-05 -0.000223634 0.000320815 -0.00155564 -0.00110314 -0.00325305
internal_weight=44126.4 42345.1 20423.6 21921.5 1781.26 1412.3 368.957
internal_count=139885 134420 63183 71237 5465 4314 1151
is_linear=0
shrinkage=0.01


Tree=277
num_leaves=8
num_cat=0
split_feature=46 11 22 40 36 40 19
split_gain=43.6642 35.9093 35.3135 24.6479 13.5741 12.9822 11.9561
threshold=1.6089237928390505 1.7511785030364992 1.1184026002883913 0.80349087715148937 0.37858463823795324 -0.15484617650508878 0.69836518168449413
decision_type=2 2 2 2 2 2 2
left_child=1 2 -1 -3 6 -6 -2
right_child=4 3 -4 -5 5 -7 -8
leaf_value=-0.0001391745980881926 -0.0018285471787087462 0.0032785404122129976 0.00064540779013639953 0.00069304836831452551 -0.0040792381324281837 -0.001512234628307288 0.00050692953276081651
leaf_weight=33563.582733005285 424.38968035578728 514.99645456671715 6918.1161307543516 1348.0563422590494 308.8860248029232 605.74014514684677 441.7790474742651
leaf_count=106943 1341 1673 21693 4111 952 1828 1344
internal_value=-6.88993e-06 5.74081e-05 -4.83381e-06 0.00141449 -0.00154059 -0.00239359 -0.000626622
internal_weight=44125.5 42344.8 40481.7 1863.05 1780.79 914.626 866.169
internal_count=139885 134420 128636 5784 5465 2780 2685
is_linear=0
shrinkage=0.01


Tree=278
num_leaves=8
num_cat=0
split_feature=11 22 22 6 39 47 6
split_gain=36.7072 32.9701 56.4944 39.7515 19.8577 17.5414 12.6888
threshold=1.7511785030364992 1.1184026002883913 -0.058398023247718804 -0.32152281701564783 -0.35180522501468653 -0.011205113492906092 0.73673126101493847
decision_type=2 2 2 2 2 2 2
left_child=1 2 -1 -3 5 -2 -6
right_child=4 3 -4 -5 6 -7 -8
leaf_value=2.8916242377026326e-05 0.0059264470395791269 0.0014776916430282035 -0.00091195243356697838 -2.8296498122500118e-05 0.0022073559609432089 0.0014074061013850086 0.00024793753109709555
leaf_weight=26282.72954993695 160.68963557481766 2790.1392907053232 8419.5346473678946 4677.0791601985693 477.54479783773422 201.15570428967476 1116.3471196591854
leaf_count=83938 522 9045 26504 14340 1514 654 3368
internal_value=-6.81951e-06 -6.91723e-05 -0.000199091 0.000533202 0.00133187 0.0034526 0.000842283
internal_weight=44125.2 42169.5 34702.3 7467.22 1955.74 361.845 1593.89
internal_count=139885 133827 110442 23385 6058 1176 4882
is_linear=0
shrinkage=0.01


Tree=279
num_leaves=8
num_cat=0
split_feature=38 15 9 42 28 21 27
split_gain=34.3751 51.3996 37.6433 37.2631 30.6117 21.0626 20.0727
threshold=0.23193800449371341 -0.44043409824371332 0.35595558583736425 -0.028444004245102402 -2.6840693950653072 -0.83479049801826466 1.7546157836914065
decision_type=2 2 2 2 2 2 2
left_child=1 6 -3 4 -2 -5 -1
right_child=3 2 -4 5 -6 -7 -8
leaf_value=-0.00038555157932045932 0.004500079020564849 0.0009173387092114133 -3.9838988207973287e-06 0.00011994668889162873 1.2781154888233781e-05 -0.0010426129653276278 -0.0025723593364565586
leaf_weight=5499.7569728419185 153.23987033963203 10166.149790175259 7827.2238736301661 1979.1748455092311 10968.117829330266 7075.1634013280272 456.21378012001514
leaf_count=17381 469 32409 24340 6275 35593 22001 1417
internal_value=-6.73763e-06 0.000249207 0.000516024 -0.000311047 7.59092e-05 -0.000787401 -0.000555138
internal_weight=44125 23949.3 17993.4 20175.7 11121.4 9054.34 5955.97
internal_count=139885 75547 56749 64338 36062 28276 18798
is_linear=0
shrinkage=0.01


Tree=280
num_leaves=6
num_cat=0
split_feature=5 31 31 8 21
split_gain=32.3075 26.12 24.9487 23.2712 17.9872
threshold=-3.5557948350906368 -1.6511349678039549 0.17749858647584918 0.66507038474082958 0.83283859491348278
decision_type=2 2 2 2 2
left_child=3 4 -3 -1 -2
right_child=1 2 -4 -5 -6
leaf_value=-0.00049316164955881352 -0.00047736019119641311 0.00031015056453033429 -0.00017818256645852056 -0.0046106250976519717 -0.002672364260041634
leaf_weight=308.71557472646236 1213.0236071646214 21691.951598569751 20183.52702730149 255.79788382351398 548.85194610059261
leaf_count=953 3795 69773 63246 735 1620
internal_value=-6.42763e-06 2.41214e-05 7.45419e-05 -0.00238144 -0.00116794
internal_weight=44201.9 43637.4 41875.5 564.513 1761.88
internal_count=140122 138434 133019 1688 5415
is_linear=0
shrinkage=0.01


Tree=281
num_leaves=7
num_cat=0
split_feature=7 0 31 15 25 42
split_gain=30.6023 28.5621 22.9704 22.7353 12.6648 7.0231
threshold=2.3361550569534306 0.71205818653106701 0.16378755122423175 -0.36037997901439661 1.1038342118263247 1.6921338438987734
decision_type=2 2 2 2 2 2
left_child=1 3 -3 -1 5 -2
right_child=4 2 -4 -5 -6 -7
leaf_value=-0.00022066456503683316 0.0046735276801660938 -2.1759111785690289e-05 -0.00085569552445184801 0.00034416483788234802 0.00029438258173508365 0.0019714306406905242
leaf_weight=11468.809585303068 179.33901157975197 6837.5815232098103 6434.5742667019367 18761.165775150061 263.92635080218315 256.1347566395998
leaf_count=36779 575 21246 19643 60250 815 814
internal_value=-6.37212e-06 -3.99832e-05 -0.000426854 0.000129546 0.00206701 0.00311529
internal_weight=44201.5 43502.1 13272.2 30230 699.4 435.474
internal_count=140122 137918 40889 97029 2204 1389
is_linear=0
shrinkage=0.01


Tree=282
num_leaves=8
num_cat=0
split_feature=9 8 9 41 26 28 40
split_gain=33.5016 45.2571 32.4629 25.6121 18.0328 8.09225 6.02483
threshold=1.8301765322685244 -0.088856730610132204 -2.1417002677917476 3.7841988801956181 1.1715414524078371 -1.428919732570648 1.4168732166290285
decision_type=2 2 2 2 2 2 2
left_child=1 3 -3 -1 5 -2 -6
right_child=4 2 -4 -5 6 -7 -8
leaf_value=0.00028239296302917666 0 -0.0038897381309296302 -0.00036962593970339165 -0.0032234808456994423 -0.0016522722013844152 0.0016113990574229159 0.00049306956560150634
leaf_weight=20630.557969026268 375.25132022053003 265.14646455645561 20102.747993409634 209.09968331456184 284.6365373134613 2102.5377093851566 231.07612350583076
leaf_count=67115 1181 736 62201 672 879 6634 704
internal_value=-6.30256e-06 -8.07394e-05 -0.00041613 0.000246583 0.00101472 0.00137006 -0.000672559
internal_weight=44201.1 41207.6 20367.9 20839.7 2993.5 2477.79 515.713
internal_count=140122 130724 62937 67787 9398 7815 1583
is_linear=0
shrinkage=0.01


Tree=283
num_leaves=5
num_cat=0
split_feature=19 36 0 0
split_gain=34.125 26.1365 25.2008 19.9222
threshold=2.3591905832290654 0.11496905609965326 0.57661530375480663 -1.3932554125785825
decision_type=2 2 2 2
left_child=1 3 -3 -1
right_child=-2 2 -4 -5
leaf_value=0.0012129754015845584 -0.0042974980783833452 7.3608684062773712e-06 -0.00071946471566450764 0.00015505147627773228
leaf_weight=1949.4272921830416 183.55063110589981 13838.989083565772 7257.4125932827592 20971.248588137329
leaf_count=6182 550 44137 22278 66975
internal_value=-6.2397e-06 1.15248e-05 -0.000242224 0.000245514
internal_weight=44200.6 44017.1 21096.4 22920.7
internal_count=140122 139572 66415 73157
is_linear=0
shrinkage=0.01


Tree=284
num_leaves=7
num_cat=0
split_feature=7 23 41 0 40 20
split_gain=30.0151 28.9166 21.2382 20.9965 11.7743 6.75254
threshold=2.3361550569534306 1.1674310564994814 -1.0055760741233823 0.71205818653106701 0.56408587098121654 1.0341978073120119
decision_type=2 2 2 2 2 2
left_child=1 3 -3 -1 -2 -6
right_child=4 2 -4 -5 5 -7
leaf_value=0.00022604572582216875 0.00398881669296607 -0.0020912688043641177 -0.00041542208480515772 -0.0003089278514402361 0.0021820101819474335 -0.00016285826040597057
leaf_weight=26076.72265599668 218.08231356739998 863.01779583096504 6363.9208931475878 10197.044686891139 271.36757300794125 209.91826863586903
leaf_count=84030 703 2641 19538 31709 861 640
internal_value=-6.17375e-06 -3.94634e-05 -0.000617191 7.53774e-05 0.00204726 0.00114032
internal_weight=44200.1 43500.7 7226.94 36273.8 699.368 481.286
internal_count=140122 137918 22179 115739 2204 1501
is_linear=0
shrinkage=0.01


Tree=285
num_leaves=8
num_cat=0
split_feature=0 5 41 21 5 31 14
split_gain=32.8475 30.4435 39.7438 28.7561 22.2762 19.7001 9.0041
threshold=0.6033129394054414 -0.16468615084886548 -0.12345291301608084 1.6664677262306216 -3.27411937713623 -0.44678770005702967 -0.14658513665199277
decision_type=2 2 2 2 2 2 2
left_child=3 5 -3 4 -1 -2 -5
right_child=1 2 -4 6 -6 -7 -8
leaf_value=-0.0026503409711681825 0.00070158404732555395 -2.741384732826931e-05 -0.0015542003422832512 -0.0027671100705510187 0.00029425760292916577 -0.00032195882598734765 0
leaf_weight=257.64076301455498 3019.4694482684135 3211.5726045519114 3666.4353075176477 413.21787557005882 28387.447676680982 4972.4727278202772 171.85209238529205
leaf_count=812 9258 10090 11501 1259 91224 15115 542
internal_value=2.73046e-05 -0.000355064 -0.000842854 0.000222171 0.000267332 6.35385e-05 -0.00196859
internal_weight=44100.1 14870 6878.01 29230.2 28645.1 7991.94 585.07
internal_count=139801 45964 21591 93837 92036 24373 1801
is_linear=0
shrinkage=0.01


Tree=286
num_leaves=8
num_cat=0
split_feature=36 4 42 22 7 11 35
split_gain=29.8469 35.1213 26.6474 21.4964 18.3264 17.3675 10.9132
threshold=-0.076918896287679658 1.3261910080909731 1.7263796329498293 -1.1495425701141355 0.29995875060558325 2.0014542341232304 0.86279970407485973
decision_type=2 2 2 2 2 2 2
left_child=3 2 -2 4 -1 -5 -3
right_child=1 6 -4 5 -6 -7 -8
leaf_value=-0.00021731925787304388 -0.00027782435264986675 -0.0037181373203492608 0.00083070321747704334 0.00034149701035173023 -0.0030476291019199959 0.0027534705397993372 -0.00054199262042342751
leaf_weight=810.44490864872932 20291.823108479381 367.62470033764839 2423.7478785738349 19414.698563218117 322.86722132563591 303.56434434652328 164.81512595713139
leaf_count=2641 64092 1152 7417 62009 1007 975 508
internal_value=2.70196e-05 -0.000219109 -0.000159073 0.000301912 -0.00103443 0.000379274 -0.00275658
internal_weight=44099.6 23248 22715.6 20851.6 1133.31 19718.3 532.44
internal_count=139801 73169 71509 66632 3648 62984 1660
is_linear=0
shrinkage=0.01


Tree=287
num_leaves=8
num_cat=0
split_feature=0 28 16 11 11 45 23
split_gain=32.2218 22.0764 21.2585 16.866 16.6429 14.3764 13.2313
threshold=0.6033129394054414 0.36121170222759252 -0.68535977602004994 -0.27310420572757715 1.8362430930137636 0.40004976093769079 1.1810597181320193
decision_type=2 2 2 2 2 2 2
left_child=2 3 4 -2 -1 -4 -3
right_child=1 6 5 -5 -6 -7 -8
leaf_value=-0.00023372671862236541 -0.00019525294560274523 0.00044997744269172692 0.00020904908380968122 -0.0010845425527733436 0.0016250018226843454 0.00078422444823799222 -0.00051017671928756591
leaf_weight=9894.0776951089501 3967.5570217818022 3967.4712778627872 11934.142881289124 4692.7617864757776 504.46821045875549 6897.1234466657043 2241.9318803474307
leaf_count=31738 12657 12155 38715 14484 1564 21820 6668
internal_value=2.67417e-05 -0.000351969 0.000219746 -0.000678356 -0.000142444 0.000420274 0.000101673
internal_weight=44099.5 14869.7 29229.8 8660.32 10398.5 18831.3 6209.4
internal_count=139801 45964 93837 27141 33302 60535 18823
is_linear=0
shrinkage=0.01


Tree=288
num_leaves=8
num_cat=0
split_feature=6 15 15 6 26 3 3
split_gain=26.0509 49.0588 39.4462 31.9767 30.6157 61.4967 24.8368
threshold=0.049410911276936538 -0.22935759276151654 1.5359770655632021 1.4229242801666262 1.0561828017234804 0.3611403107643128 -0.34590905904769892
decision_type=2 2 2 2 2 2 2
left_child=4 3 -3 -2 5 -1 -6
right_child=1 2 -4 -5 6 -7 -8
leaf_value=0.0003156619110267843 -0.00080947992178429797 0.00068513566887306177 -0.0017104966297297301 0.00045547795817019849 3.7474030364877998e-06 -0.0013528038199323725 0.0016987398554873642
leaf_weight=16886.823509804904 11199.13804808259 6524.4621836766601 765.40705519169569 2420.900741904974 1372.6335669234395 2539.6552583277225 2390.0269417017698
leaf_count=55031 34368 20194 2355 7440 4423 8372 7618
internal_value=2.64725e-05 -0.000229224 0.000432032 -0.000583888 0.000257468 9.69675e-05 0.00108322
internal_weight=44099 20909.9 7289.87 13620 23189.1 19426.5 3762.66
internal_count=139801 64357 22549 41808 75444 63403 12041
is_linear=0
shrinkage=0.01


Tree=289
num_leaves=7
num_cat=0
split_feature=0 5 36 7 5 30
split_gain=31.5518 29.6772 30.8742 29.499 26.6431 25.7649
threshold=0.6033129394054414 -0.16468615084886548 -0.34472611546516413 -0.6301119029521941 -3.27411937713623 -1.0257100462913511
decision_type=2 2 2 2 2 2
left_child=4 3 -3 -2 -1 -6
right_child=1 2 -4 -5 5 -7
leaf_value=-0.0026996856971131457 0.0012125920656681514 -7.4876425136724239e-05 -0.0014273558578287097 -0.00025571407530953659 -0.00029066596120876597 0.00041379701429504999
leaf_weight=308.26098630577326 1750.3925178423524 3044.5797747224569 3832.9462512582541 6241.3628560006618 6762.3832318857312 22158.739788144827
leaf_count=959 5475 9668 11923 18898 21823 71055
internal_value=2.62101e-05 -0.000348546 -0.000830185 6.47417e-05 0.0002172 0.000248728
internal_weight=44098.7 14869.3 6877.53 7991.76 29229.4 28921.1
internal_count=139801 45964 21591 24373 93837 92878
is_linear=0
shrinkage=0.01


Tree=290
num_leaves=8
num_cat=0
split_feature=8 7 0 2 5 28 1
split_gain=34.6478 31.1942 24.7525 22.5469 24.3277 23.0526 16.8712
threshold=-0.088856730610132204 1.8851803541183474 -1.5826877355575559 0.24198759347200396 -2.1351479291915889 -2.4777652025222774 0.6827487349510194
decision_type=2 2 2 2 2 2 2
left_child=3 2 -2 5 -5 -1 -3
right_child=1 6 -4 4 -6 -7 -8
leaf_value=0.0032497280544236912 0.0014272947665358144 0.0017387704185159603 -0.00041812967206401576 -0.0007422054521938528 0.00099909115565385495 1.5782940029747699e-05 -0.0010988329192103839
leaf_weight=223.12360313534737 749.60224974900484 1108.9918358176947 21063.266025401652 918.71995777636766 5998.5478184595704 13836.728274255991 253.01472443342209
leaf_count=758 2354 3441 65252 2885 19204 45357 798
internal_value=4.14133e-06 -0.000262142 -0.00035419 0.000298798 0.000766301 6.80429e-05 0.00120388
internal_weight=44152 23174.9 21812.9 20977.1 6917.27 14059.9 1362.01
internal_count=140049 71845 67606 68204 22089 46115 4239
is_linear=0
shrinkage=0.01


Tree=291
num_leaves=8
num_cat=0
split_feature=17 22 22 15 20 3 22
split_gain=34.7572 43.2684 76.441 31.6174 32.3449 23.869 7.88139
threshold=-0.43300442397594446 0.58257129788398754 -0.077172815799713121 -0.28057706356048578 -1.160274803638458 0.46204702556133276 2.044507741928101
decision_type=2 2 2 2 2 2 2
left_child=1 2 -1 4 -2 -5 -3
right_child=3 6 -4 5 -6 -7 -8
leaf_value=-0.0001725452008226689 0.0017237206178769145 0.0011410694463662445 -0.0019283385292754513 0.00079652637118302397 -0.0002035201798905471 -0.00036525925895375497 -0.00015668576605970921
leaf_weight=10893.93181194365 926.45198272168636 1972.8894935250282 3215.6170516684651 10281.624847061932 14142.790871992707 2122.1988822519779 596.11611333489418
leaf_count=35325 2945 6418 10251 32509 44084 6652 1865
internal_value=4.1034e-06 -0.000355753 -0.000573514 0.000222937 -8.4264e-05 0.000596934 0.000836101
internal_weight=44151.6 16678.6 14109.5 27473.1 15069.2 12403.8 2569.01
internal_count=140049 53859 45576 86190 47029 39161 8283
is_linear=0
shrinkage=0.01


Tree=292
num_leaves=7
num_cat=0
split_feature=9 9 0 47 28 38
split_gain=31.9985 40.0651 28.7867 28.2245 14.5349 16.1978
threshold=2.5443223714828496 0.34184025228023535 -1.5245354771614072 0.22804322838783267 1.1390139460563662 -0.81387934088706959
decision_type=2 2 2 2 2 2
left_child=1 3 -3 -1 5 -2
right_child=4 2 -4 -5 -6 -7
leaf_value=0.00050954393699351045 0.0041687971698665862 0.0013378571527830887 -0.00052190551133465617 -0.00014339023457653666 -0.0008871369949193102 0.0012423929467454801
leaf_weight=14116.37147616595 299.53443938493729 875.19753312319517 15704.742963887751 12432.405553914607 168.36986270546913 554.82637050747871
leaf_count=44924 947 2737 48910 40227 523 1781
internal_value=4.05579e-06 -3.71923e-05 -0.000423057 0.000203414 0.0017516 0.00228374
internal_weight=44151.4 43128.7 16579.9 26548.8 1022.73 854.361
internal_count=140049 136798 51647 85151 3251 2728
is_linear=0
shrinkage=0.01


Tree=293
num_leaves=8
num_cat=0
split_feature=42 35 3 3 7 21 3
split_gain=28.0522 37.7381 28.8929 40.038 26.735 22.8842 22.0613
threshold=0.5321960747241975 1.6426658630371096 0.3611403107643128 1.7444621920585635 1.6919952630996706 1.0422734022140505 -0.91230654716491688
decision_type=2 2 2 2 2 2 2
left_child=2 4 5 -4 -2 -1 -3
right_child=1 6 3 -5 -6 -7 -8
leaf_value=0.00045534080973484356 -0.00064330326506347292 -0.0018558518002398461 -0.0011375836504970765 0.0012383293562643512 0.00072551456355178403 -0.00036858694502675315 0.0017732240124599405
leaf_weight=20496.001341849566 12654.722340621054 192.09405896067619 3104.6308323442936 914.76239134371281 1600.7342551499605 4020.2383231893182 1168.0762479156256
leaf_count=66489 38826 599 10195 2802 4952 12618 3568
internal_value=4.01655e-06 -0.000336481 0.000190704 -0.000594195 -0.000488858 0.000319814 0.00125236
internal_weight=44151.3 15615.6 28535.6 4019.39 14255.5 24516.2 1360.17
internal_count=140049 47945 92104 12997 43778 79107 4167
is_linear=0
shrinkage=0.01


Tree=294
num_leaves=8
num_cat=0
split_feature=30 30 17 11 34 0 25
split_gain=38.8709 38.8687 27.8839 23.0728 21.4358 20.0868 17.6871
threshold=0.64549472928047191 -1.1116062402725218 -0.087283696979284273 1.8362430930137636 1.5625188350677492 0.56286087632179271 0.47272263467311865
decision_type=2 2 2 2 2 2 2
left_child=1 2 -1 -3 5 -2 -6
right_child=4 3 -4 -5 6 -7 -8
leaf_value=-0.00095538948686100416 -0.00019855815067545756 0.00035185661322436322 0.00027582286253472122 0.0021613157134444802 -0.00060961675535898467 -0.00099708277747169363 0.0021897785696616003
leaf_weight=4230.6676283627748 7436.3143988400698 22080.572639688849 3235.8679003417492 729.65565997362137 376.60626898705959 5516.3661062568426 544.73366262763739
leaf_count=13642 23436 70693 10127 2297 1182 16999 1673
internal_value=3.97418e-06 0.000205056 -0.000420499 0.000410268 -0.000434102 -0.000539461 0.00103524
internal_weight=44150.8 30276.8 7466.54 22810.2 13874 12952.7 921.34
internal_count=140049 96759 23769 72990 43290 40435 2855
is_linear=0
shrinkage=0.01


Tree=295
num_leaves=8
num_cat=0
split_feature=9 9 4 22 24 4 9
split_gain=29.5142 35.0167 23.8876 21.6632 15.6854 27.2047 17.8784
threshold=1.7914078235626223 0.32814590632915502 1.3261910080909731 -2.3351774215698238 -0.86076876521110524 -0.35489977896213526 3.0133234262466435
decision_type=2 2 2 2 2 2 2
left_child=1 2 -1 -3 5 -2 -6
right_child=4 3 -4 -5 6 -7 -8
leaf_value=0.00025708605867806443 0.00014843408578514393 -0.0028385485601488823 -0.0016438500517528154 -0.00034088153299017843 5.2286550096323984e-06 0.0032648447771735484 0.0025284249958679511
leaf_weight=25580.783880196512 501.18885055929422 356.28419137001038 676.39086744189262 14296.171670779586 1629.2318121343851 655.01770761609077 340.3448860347271
leaf_count=82008 1575 1115 2215 44480 5088 2087 1071
internal_value=6.07067e-05 -1.06236e-05 0.000207676 -0.000402486 0.000997168 0.00192389 0.000447376
internal_weight=44035.4 40909.6 26257.2 14652.5 3125.78 1156.21 1969.58
internal_count=139639 129818 84223 45595 9821 3662 6159
is_linear=0
shrinkage=0.01


Tree=296
num_leaves=8
num_cat=0
split_feature=38 41 42 41 47 4 6
split_gain=36.7747 39.4111 35.1859 28.3418 26.8305 21.2049 19.5241
threshold=0.20887745916843417 1.1106536984443667 -0.028444004245102402 1.4493702054023745 -1.9798668026924131 0.53144714236259472 1.7715954780578616
decision_type=2 2 2 2 2 2 2
left_child=1 4 3 -2 -1 -3 -4
right_child=2 5 6 -5 -6 -7 -8
leaf_value=-0.0009936469250787631 0.00026118791458361405 0.001917292799888637 -0.00082095425269784999 -0.0017308418222998384 0.00029158839037590994 -0.00029490475458601126 0.0011978619288890329
leaf_weight=1770.9930980652571 10460.201677255332 2141.0175777226686 8687.5805898532271 764.84332731366158 19174.967556379735 533.43704524636269 502.23753337562084
leaf_count=5315 33944 6725 27107 2467 60836 1674 1571
internal_value=6.01025e-05 0.00032894 -0.000250459 0.000124424 0.000182401 0.00147237 -0.000709417
internal_weight=44035.3 23620.4 20414.9 11225 20946 2674.45 9189.82
internal_count=139639 74550 65089 36411 66151 8399 28678
is_linear=0
shrinkage=0.01


Tree=297
num_leaves=8
num_cat=0
split_feature=38 42 3 3 10 42 38
split_gain=36.0579 33.5686 38.5597 20.3826 20.6165 17.8699 17.8022
threshold=0.11408575251698495 -0.028444004245102402 0.3611403107643128 -0.46271182596683497 0.5052209496498109 2.7979714870452885 -1.4551556706428526
decision_type=2 2 2 2 2 2 2
left_child=3 2 -2 4 -1 -3 -5
right_child=1 5 -4 6 -6 -7 -8
leaf_value=0.00026838190430741301 0.00037229883512693486 -0.0007570634025123212 -0.0012070139225434403 -0.00012396205847242287 -0.00096880689194707935 0.0011712490308044535 0.00069394825713936699
leaf_weight=3901.3814708665013 10054.310953222215 9424.6828559860587 1824.3851406648755 3323.8132265433669 2051.1098799705505 501.59728237986565 12953.708219870925
leaf_count=12598 32605 29421 5932 10066 6489 1524 41004
internal_value=5.94995e-05 -0.000229151 0.000128818 0.000343078 -0.00015634 -0.000658506 0.000526322
internal_weight=44035 21805 11878.7 22230 5952.49 9926.28 16277.5
internal_count=139639 69482 38537 70157 19087 30945 51070
is_linear=0
shrinkage=0.01


Tree=298
num_leaves=8
num_cat=0
split_feature=24 22 22 7 6 4 5
split_gain=27.1376 33.5505 58.8902 25.2524 23.9051 13.7085 11.4352
threshold=1.356793284416199 0.8453870713710786 -0.1060761585831642 -0.26495841145515436 -0.83920434117317189 -0.32408411800861353 -0.49880601465702051
decision_type=2 2 2 2 2 2 2
left_child=1 2 -1 -3 6 -6 -2
right_child=4 3 -4 -5 5 -7 -8
leaf_value=0.00027423631164275514 0.003027731074582016 0.0015061361607952362 -0.00069385584707549065 0.00024726797906671899 -0.00023159767259460241 -0.001321633918795446 0
leaf_weight=23766.551157221198 239.21856300532818 2874.9110795706511 8540.1899547725916 3625.9414344504476 2106.3986928090453 2621.335296869278 260.06305515766144
leaf_count=76188 721 9361 27001 11180 6403 7949 836
internal_value=5.89026e-05 0.000150222 1.8001e-05 0.000805669 -0.000617079 -0.000838245 0.00145465
internal_weight=44034.6 38807.6 32306.7 6500.85 5227.02 4727.73 499.282
internal_count=139639 123730 103189 20541 15909 14352 1557
is_linear=0
shrinkage=0.01


Tree=299
num_leaves=8
num_cat=0
split_feature=38 14 6 14 41 21 41
split_gain=35.2817 39.2537 29.0917 34.4094 25.5661 25.0475 21.1428
threshold=0.20887745916843417 -0.31118676066398615 0.18473827838897708 -0.95453286170959462 1.3054288029670718 0.26583375036716467 0.47682423889636999
decision_type=2 2 2 2 2 2 2
left_child=1 4 3 -2 -1 -4 -3
right_child=2 6 5 -5 -6 -7 -8
leaf_value=-0.00032591691471230052 0.0027443317761982246 0.00040522277092100786 -0.00011812265557766056 -4.2395656776649352e-05 0.0016026722580965431 -0.0012311904432988493 0.0012576866884702134
leaf_weight=8769.4135772287846 459.20835509896278 9960.6823807284236 3841.2447028234601 11794.763034135103 743.71682468056679 4318.9226565957069 4146.0759091749787
leaf_count=27662 1440 31469 12045 38412 2321 13192 13098
internal_value=5.83151e-05 0.000321645 -0.000245878 6.14343e-05 -0.00017394 -0.000708539 0.000656548
internal_weight=44034 23619.9 20414.1 12254 9513.13 8160.17 14106.8
internal_count=139639 74550 65089 39852 29983 25237 44567
is_linear=0
shrinkage=0.01


Tree=300
num_leaves=8
num_cat=0
split_feature=23 29 13 41 6 18 13
split_gain=40.3094 29.5848 27.8421 26.0704 26.1638 12.045 4.64987
threshold=0.29311244189739233 1.6974222064018252 2.0116176605224614 -1.4560000896453855 0.15942033380270007 1.1870746016502383 -0.27302373945713038
decision_type=2 2 2 2 2 2 2
left_child=1 2 -1 5 -5 -2 -3
right_child=3 6 -4 4 -6 -7 -8
leaf_value=0.00032359234841250272 -0.0013007980939128492 -0.0038116639433344026 -0.0033595754683017199 0.00014775159830001145 -0.00061907245790521833 -0.0041777240453961043 -0.0013814196782862443
leaf_weight=24719.291332229972 449.62647275626659 174.20283344388008 205.5244816839695 7814.6227907687426 10278.143590301275 227.59515783190727 178.55681286752224
leaf_count=79499 1422 551 648 25080 31309 681 554
internal_value=-8.8616e-06 0.000251581 0.000292687 -0.000360127 -0.000287323 -0.00228713 -0.00261719
internal_weight=44047.6 25277.6 24924.8 18770 18092.8 677.222 352.76
internal_count=139744 81252 80147 58492 56389 2103 1105
is_linear=0
shrinkage=0.01


Tree=301
num_leaves=8
num_cat=0
split_feature=23 22 22 11 11 6 10
split_gain=39.507 30.0857 64.7101 26.2503 25.0263 27.5211 17.618
threshold=0.29311244189739233 0.8453870713710786 -0.1060761585831642 0.92627936601638805 2.1617723703384404 0.20994931459426883 -0.040972016751766198
decision_type=2 2 2 2 2 2 2
left_child=1 2 -1 -3 5 -2 -6
right_child=4 3 -4 -5 6 -7 -8
leaf_value=0.00043674556276968371 1.7295693859970801e-06 0.0014405771210269131 -0.00080024523475118702 -0.0014830394876591344 0.0039373255222261297 -0.0007767023576344109 0.00021017308157473717
leaf_weight=16256.434714503586 8358.7690964862704 2970.3804395273328 5712.1443083807826 338.38589130342007 220.17462852597237 9878.6869201436639 311.94822692871094
leaf_count=52582 26796 9527 18105 1038 686 30061 949
internal_value=-8.7832e-06 0.000249052 0.000114633 0.0011382 -0.000356542 -0.000419395 0.00177559
internal_weight=44046.9 25277.3 21968.6 3308.77 18769.6 18237.5 532.123
internal_count=139744 81252 70687 10565 58492 56857 1635
is_linear=0
shrinkage=0.01


Tree=302
num_leaves=8
num_cat=0
split_feature=30 30 0 11 17 41 30
split_gain=42.3501 38.1304 37.6687 27.8703 25.4307 19.7216 18.2365
threshold=0.65804550051689159 -1.0983899831771848 -0.026668205857276913 1.8362430930137636 -0.37565350532531733 -1.3570759296417234 1.5550864934921267
decision_type=2 2 2 2 2 2 2
left_child=1 4 5 -3 -1 -2 -4
right_child=2 3 6 -5 -6 -7 -8
leaf_value=-0.001005404899201003 -0.0022075273993818274 0.00033953841851022031 -0.0011094786526976265 0.0023204701345076887 0.00014641475394086044 0.00031447422037091409 0.00019783582550255032
leaf_weight=3713.3857651278377 328.14072974026203 22035.712209634483 6850.2926095947623 735.13220155984163 3934.0645762234926 5200.890330567956 1248.6846749410033
leaf_count=11968 1012 70629 21183 2310 12376 16327 3939
internal_value=-8.68803e-06 0.00019863 -0.000472144 0.000404029 -0.000411627 0.000162616 -0.000906685
internal_weight=44046.3 30418.3 13628 22770.8 7647.45 5529.03 8098.98
internal_count=139744 97283 42461 72939 24344 17339 25122
is_linear=0
shrinkage=0.01


Tree=303
num_leaves=8
num_cat=0
split_feature=8 41 9 21 2 41 21
split_gain=34.7317 34.5564 32.1755 26.0618 22.5784 31.3981 27.2462
threshold=-0.26059652864933008 1.5466108918190005 1.8301765322685244 -1.1082466244697569 0.22571600228548053 0.56091871857643139 0.33542853593826299
decision_type=2 2 2 2 2 2 2
left_child=4 2 -2 -3 6 -6 -1
right_child=1 3 -4 -5 5 -7 -8
leaf_value=0.00038496816931647584 -0.00047979476473718251 0.0042055461387333036 0.00068146336875572104 0.0006243515034694174 0.00040723491775095295 0.0020860098520823285 -0.00061050231142766617
leaf_weight=8858.3412647396326 20900.136561781168 243.76474179327488 2686.010466337204 1268.7181941270828 4629.9619611501694 1476.450469866395 3982.5429150983691
leaf_count=29331 64760 777 8445 3958 14861 4702 12910
internal_value=-8.59467e-06 -0.000252794 -0.000347102 0.00121053 0.000314354 0.000815053 7.54252e-05
internal_weight=44045.9 25098.6 23586.1 1512.48 18947.3 6106.41 12840.9
internal_count=139744 77940 73205 4735 61804 19563 42241
is_linear=0
shrinkage=0.01


Tree=304
num_leaves=8
num_cat=0
split_feature=23 22 22 41 6 21 31
split_gain=38.4994 29.5277 63.3513 25.4287 25.0634 18.6371 12.8769
threshold=0.29311244189739233 0.8453870713710786 -0.1060761585831642 -1.4560000896453855 0.15942033380270007 1.0291533470153811 0.67585018277168285
decision_type=2 2 2 2 2 2 2
left_child=1 2 -1 5 -5 -2 -3
right_child=3 6 -4 4 -6 -7 -8
leaf_value=0.00043158120272791096 -0.00094947721990997023 0.0015529108731534799 -0.00079236104942672302 0.00014590904683271078 -0.00060462274132020506 -0.0044255323960219637 0.00020093145760499782
leaf_weight=16255.95944917202 426.58719336986542 2258.2535486444831 5712.0895233228803 7814.4832403510809 10277.074339747429 250.55401581525803 1050.3808058425784
leaf_count=52582 1342 7264 18105 25080 31309 761 3301
internal_value=-8.4958e-06 0.000246029 0.000112857 -0.000351804 -0.000279895 -0.00225505 0.00112691
internal_weight=44045.4 25276.7 21968 18768.7 18091.6 677.141 3308.63
internal_count=139744 81252 70687 58492 56389 2103 10565
is_linear=0
shrinkage=0.01


Tree=305
num_leaves=7
num_cat=0
split_feature=38 5 18 14 14 17
split_gain=31.4032 53.656 35.9081 29.5586 21.0203 12.4085
threshold=0.19747532159090045 -3.5557948350906368 -1.2575415372848509 -0.9038279354572295 -0.34618656337261194 -0.80548506975173939
decision_type=2 2 2 2 2 2
left_child=1 -1 5 -4 -3 -2
right_child=2 4 3 -5 -6 -7
leaf_value=-0.0037798326471685036 -0.00019953409451159667 -5.4178872910483353e-05 0.0013748422761031801 -0.00047735494334158745 0.00057791404220904595 0.0013703892131037632
leaf_weight=316.39038550853729 697.64058999717236 8039.3397070243955 903.14211487025023 17367.227975718677 15073.143521994352 1713.5428254306316
leaf_count=959 2288 25348 2774 55352 47677 5518
internal_value=5.02974e-05 0.000301165 -0.000233413 -0.000385179 0.000357624 0.000912115
internal_weight=44110.4 23428.9 20681.6 18270.4 23112.5 2411.18
internal_count=139916 73984 65932 58126 73025 7806
is_linear=0
shrinkage=0.01


Tree=306
num_leaves=8
num_cat=0
split_feature=30 30 2 6 21 17 2
split_gain=30.7912 31.8269 30.8589 29.2157 28.5914 21.6572 8.03572
threshold=0.65804550051689159 -1.1116062402725218 0.24198759347200396 1.9448479413986208 -1.6544145941734312 -0.087283696979284273 1.5948795676231386
decision_type=2 2 2 2 2 2 2
left_child=1 5 -3 4 -2 -1 -5
right_child=3 2 -4 6 -6 -7 -8
leaf_value=-0.00080183147435376398 0.0022266625281313307 9.3365216811589893e-05 0.00083684892728759985 0.0026446220320981719 -0.00052658000075129488 0.0002751331049211352 0.00021943995085097972
leaf_weight=4291.1135531067848 386.50374358892441 13000.942279949784 9829.2227845415473 391.78951515257359 12699.868015550077 3286.3714749589562 224.30776846408844
leaf_count=13847 1237 42408 30698 1224 39556 10269 677
internal_value=4.979e-05 0.000227345 0.000413923 -0.000343487 -0.000444335 -0.000333455 0.00177966
internal_weight=44110.1 30407.7 22830.2 13702.5 13086.4 7577.49 616.097
internal_count=139916 97222 73106 42694 40793 24116 1901
is_linear=0
shrinkage=0.01


Tree=307
num_leaves=7
num_cat=0
split_feature=7 4 23 4 43 26
split_gain=35.9003 30.7263 30.5731 26.7208 16.7787 11.4571
threshold=2.3361550569534306 1.3261910080909731 0.66027304530143749 3.4568285942077641 2.0502294301986699 0.65066534280776989
decision_type=2 2 2 2 2 2
left_child=1 2 -1 -3 5 -2
right_child=4 3 -4 -5 -6 -7
leaf_value=0.00024210744978748274 0.0015722878155764541 -0.0029986195659165659 -0.00033316123843348276 8.8197570596809042e-05 -0.00016257293146973659 0.0047020747283066898
leaf_weight=28678.773399807513 231.9924593269825 623.19551499187946 13620.026910528541 497.97031742334366 190.72629253566265 267.31664468348026
leaf_count=92014 752 1950 42177 1590 591 842
internal_value=4.93001e-05 1.30783e-05 5.66336e-05 -0.00161983 0.00231075 0.00327393
internal_weight=44110 43420 42298.8 1121.17 690.035 499.309
internal_count=139916 137731 134191 3540 2185 1594
is_linear=0
shrinkage=0.01


Tree=308
num_leaves=8
num_cat=0
split_feature=30 30 18 30 29 27 27
split_gain=30.1458 31.1774 29.8511 22.7426 21.7586 17.2625 16.6149
threshold=0.65804550051689159 -1.1116062402725218 -1.233055531978607 1.7733222246170046 1.0943645834922793 -0.32897703349590296 0.5067141354084016
decision_type=2 2 2 2 2 2 2
left_child=1 4 6 -4 -1 -3 -2
right_child=2 5 3 -5 -6 -7 -8
leaf_value=-0.00019196882562601186 0.0016859894288393427 7.833609299279626e-05 -0.0006199017375195905 0.0011577864375218463 -0.0024277679742153815 0.0006386671373631252 -0.00051442700352525249
leaf_weight=7113.3302442058921 1044.445894561708 9369.3054231181741 11392.722482636571 763.61588774621487 464.16600814461708 13460.712949849665 501.4315547645092
leaf_count=22748 3322 30513 35353 2431 1368 42593 1588
internal_value=4.88081e-05 0.000224494 -0.000340327 -0.000507325 -0.000330546 0.000409162 0.000965911
internal_weight=44109.7 30407.5 13702.2 12156.3 7577.5 22830 1545.88
internal_count=139916 97222 42694 37784 24116 73106 4910
is_linear=0
shrinkage=0.01


Tree=309
num_leaves=7
num_cat=0
split_feature=7 30 30 21 8 25
split_gain=35.1368 33.6291 28.8367 28.6903 10.3058 13.1579
threshold=2.3361550569534306 0.67125591635704052 -1.1617853641510008 -1.6544145941734312 2.3274565935134892 1.1038342118263247
decision_type=2 2 2 2 2 2
left_child=1 2 -1 -3 5 -2
right_child=4 3 -4 -5 -6 -7
leaf_value=-0.00037584095453697925 0.0045569200613595666 0.0022747832731032334 0.00036360953568521096 -0.00048915818788774351 0.00061965177027196875 0.00088349334538914432
leaf_weight=6795.2201770693064 274.98386169970036 384.76408917456865 23400.93200545013 12838.417247109115 251.70596343278885 163.36070424318314
leaf_count=21657 891 1227 74888 39959 786 508
internal_value=4.83181e-05 1.24801e-05 0.000196868 -0.000407812 0.00228556 0.00321581
internal_weight=44109.4 43419.3 30196.2 13223.2 690.051 438.345
internal_count=139916 137731 96545 41186 2185 1399
is_linear=0
shrinkage=0.01


Tree=310
num_leaves=8
num_cat=0
split_feature=21 38 3 3 7 17 34
split_gain=29.7438 37.1987 32.8498 26.4134 28.1463 22.1374 17.8484
threshold=0.28001204133033758 0.23193800449371341 1.7444621920585635 0.43227705359458929 -0.67520394921302784 -0.15902414917945859 1.5625188350677492
decision_type=2 2 2 2 2 2 2
left_child=3 6 -3 5 -5 -1 -2
right_child=1 2 -4 4 -6 -7 -8
leaf_value=1.9981178443412093e-05 -5.7407646982046037e-05 -0.00097534529507371001 0.0017552524156002115 -0.0023796762272040427 -5.2465237854932263e-05 0.00064911489461063363 0.0014041196188712868
leaf_weight=12281.084038726985 9824.0995796173811 7903.0008114948869 463.205078586936 762.37138226628304 1657.1466124504805 10321.665741726756 911.5028673261404
leaf_count=39780 30365 24811 1343 2546 5347 32923 2863
internal_value=-2.54882e-05 -0.000322838 -0.000822776 0.00020111 -0.000790563 0.000307737 6.58707e-05
internal_weight=44124.1 19101.8 8366.21 25022.3 2419.52 22602.7 10735.6
internal_count=139978 59382 26154 80596 7893 72703 33228
is_linear=0
shrinkage=0.01


Tree=311
num_leaves=7
num_cat=0
split_feature=20 11 8 14 3 2
split_gain=27.2582 28.4813 21.3435 17.3782 17.1604 15.5574
threshold=1.2555220723152163 2.073105096817017 0.27834427356719976 -1.3180650472640989 -0.48707216978073115 0.27455073595047003
decision_type=2 2 2 2 2 2
left_child=1 2 -1 -2 -3 -5
right_child=3 4 -4 5 -6 -7
leaf_value=0.00025154375991158506 0.0019820197347243124 -0.00040289789668081764 -0.00023693574305765332 -0.0012971653861949433 0.0034106920770527837 -0.00030225346525152176
leaf_weight=21323.574209883809 247.17772487550974 160.0539667904377 15395.310797825456 2654.2475756406784 403.32341125607491 3940.000913657248
leaf_count=69400 769 507 47870 8334 1300 11798
internal_value=-2.52313e-05 8.10085e-05 4.64633e-05 -0.000605572 0.00231075 -0.000704367
internal_weight=44123.7 37282.3 36718.9 6841.43 563.377 6594.25
internal_count=139978 119077 117270 20901 1807 20132
is_linear=0
shrinkage=0.01


Tree=312
num_leaves=8
num_cat=0
split_feature=0 46 38 17 28 6 42
split_gain=28.0235 34.5868 29.3827 29.0021 22.6221 31.9225 19.9799
threshold=0.54941284656524669 -0.76221302151679982 0.23193800449371341 -0.27577833831310267 0.36121170222759252 -0.097889840602874742 0.24170785397291186
decision_type=2 2 2 2 2 2 2
left_child=1 3 -3 -1 6 -6 -2
right_child=4 2 -4 -5 5 -7 -8
leaf_value=-6.5166532470038914e-06 -0.00031626961555041342 0.00026775361965016248 -0.00052041342603762592 0.0011153000084979292 0.0011144017087285501 -0.00039601988019341404 -0.001283770146156998
leaf_weight=3888.5230223610997 5604.5125662684441 10575.355153501034 8546.7726150155067 5594.1286917850375 2054.7657300531864 4373.296894647181 3485.8584980070591
leaf_count=12646 17871 33658 27561 18007 6415 13127 10693
internal_value=-2.49785e-05 0.000160401 -8.40092e-05 0.000654273 -0.000367316 8.53375e-05 -0.000688475
internal_weight=44123.2 28604.8 19122.1 9482.65 15518.4 6428.06 9090.37
internal_count=139978 91872 61219 30653 48106 19542 28564
is_linear=0
shrinkage=0.01


Tree=313
num_leaves=8
num_cat=0
split_feature=23 5 5 19 38 1 44
split_gain=28.4539 26.8402 21.3451 42.5248 20.5343 17.6068 13.7848
threshold=1.3314231634140017 0.31562936305999761 -0.16468615084886548 1.0125603675842287 -1.4848127365112302 -1.6080005168914793 1.314197361469269
decision_type=2 2 2 2 2 2 2
left_child=2 6 4 -4 -1 -3 -2
right_child=1 5 3 -5 -6 -7 -8
leaf_value=-0.00049699394793977923 -0.00065952509539286938 -0.0050067581957816644 2.9324693909378562e-05 -0.0013156138321326549 0.00049762586342222285 -0.0015077770675501559 0.00065985056807183601
leaf_weight=2434.9764642715454 3052.1006579697132 169.9375452324748 19948.005957245827 2662.157022677362 13724.297175265849 1069.2583943903446 1061.6743882596493
leaf_count=7379 9368 541 64243 8436 43461 3359 3191
internal_value=-2.47314e-05 -0.000708249 6.94011e-05 -0.000128639 0.00034711 -0.00199932 -0.000316516
internal_weight=44122.4 5352.97 38769.4 22610.2 16159.3 1239.2 4113.78
internal_count=139978 16459 123519 72679 50840 3900 12559
is_linear=0
shrinkage=0.01


Tree=314
num_leaves=8
num_cat=0
split_feature=21 2 14 14 3 7 41
split_gain=28.6834 50.8626 38.0106 27.9117 25.9286 27.6345 17.2094
threshold=0.28001204133033758 0.27455073595047003 -0.60988801717758168 -0.60301598906517018 0.43227705359458929 -0.67520394921302784 2.6051529645919804
decision_type=2 2 2 2 2 2 2
left_child=4 2 -2 -3 6 -6 -1
right_child=1 3 -4 -5 5 -7 -8
leaf_value=0.00026429274915675942 0.00087070451951062964 -0.0012793584289746017 -0.0012103802767685868 0.00028744783273847066 -0.0023590618574374652 -5.3052548289158358e-05 0.002265715958129045
leaf_weight=22163.205409049988 1002.1332746371627 1279.7206764146686 6759.3102285191417 10059.493087559938 762.39544701576233 1657.1028119027615 438.7146744504571
leaf_count=71286 3180 3894 21593 30715 2546 5347 1417
internal_value=-2.44884e-05 -0.000316504 -0.000940311 0.000109642 0.000198032 -0.000784493 0.000303682
internal_weight=44122.1 19100.7 7761.44 11339.2 25021.4 2419.5 22601.9
internal_count=139978 59382 24773 34609 80596 7893 72703
is_linear=0
shrinkage=0.01


Tree=315
num_leaves=8
num_cat=0
split_feature=0 5 5 7 41 31 20
split_gain=27.4346 31.563 30.7548 30.3748 27.7075 27.2727 17.7165
threshold=0.50744754076004039 -0.23189226537942884 -2.0828111171722408 0.36327286064624792 -1.4223634004592893 1.2868489027023318 -0.41044057905673975
decision_type=2 2 2 2 2 2 2
left_child=2 3 6 -2 -3 -4 -1
right_child=1 4 5 -5 -6 -7 -8
leaf_value=-0.0031429421146391885 0.00066285595230510907 0.0019939261462809687 0.00017445314714771283 -0.00054929073341508183 -0.00090624568835051935 0.0013114938706319287 -0.000529397722393884
leaf_weight=378.19669909775257 4534.1964805573225 341.82741774618626 24557.864832498133 3792.9936354160309 7396.8843746036291 2311.8138909339905 862.90354996174574
leaf_count=1215 14116 1083 79113 11351 23281 7364 2650
internal_value=1.26742e-05 -0.00031671 0.000201285 0.000109529 -0.000776609 0.000272699 -0.00133576
internal_weight=44176.7 16065.9 28110.8 8327.19 7738.71 26869.7 1241.1
internal_count=140173 49831 90342 25467 24364 86477 3865
is_linear=0
shrinkage=0.01


Tree=316
num_leaves=6
num_cat=0
split_feature=29 0 31 31 0
split_gain=29.4965 23.9355 31.608 26.2496 10.3928
threshold=1.7968429923057558 0.50744754076004039 0.13632688671350482 1.2868489027023318 1.3561914563179018
decision_type=2 2 2 2 2
left_child=1 3 -3 -1 -2
right_child=4 2 -4 -5 -6
leaf_value=0.000115650400203784 -0.0047188763219698495 0.00016629039881837831 -0.00072873264437819355 0.0011924199517551273 -0.0012032998859230484
leaf_weight=25574.944892264903 163.13753308355808 7968.3511699512601 7787.5252319201827 2487.3109812736511 194.87863378226757
leaf_count=82286 512 24989 23898 7902 586
internal_value=1.25451e-05 3.6159e-05 -0.000275469 0.000211486 -0.00284178
internal_weight=44176.1 43818.1 15755.9 28062.3 358.016
internal_count=140173 139075 48887 90188 1098
is_linear=0
shrinkage=0.01


Tree=317
num_leaves=7
num_cat=0
split_feature=33 17 46 3 6 12
split_gain=26.9963 21.7649 26.646 22.614 11.9374 9.36349
threshold=1.604357182979584 -0.62498563528060902 1.2673068642616274 1.7444621920585635 -1.197888910770416 0.95830327272415172
decision_type=2 2 2 2 2 2
left_child=1 3 -3 -1 -2 -6
right_child=4 2 -4 -5 5 -7
leaf_value=-0.0003243994998800279 -0.0037960266349319639 0.00035884354017061686 -0.00044467884805925943 0.0025694230531404182 -0.00044360959610334136 -0.0021715638055971932
leaf_weight=13379.495031312108 162.36958646029234 23778.930747635663 4982.8236471414566 273.95314374566078 1156.7539953961968 441.38163141906261
leaf_count=43318 517 75312 15302 838 3586 1300
internal_value=1.24163e-05 6.30165e-05 0.000219279 -0.000265419 -0.00120034 -0.000928158
internal_weight=44175.7 42415.2 28761.8 13653.4 1760.51 1598.14
internal_count=140173 134770 90614 44156 5403 4886
is_linear=0
shrinkage=0.01


Tree=318
num_leaves=8
num_cat=0
split_feature=15 11 21 2 28 11 27
split_gain=23.9456 25.0238 24.5872 35.5746 23.2093 22.4545 14.1136
threshold=-0.37231069803237909 -0.16322351992130277 -1.1208477616310117 0.24198759347200396 -2.6840693950653072 0.38169693946838384 0.60744798183441173
decision_type=2 2 2 2 2 2 2
left_child=1 4 5 -4 -1 -2 -3
right_child=2 6 3 -5 -6 -7 -8
leaf_value=0.003968684418218375 0.00025364724030139284 -0.00029393476859375568 -0.00034366613749436936 0.00044882684202040771 5.7839054792849091e-05 0.0015973504452273623 -0.001094844639654398
leaf_weight=154.21831405162811 3012.8786889389157 5107.1229435876012 11422.014301903546 11228.793850287795 7178.325559169054 2143.6682704240084 3928.3225588351488
leaf_count=510 9944 15933 36952 34788 23289 6771 11986
internal_value=1.22822e-05 -0.000290928 0.000191122 4.87612e-05 0.000141986 0.000814389 -0.000643334
internal_weight=44175.3 16368 27807.4 22650.8 7332.54 5156.55 9035.45
internal_count=140173 51718 88455 71740 23799 16715 27919
is_linear=0
shrinkage=0.01


Tree=319
num_leaves=8
num_cat=0
split_feature=0 2 7 15 15 30 41
split_gain=26.163 27.4322 31.4621 25.5057 27.9746 23.9841 23.6124
threshold=0.50744754076004039 0.69115933775901806 0.71202054619789135 -0.36037997901439661 0.14846361428499225 -0.51750561594963063 -1.4223634004592893
decision_type=2 2 2 2 2 2 2
left_child=3 6 -3 5 -5 -1 -2
right_child=1 2 -4 4 -6 -7 -8
leaf_value=-0.00078100320473540208 0.0017391125048633283 0.00070544040482891745 -0.00070272304801111422 0.00064220139800903091 -0.00033185774763868422 0.00018965342856651959 -0.00076760080982495873
leaf_weight=4163.2776937708259 389.07729259133339 4214.3866676017642 2538.8132090345025 13682.2620832026 3742.7838781550527 6521.8653252795339 8922.6213462725282
leaf_count=13451 1240 12861 7531 43928 12086 20877 28199
internal_value=1.21628e-05 -0.000309505 0.000174546 0.000196355 0.000432399 -0.000187648 -0.000661612
internal_weight=44175.1 16064.9 6753.2 28110.2 17425 10685.1 9311.7
internal_count=140173 49831 20392 90342 56014 34328 29439
is_linear=0
shrinkage=0.01


Tree=320
num_leaves=7
num_cat=0
split_feature=29 20 22 47 13 40
split_gain=33.2197 27.5571 27.57 21.1171 13.3954 11.2172
threshold=1.6974222064018252 1.2837968468666079 0.8453870713710786 0.35698108375072485 -0.88059639930725087 0.78868544101715099
decision_type=2 2 2 2 2 2
left_child=1 2 -1 -3 -2 -6
right_child=4 3 -4 -5 5 -7
leaf_value=-6.9234481849378264e-05 -0.0046974881247525743 -0.00016841835509959276 0.0006480646618434409 -0.0013458849064598125 -0.0024150275483492893 0.00058469840519082949
leaf_weight=30597.243928618729 168.49079312384129 3695.0149308815598 6491.8052751943469 2618.2864882647991 374.36261906474829 179.08292566239834
leaf_count=97909 529 11233 20565 8034 1164 543
internal_value=-8.33044e-05 -4.7656e-05 5.6061e-05 -0.000658463 -0.0022096 -0.00142704
internal_weight=44124.3 43402.4 37089 6313.3 721.936 553.446
internal_count=139977 137741 118474 19267 2236 1707
is_linear=0
shrinkage=0.01


Tree=321
num_leaves=7
num_cat=0
split_feature=29 38 14 14 40 41
split_gain=32.567 28.2127 37.0333 36.5214 12.2457 4.92798
threshold=1.6974222064018252 0.23193800449371341 -1.1969293951988218 -0.33869375288486475 0.89035305380821239 0.75680124759674083
decision_type=2 2 2 2 2 2
left_child=1 3 -3 -1 5 -2
right_child=4 2 -4 -5 -6 -7
leaf_value=-0.00033486959333224592 -0.0037076494148704123 0.0019749435311214826 -0.00040734276758380413 0.00048295414257211802 -4.6760906778002525e-05 -0.0015074652372658007
leaf_weight=8555.9989686384797 346.85004936158657 673.37305230647326 19126.377665750682 15046.332566455007 201.96648874878883 172.99701970815659
leaf_count=26940 1084 2069 61184 47548 614 538
internal_value=-8.24784e-05 -4.71823e-05 -0.000325723 0.000186062 -0.00218797 -0.00299896
internal_weight=44123.9 43402.1 19799.8 23602.3 721.814 519.847
internal_count=139977 137741 63253 74488 2236 1622
is_linear=0
shrinkage=0.01


Tree=322
num_leaves=8
num_cat=0
split_feature=46 9 30 33 13 11 37
split_gain=29.7738 31.6044 22.7292 30.22 23.4892 19.713 18.6068
threshold=1.0383084416389468 0.35595558583736425 0.61984944343566906 0.09812177345156671 2.0116176605224614 0.38169693946838384 -1.1072124242782591
decision_type=2 2 2 2 2 2 2
left_child=2 5 4 -4 -1 -2 -3
right_child=1 6 3 -5 -6 -7 -8
leaf_value=0.00024364334203554083 0.00023064641221386337 0.00030222377614060649 0.00021010297789510613 -0.00089119410039868664 -0.002743078270702829 -0.0009299019930588344 -0.0018342641834446572
leaf_weight=24784.877510666847 3983.8881347775459 483.27085356414318 4850.1856331750751 5097.6021129414439 264.66435715556145 2305.1203838661313 2354.040159009397
leaf_count=79791 12645 1462 15267 15917 840 6895 7160
internal_value=-8.16594e-05 -0.0005904 5.07333e-05 -0.000353269 0.000211579 -0.000193222 -0.00146686
internal_weight=44123.6 9126.32 34997.3 9947.79 25049.5 6289.01 2837.31
internal_count=139977 28162 111815 31184 80631 19540 8622
is_linear=0
shrinkage=0.01


Tree=323
num_leaves=8
num_cat=0
split_feature=0 5 46 36 15 44 22
split_gain=29.8193 46.4487 45.3488 25.7357 25.2743 21.4473 16.1213
threshold=0.43940494954586035 -0.21498045325279233 0.64195588231086742 0.39384576678276068 -0.43220488727092737 -0.056990554556250565 -0.27796284854412073
decision_type=2 2 2 2 2 2 2
left_child=2 5 4 -3 -1 -2 -4
right_child=1 3 6 -5 -6 -7 -8
leaf_value=-0.00022574418559674644 -0.00039612729986045518 -0.0005169968739462688 6.7122675411006469e-08 -0.0016795096331186118 0.0005385304763220164 0.00059741144633647131 -0.0011115263947668239
leaf_weight=5937.8258652538061 4351.3895942792296 5171.953277155757 2085.5367335379124 3049.7960092127323 15791.591799162328 4329.5654607117176 3405.291610583663
leaf_count=19107 13307 16338 6627 9562 50955 13306 10775
internal_value=-8.08432e-05 -0.000410869 0.00012373 -0.00094959 0.000329222 9.82531e-05 -0.000687575
internal_weight=44123 16902.7 27220.2 8221.75 21729.4 8680.96 5490.83
internal_count=139977 52513 87464 25900 70062 26613 17402
is_linear=0
shrinkage=0.01


Tree=324
num_leaves=8
num_cat=0
split_feature=38 14 14 46 4 35 11
split_gain=29.2757 43.5691 36.0204 35.325 33.2413 28.8453 12.1338
threshold=0.23193800449371341 -1.1969293951988218 -0.33869375288486475 0.081793237477540984 -0.0022758968407288189 1.7609215378761294 0.013649897649884226
decision_type=2 2 2 2 2 2 2
left_child=2 6 5 -3 -4 -1 -2
right_child=1 3 4 -5 -6 -7 -8
leaf_value=-0.00047513464933545123 0.0036998094894737229 -4.1552972924071587e-05 0.00084953410715249205 -0.0008948123441985215 -9.36077226874675e-05 0.0024919633990041503 0.00095823998821894043
leaf_weight=8333.7540625110269 283.93535564094782 10213.107923075557 8789.5916919410229 9287.1670096740127 6469.6120744347572 339.19263260066509 405.97831726074219
leaf_count=26228 904 33004 27813 29339 20391 1079 1219
internal_value=-8.00388e-05 -0.000360623 0.000156261 -0.000448463 0.000449025 -0.000357667 0.00210473
internal_weight=44122.3 20190.2 23932.2 19500.3 15259.2 8672.95 689.914
internal_count=139977 64466 75511 62343 48204 27307 2123
is_linear=0
shrinkage=0.01


Tree=325
num_leaves=6
num_cat=0
split_feature=29 15 38 6 9
split_gain=34.3371 33.1572 31.2908 27.9059 13.049
threshold=1.7968429923057558 -0.36267113685607905 0.14987619966268542 0.61548423767089855 -0.23332380503416059
decision_type=2 2 2 2 2
left_child=1 3 -3 -1 -2
right_child=4 2 -4 -5 -6
leaf_value=-2.8502739758876869e-05 -0.0010266793422307754 0.00056346715349112726 -0.00012107967295386892 -0.0008908137606312809 -0.0049747359675221476
leaf_weight=11237.822495952249 169.81861983239651 14472.858199566603 12359.531854614615 5652.9374428838491 181.72965575009584
leaf_count=36115 529 45739 39594 17194 559
internal_value=3.80219e-06 2.90913e-05 0.000247786 -0.000317725 -0.00310428
internal_weight=44074.7 43723.1 26832.4 16890.8 351.548
internal_count=139730 138642 85333 53309 1088
is_linear=0
shrinkage=0.01


Tree=326
num_leaves=7
num_cat=0
split_feature=9 9 15 0 17 39
split_gain=32.3645 36.3837 34.9873 34.8944 15.8004 6.51949
threshold=2.5443223714828496 0.34184025228023535 -0.43220488727092737 -0.78649926185607899 0.96394771337509166 -0.69692459702491749
decision_type=2 2 2 2 2 2
left_child=1 2 -1 -3 5 -2
right_child=4 3 -4 -5 -6 -7
leaf_value=-0.00037942198186021142 0.0035316183378995042 0.00026456543551518042 0.00042298308202489424 -0.0007198813226613318 -0.0002762914537131234 0.0016095836677579042
leaf_weight=7624.8590341061354 340.02753023058176 5266.6205194368958 18834.223939538002 11294.62730756402 278.42585092782974 435.43734356760979
leaf_count=24376 1106 16399 60503 35122 852 1372
internal_value=3.75132e-06 -3.84534e-05 0.000191366 -0.000406218 0.00173445 0.0024687
internal_weight=44074.2 43020.3 26459.1 16561.2 1053.89 775.465
internal_count=139730 136400 84879 51521 3330 2478
is_linear=0
shrinkage=0.01


Tree=327
num_leaves=7
num_cat=0
split_feature=9 9 7 9 28 34
split_gain=31.7233 35.6589 26.7229 23.4644 14.676 7.84537
threshold=2.5443223714828496 0.34184025228023535 2.0159801244735722 -1.4335847496986387 1.1390139460563662 -1.0260928869247434
decision_type=2 2 2 2 2 2
left_child=1 3 -3 -1 5 -2
right_child=4 2 -4 -5 -6 -7
leaf_value=-0.00044877141087367915 0.00064244309215049451 -0.00047383447174269782 0.001859760449117164 0.00032845902820397661 -0.00094830127568935896 0.0028153962891719476
leaf_weight=4718.9930568113923 242.29185153543949 16057.409986905754 503.64622224867344 21739.99318048358 167.81639231741428 643.74009487777948
leaf_count=14932 764 49947 1574 69947 521 2045
internal_value=3.71485e-06 -3.80669e-05 -0.000402155 0.000189449 0.00171722 0.00223385
internal_weight=44073.9 43020 16561.1 26459 1053.85 886.032
internal_count=139730 136400 51521 84879 3330 2809
is_linear=0
shrinkage=0.01


Tree=328
num_leaves=7
num_cat=0
split_feature=9 9 47 47 6 25
split_gain=31.0937 34.9482 29.9374 28.8275 12.1961 10.7494
threshold=2.5443223714828496 0.34184025228023535 0.15911620110273364 -1.8753270506858823 1.5817077755928042 -0.99910077452659596
decision_type=2 2 2 2 2 2
left_child=1 2 -1 -3 5 -2
right_child=4 3 -4 -5 -6 -7
leaf_value=0.00051785330248682029 0.0040874618176864868 -0.001955354163012216 -0.00015456593726656146 -0.00028546261763811746 -0.00024687515730278915 0.0015108087537839005
leaf_weight=13476.539995595813 239.20318164676428 1110.2530348747969 12982.39374499023 15450.744186937809 239.22871114313602 575.38515104353428
leaf_count=42873 757 3315 42006 48206 742 1831
internal_value=3.67857e-06 -3.76838e-05 0.000187551 -0.000398128 0.00170013 0.00228379
internal_weight=44073.7 43019.9 26458.9 16561 1053.82 814.588
internal_count=139730 136400 84879 51521 3330 2588
is_linear=0
shrinkage=0.01


Tree=329
num_leaves=6
num_cat=0
split_feature=29 17 17 9 9
split_gain=33.648 30.843 29.1006 25.6194 12.7337
threshold=1.7968429923057558 -0.37565350532531733 0.87391647696495067 2.5443223714828496 -0.23332380503416059
decision_type=2 2 2 2 2
left_child=1 3 -3 -1 -2
right_child=4 2 -4 -5 -6
leaf_value=-0.00036688891766204878 -0.0010204773793033352 0.00054927410530181261 -0.00011564992991850397 0.0019261070269523612 -0.0049225654186366256
leaf_weight=16765.633593834937 169.80683183670044 14302.44788569957 12154.41724152863 499.65306659042835 181.60991210490465
leaf_count=54146 529 45569 37319 1608 559
internal_value=3.63806e-06 2.86704e-05 0.000243434 -0.000299843 -0.00307367
internal_weight=44073.6 43722.2 26456.9 17265.3 351.417
internal_count=139730 138642 82888 55754 1088
is_linear=0
shrinkage=0.01


Tree=330
num_leaves=8
num_cat=0
split_feature=0 16 28 41 23 7 31
split_gain=26.1021 33.8537 26.6473 32.1703 20.8156 20.4771 18.9398
threshold=0.346167802810669 -0.89585208892822255 0.21902383118867877 -1.3570759296417234 -0.79813554883003224 0.60749179124832164 -1.5105611085891721
decision_type=2 2 2 2 2 2 2
left_child=1 6 3 -2 -3 -4 -1
right_child=2 4 5 -5 -6 -7 -8
leaf_value=-0.002525312431664263 0.0018680581292571388 0.00094629772397678046 0.00057284436746020797 -0.0007239942311599287 0.00023325044797038817 -0.00047507786407064958 -0.00021048208221922344
leaf_weight=372.3698510825634 500.99415053427219 6135.5737032219768 4962.8436835184693 9618.2305881232023 12471.093795537949 2977.3923798426986 7091.5056188255548
leaf_count=1155 1596 19876 15422 30370 39962 8875 22807
internal_value=3.78975e-05 0.000240508 -0.000254034 -0.000594504 0.000468954 0.00017863 -0.00032763
internal_weight=44130 26070.5 18059.5 10119.2 18606.7 7940.24 7463.88
internal_count=140063 83800 56263 31966 59838 24297 23962
is_linear=0
shrinkage=0.01


Tree=331
num_leaves=8
num_cat=0
split_feature=9 9 38 46 15 13 40
split_gain=28.7683 34.3956 33.1315 27.2302 17.2899 13.2675 12.8915
threshold=1.9144555330276491 0.32814590632915502 0.23193800449371341 0.96902355551719677 0.63152560591697704 -1.5387237071990965 0.87514159083366405
decision_type=2 2 2 2 2 2 2
left_child=1 2 -1 -3 6 -6 -2
right_child=4 3 -4 -5 5 -7 -8
leaf_value=0.00053307782265422465 0.0018082025996160598 -0.000203790557343775 -0.00017729152771322982 -0.0012994781261996319 0.0012692814374861674 -0.0023980158364988102 0
leaf_weight=13692.566661916673 1724.517951734364 12449.711530074477 12584.223756074905 2782.7077273577452 166.08173398673534 232.71083088219166 496.93783029913902
leaf_count=43748 5475 38980 40632 8439 539 731 1519
internal_value=3.75167e-05 -2.64085e-05 0.0001925 -0.000404683 0.00105364 -0.00084636 0.00139945
internal_weight=44129.5 41509.2 26276.8 15232.4 2620.25 398.793 2221.46
internal_count=140063 131799 84380 47419 8264 1270 6994
is_linear=0
shrinkage=0.01


Tree=332
num_leaves=6
num_cat=0
split_feature=29 36 4 13 5
split_gain=27.3889 24.4873 35.108 17.0945 12.2053
threshold=1.7968429923057558 -0.1894545182585716 1.3261910080909731 1.9222602248191836 -0.081561598926782594
decision_type=2 2 2 2 2
left_child=1 3 -3 -1 -2
right_child=4 2 -4 -5 -6
leaf_value=0.00036095981613745476 -0.0007836925318343371 -9.4901222777048943e-05 -0.0026850211136652618 -0.0019938170504857689 -0.0045810030361016279
leaf_weight=19263.141136325896 175.73056344687939 23666.533425882459 534.63061094284058 311.11690135300159 177.94567695260048
leaf_count=61644 540 74657 1690 978 554
internal_value=3.71349e-05 5.97815e-05 -0.000152642 0.000322922 -0.00272996
internal_weight=44129.1 43775.4 24201.2 19574.3 353.676
internal_count=140063 138969 76347 62622 1094
is_linear=0
shrinkage=0.01


Tree=333
num_leaves=8
num_cat=0
split_feature=9 9 4 36 15 10 4
split_gain=28.2037 33.6698 24.9079 23.3293 16.9387 15.9205 12.2803
threshold=1.9144555330276491 0.32814590632915502 1.3261910080909731 0.032714368775486953 0.63152560591697704 1.189813017845154 -0.073065392673015581
decision_type=2 2 2 2 2 2 2
left_child=1 2 -1 -3 5 -2 -6
right_child=4 3 -4 -5 6 -7 -8
leaf_value=0.00024050907516738547 0.001771245481740327 3.6432760342936662e-05 -0.0016988374716093821 -0.00074999566092094985 -0.0022892345188307013 -0.0004540125684443079 0.0012556389219009986
leaf_weight=25598.752069272101 1840.5300713181496 6750.9288309514523 677.78856107592583 8481.1739313974977 238.24988484382629 380.88976809382439 160.54331058263779
leaf_count=82154 5810 21143 2226 26276 753 1184 517
internal_value=3.67502e-05 -2.65428e-05 0.000190041 -0.000400811 0.00104286 0.00138517 -0.000837581
internal_weight=44128.9 41508.6 26276.5 15232.1 2620.21 2221.42 398.793
internal_count=140063 131799 84380 47419 8264 6994 1270
is_linear=0
shrinkage=0.01


Tree=334
num_leaves=6
num_cat=0
split_feature=29 23 0 31 5
split_gain=26.8501 24.0493 23.5883 20.904 11.9548
threshold=1.7968429923057558 1.2216883897781374 0.35978476703166967 0.42374400794506079 -0.081561598926782594
decision_type=2 2 2 2 2
left_child=1 2 -1 -3 -2
right_child=4 3 -4 -5 -6
leaf_value=0.00035686211421392743 -0.00077696268799830608 8.213636044611664e-06 -0.00016203194255693138 -0.0011124207279815381 -0.0045365640039071401
leaf_weight=22931.882284350693 175.71647664159536 3698.8273758515716 14144.645884394646 2999.7527450472116 177.85239031910896
leaf_count=73929 540 11553 44390 9097 554
internal_value=3.63801e-05 5.88019e-05 0.000158636 -0.000492226 -0.00270378
internal_weight=44128.7 43775.1 37076.5 6698.58 353.569
internal_count=140063 138969 118319 20650 1094
is_linear=0
shrinkage=0.01


Tree=335
num_leaves=8
num_cat=0
split_feature=15 36 10 2 36 12 41
split_gain=27.7864 24.1708 22.6394 21.7916 20.1412 14.8099 11.8409
threshold=-0.37231069803237909 0.36343672871589666 -0.21034713834524152 0.19477193802595141 -2.1954730749130245 1.7270480990409853 2.1412496566772465
decision_type=2 2 2 2 2 2 2
left_child=2 5 6 -3 -4 -2 -1
right_child=1 3 4 -5 -6 -7 -8
leaf_value=0.00010444480480488988 0.00040527479857860608 -0.0005775727688719257 -0.0026066866181746274 0.0002822764002924604 -0.00048735854230546189 0.0018040263575158275 0.0026749810855332353
leaf_weight=5843.2240245193243 15041.889142356813 5543.973607301712 471.9947754740715 6276.1436344832182 9749.113170877099 801.59386841207743 184.46686115860939
leaf_count=18690 48125 17859 1485 19493 30556 2550 587
internal_value=2.83612e-05 0.000221354 -0.000299587 -0.000120186 -0.000586449 0.000476785 0.000185201
internal_weight=43912.4 27663.6 16248.8 11820.1 10221.1 15843.5 6027.69
internal_count=139345 88027 51318 37352 32041 50675 19277
is_linear=0
shrinkage=0.01


Tree=336
num_leaves=6
num_cat=0
split_feature=46 11 7 3 37
split_gain=42.048 25.0943 30.9658 24.06 10.9324
threshold=1.7750096321105959 1.7511785030364992 0.12283284589648248 -0.57535460591316212 0.11464922875165941
decision_type=2 2 2 2 2
left_child=1 2 -1 -3 -2
right_child=4 3 -4 -5 -6
leaf_value=0.00025054459161431424 -0.0010047831333025981 -0.00091381118821987268 -0.00030073179571882508 0.0017810382427369234 -0.0039759540929011532
leaf_weight=23454.84079477191 224.44886194169521 419.88387075066566 18011.866193197668 1490.042722016573 311.14201402664185
leaf_count=76105 683 1311 55650 4632 964
internal_value=2.80803e-05 6.2721e-05 1.08444e-05 0.00118319 -0.00275366
internal_weight=43912.2 43376.6 41466.7 1909.93 535.591
internal_count=139345 137698 131755 5943 1647
is_linear=0
shrinkage=0.01


Tree=337
num_leaves=8
num_cat=0
split_feature=15 38 12 17 4 4 3
split_gain=27.1736 37.4976 33.3962 22.3193 19.9464 18.6928 17.35
threshold=-0.37231069803237909 0.13781319558620456 -0.10697513446211813 1.6834756731987002 -1.6996572017669676 1.0000000180025095e-35 3.0317759513854985
decision_type=2 2 2 2 2 2 2
left_child=3 5 -3 6 -5 -2 -1
right_child=1 2 -4 4 -6 -7 -8
leaf_value=-0.00023343461268833087 0.0008775771123329325 0.00032270810031968794 -0.00069270778726208352 0.0011641061215103053 -0.0019703064239332819 0.0001566626019446786 0.0019615582610948345
leaf_weight=14391.38129902631 8303.1133007630706 6612.9568656533957 6333.6533835083246 237.34981556236744 1252.1491683572531 6413.5528903529048 367.57918877899647
leaf_count=45742 26353 21576 19884 730 3770 20214 1076
internal_value=2.77919e-05 0.000218648 -0.00017329 -0.000296521 -0.00146369 0.000564113 -0.000177961
internal_weight=43911.7 27663.3 12946.6 16248.5 1489.5 14716.7 14759
internal_count=139345 88027 41460 51318 4500 46567 46818
is_linear=0
shrinkage=0.01


Tree=338
num_leaves=8
num_cat=0
split_feature=24 29 47 5 7 7 27
split_gain=30.0141 27.5281 20.916 20.532 15.7938 12.3622 10.5468
threshold=1.4604497551918032 1.6096891164779665 -2.1008797883987422 -0.55727675557136525 -0.96638140082359303 0.36327286064624792 -1.067466080188751
decision_type=2 2 2 2 2 2 2
left_child=1 2 -1 5 -5 -2 -3
right_child=3 6 -4 4 -6 -7 -8
leaf_value=-0.001029972961438962 0.0006305833174998645 0.00062606329987553602 0.00019474109387447914 0.00051372459399176746 -0.0020724590329600505 -0.00092253132514536699 -0.0020226849767869654
leaf_weight=1444.8323205262423 1010.8414348810911 177.33954387903214 37742.038909137249 275.89054295420647 1415.6570582389832 1032.3583866879344 812.42454531043768
leaf_count=4360 3106 586 120480 864 4377 3045 2527
internal_value=2.75168e-05 0.000107455 0.000149305 -0.000829546 -0.00164469 -0.000149327 -0.00153785
internal_weight=43911.4 40176.6 39186.9 3734.75 1691.55 2043.2 989.764
internal_count=139345 127953 124840 11392 5241 6151 3113
is_linear=0
shrinkage=0.01


Tree=339
num_leaves=6
num_cat=0
split_feature=46 15 47 6 35
split_gain=40.9145 24.9386 23.4146 22.1066 8.06032
threshold=1.7750096321105959 -0.37231069803237909 1.0000000180025095e-35 0.37685845792293554 0.32694782316684728
decision_type=2 2 2 2 2
left_child=1 3 -3 -1 -2
right_child=4 2 -4 -5 -6
leaf_value=5.7490092861368741e-05 -0.0011151295756264298 0.00053736651735449383 -4.6552913025803607e-05 -0.00069786323945129794 -0.0037168711166204339
leaf_weight=9401.4121807590127 210.1553131788969 13683.030067496002 13727.178744785488 6563.9992969706655 325.01639162003994
leaf_count=30419 654 43098 44145 20036 993
internal_value=2.72387e-05 6.14001e-05 0.000244581 -0.000252463 -0.00271784
internal_weight=43910.8 43375.6 27410.2 15965.4 535.172
internal_count=139345 137698 87243 50455 1647
is_linear=0
shrinkage=0.01


Tree=340
num_leaves=8
num_cat=0
split_feature=23 22 22 35 26 8 27
split_gain=37.3361 32.6354 33.6373 21.1933 19.2725 17.2616 13.6696
threshold=0.29311244189739233 0.8453870713710786 -0.045992575585842126 1.432577431201935 -0.46171577274799341 0.27834427356719976 1.8171865344047549
decision_type=2 2 2 2 2 2 2
left_child=1 2 -1 5 -5 -2 -3
right_child=3 6 -4 4 -6 -7 -8
leaf_value=0.00026457718347261768 -0.00021323002943249479 0.0012853114430388625 -0.00069089234496646655 -0.00146058609549524 0.00088234293973872438 -0.00086605764847975779 -0.001500379232570109
leaf_weight=17246.975386679173 8731.4921183586121 3115.012548007071 4682.3835763409734 420.84991291165352 2033.1236381828785 7640.1200296804309 182.62706984579563
leaf_count=55745 27850 9962 14818 1310 6315 23215 578
internal_value=-5.11602e-05 0.000200065 6.0086e-05 -0.000388336 0.000476032 -0.000518529 0.0011276
internal_weight=44052.6 25227 21929.4 18825.6 2453.97 16371.6 3297.64
internal_count=139793 81103 70563 58690 7625 51065 10540
is_linear=0
shrinkage=0.01


Tree=341
num_leaves=7
num_cat=0
split_feature=24 17 22 12 15 15
split_gain=33.2226 29.2567 44.9858 28.2864 20.4289 17.8408
threshold=1.356793284416199 -0.50354039669036854 0.8453870713710786 -1.6807809472084043 -0.86564064025878895 -0.32797807455062861
decision_type=2 2 2 2 2 2
left_child=1 2 -1 -3 -2 -6
right_child=4 3 -4 -5 5 -7
leaf_value=-0.00050572341810781163 0.0017099155583224046 -0.00097991247506825654 0.0010921360883063302 0.00036551021203072689 -0.0015645507317877455 -0.0003469609347198182
leaf_weight=13206.683421514928 300.64337496459484 1677.8797476440668 2029.2011218369007 21971.567635126412 2448.07619484514 2418.0653588324785
leaf_count=42699 931 5380 6589 69325 7423 7446
internal_value=-5.0652e-05 4.92169e-05 -0.000292197 0.000269595 -0.000804066 -0.000961761
internal_weight=44052.1 38885.3 15235.9 23649.4 5166.78 4866.14
internal_count=139793 123993 49288 74705 15800 14869
is_linear=0
shrinkage=0.01


Tree=342
num_leaves=8
num_cat=0
split_feature=24 17 5 0 4 5 32
split_gain=32.5639 28.6734 26.9242 21.1651 18.6491 19.214 9.86436
threshold=1.356793284416199 -0.50354039669036854 -3.27411937713623 1.0636163353919985 0.32724751532077795 -0.11523882299661635 -0.90957385301589955
decision_type=2 2 2 2 2 2 2
left_child=1 3 -3 -1 5 -2 -6
right_child=4 2 -4 -5 6 -7 -8
leaf_value=-0.00017518932621586123 -5.5514407047076098e-06 -0.0027172801647116071 0.00030537319862241084 -0.0015167961840298492 -0.0040015980654833283 -0.0014666385523631753 -0.0014923927214056517
leaf_weight=13948.909949786961 2759.4777421355247 296.86533384025097 23352.588326759636 1287.0275869369507 200.85042984783649 1344.7603602409363 861.30684738606215
leaf_count=45243 8360 891 73814 4045 588 4214 2638
internal_value=-5.01459e-05 4.87221e-05 0.000266895 -0.000289267 -0.000796086 -0.000486956 -0.0019796
internal_weight=44051.8 38885.4 23649.5 15235.9 5166.4 4104.24 1062.16
internal_count=139793 123993 74705 49288 15800 12574 3226
is_linear=0
shrinkage=0.01


Tree=343
num_leaves=8
num_cat=0
split_feature=23 42 42 0 31 40 33
split_gain=36.4165 23.4659 28.3698 19.4983 18.1629 13.0685 12.8172
threshold=0.29311244189739233 1.7632121443748476 0.59299257397651683 -1.2103522419929502 1.4457264542579653 2.0473109483718877 -0.92864102125167836
decision_type=2 2 2 2 2 2 2
left_child=3 2 -2 6 -5 -3 -1
right_child=1 5 -4 4 -6 -7 -8
leaf_value=0.0015768579195311286 -0.00019264083232716764 0.00086569803292060193 -0.0010479382383525603 1.7552154356603275e-05 0.00135089808882543 -0.0019536548513127321 0.00036199513576510786
leaf_weight=1526.6657623872161 10604.754271917045 1894.6652895733714 6148.0583956465125 20545.378894075751 1075.1540992707014 177.20883072167635 2079.4374464973807
leaf_count=4890 33785 5743 18634 66154 3469 528 6590
internal_value=-4.96589e-05 -0.00038267 -0.000507164 0.00019845 8.43792e-05 0.000618906 0.000879382
internal_weight=44051.3 18824.7 16752.8 25226.6 21620.5 2071.87 3606.1
internal_count=139793 58690 52419 81103 69623 6271 11480
is_linear=0
shrinkage=0.01


Tree=344
num_leaves=8
num_cat=0
split_feature=4 20 17 3 20 33 40
split_gain=24.2722 28.6418 24.1572 15.518 13.5608 12.9686 9.04773
threshold=1.0881506800651553 1.2555220723152163 -0.43300442397594446 1.7444621920585635 1.0000000180025095e-35 -1.2528534531593321 -0.17018690705299375
decision_type=2 2 2 2 2 2 2
left_child=1 2 -1 -3 5 -2 -6
right_child=4 3 -4 -5 6 -7 -8
leaf_value=-0.00019226755624897831 -8.1938462091165151e-05 -0.00076642176139423942 0.00033065818315859891 0.0008449142687648603 0.00052213200765682691 -0.0030475819415816197 -0.0022027386166424078
leaf_weight=15527.192158617079 210.44906185567379 6049.6407552659512 20450.86595634371 656.5970094203949 435.24296225607395 553.94552724063396 166.92539179325104
leaf_count=50222 672 18559 64744 1924 1377 1764 531
internal_value=-4.91559e-05 -6.90449e-06 0.0001047 -0.000607065 -0.00136059 -0.00224534 -0.000219042
internal_weight=44050.9 42684.3 35978.1 6706.24 1366.56 764.395 602.168
internal_count=139793 135449 114966 20483 4344 2436 1908
is_linear=0
shrinkage=0.01


Tree=345
num_leaves=8
num_cat=0
split_feature=30 30 30 2 4 33 15
split_gain=26.9423 32.2617 24.3779 21.6572 18.3985 18.0235 16.9226
threshold=0.72252246737480175 -1.1487307548522947 1.7210942506790163 0.24198759347200396 -1.4954852461814878 1.2537088394165041 -0.47514119744300837
decision_type=2 2 2 2 2 2 2
left_child=1 4 5 -3 -1 -2 -4
right_child=2 3 6 -5 -6 -7 -8
leaf_value=0.00083721665108061564 -0.00034607126425539257 4.7241470070537783e-05 -0.0013998276305172647 0.00065005383806581286 -0.00066926581015892611 -0.0013408791533456065 0.0016920869266381861
leaf_weight=931.13219042122364 9537.2391257509589 13836.488305337727 219.82558417320251 10521.085209667683 5992.8186154961586 2267.0883620530367 840.97726263850927
leaf_count=2988 29700 45100 702 32864 19105 6968 2667
internal_value=-2.16093e-05 0.00013658 -0.000407004 0.000308049 -0.000465139 -0.000538074 0.00104123
internal_weight=44146.7 31281.5 12865.1 24357.6 6923.95 11804.3 1060.8
internal_count=140094 100057 40037 77964 22093 36668 3369
is_linear=0
shrinkage=0.01


Tree=346
num_leaves=7
num_cat=0
split_feature=0 5 41 5 41 23
split_gain=29.2415 29.512 28.9047 24.6266 21.5386 16.0198
threshold=0.49345497786998754 -0.16468615084886548 3.7841988801956181 -2.0828111171722408 -1.3570759296417234 0.49603351950645452
decision_type=2 2 2 2 2 2
left_child=2 5 3 -1 -3 -2
right_child=1 4 -4 -5 -6 -7
leaf_value=-0.0012457220438898346 0.00052932148751364265 0.0013920265336938582 0.0032867872399691251 0.00020570173390306077 -0.00094281318488305898 -0.00033771033116495257
leaf_weight=1220.7460052222013 3774.9029445797205 413.90425957739353 294.59237565845251 26380.734676711261 7176.2424293830991 4885.2964077442884
leaf_count=3800 11816 1307 931 84919 22640 14681
internal_value=-2.13912e-05 -0.000358784 0.000174798 0.000141104 -0.000814006 3.90839e-05
internal_weight=44146.4 16250.3 27896.1 27601.5 7590.15 8660.2
internal_count=140094 50444 89650 88719 23947 26497
is_linear=0
shrinkage=0.01


Tree=347
num_leaves=7
num_cat=0
split_feature=7 36 4 13 34 14
split_gain=27.099 29.9537 24.9132 24.6164 14.3685 13.1406
threshold=1.6919952630996706 -0.061391865834593766 1.3261910080909731 1.6526754498481753 -1.1867192387580869 -0.55802282691001881
decision_type=2 2 2 2 2 2
left_child=1 3 -3 -1 -2 -6
right_child=4 2 -4 -5 5 -7
leaf_value=0.0002605153316989449 -0.00099104869450244125 -0.00028623372830674677 -0.0025314766868484162 -0.0016700084034492182 -0.00041047357753125867 0.0017197340852188837
leaf_weight=19676.279733799398 296.89923441410065 20997.842002384365 506.5471432954073 681.3305374532938 342.28117875754833 1644.6798283830285
leaf_count=62918 936 66313 1600 2160 1074 5093
internal_value=-2.11724e-05 -7.92749e-05 -0.000339702 0.000195334 0.00103901 0.00134772
internal_weight=44145.9 41862 21504.4 20357.6 2283.86 1986.96
internal_count=140094 132991 67913 65078 7103 6167
is_linear=0
shrinkage=0.01


Tree=348
num_leaves=7
num_cat=0
split_feature=27 22 22 24 18 26
split_gain=20.3156 22.955 57.3352 37.5783 12.3905 19.5292
threshold=2.1323368549346928 0.8453870713710786 -0.094552963972091661 0.32050426304340368 -1.1546609401702879 0.95540356636047374
decision_type=2 2 2 2 2 2
left_child=1 2 -1 -3 -2 -6
right_child=4 3 -4 -5 5 -7
leaf_value=0.00014501589759571549 0.0013817548851459847 0.0014300974817977876 -0.00078512825602096545 0 -0.0037821492921444452 -0.00082551995280008322
leaf_weight=25759.452550709248 159.10910397022963 2815.7802968174219 8917.5003293603659 5253.1458275169134 298.27018982172012 942.50757911801338
leaf_count=82303 513 8991 28030 16399 934 2924
internal_value=-2.09661e-05 1.76376e-05 -9.39067e-05 0.000498201 -0.00120605 -0.00154679
internal_weight=44145.8 42745.9 34677 8068.93 1399.89 1240.78
internal_count=140094 135723 110333 25390 4371 3858
is_linear=0
shrinkage=0.01


Tree=349
num_leaves=7
num_cat=0
split_feature=0 31 2 41 47 42
split_gain=28.7214 30.2636 43.1659 28.4038 23.4869 19.2617
threshold=0.49345497786998754 0.16378755122423175 0.84484598040580761 3.7841988801956181 -2.1008797883987422 0.51726192235946666
decision_type=2 2 2 2 2 2
left_child=3 2 -2 4 -1 -3
right_child=1 5 -4 -5 -6 -7
leaf_value=-0.0013519773587072556 -0.00047592890190711266 -0.00038445981883060252 0.0010198790495366573 0.0032587828376950444 0.00019757090892910545 -0.0013931100315894768
leaf_weight=1013.280986905098 5338.8123327791691 4657.8567862808704 3018.1831115558743 294.55821820348501 26587.868298955262 3234.9851532876492
leaf_count=3083 17052 14575 9148 931 85636 9669
internal_value=-2.07566e-05 -0.000355145 6.31528e-05 0.000173679 0.000140275 -0.000799259
internal_weight=44145.5 16249.8 8357 27895.7 27601.1 7892.84
internal_count=140094 50444 26200 89650 88719 24244
is_linear=0
shrinkage=0.01


Tree=350
num_leaves=8
num_cat=0
split_feature=17 22 22 21 13 20 7
split_gain=28.6858 51.1562 67.5709 35.7181 26.3186 24.4307 14.0523
threshold=-0.62498563528060902 0.8453870713710786 -0.1060761585831642 -1.3744853734970091 1.3952962756156924 -1.2092593312263487 -0.20597552508115766
decision_type=2 2 2 2 2 2 2
left_child=1 2 -1 4 -2 -5 -3
right_child=3 6 -4 5 -6 -7 -8
leaf_value=-0.00015558221087352817 0.0016086840712484824 0.0019003030047224853 -0.0018634699339466706 0.0011830652377302555 -0.0023331879484137326 8.8224082889596072e-07 0.0001504993060613671
leaf_weight=8788.6707690283656 2347.1751747503877 1087.8351920843124 3152.4853531494737 1875.2409452870488 179.69672134518623 25847.539715409279 816.46517016738653
leaf_count=28498 7610 3609 10052 5987 584 81054 2561
internal_value=1.26223e-05 -0.000364122 -0.000607423 0.000185397 0.00132359 8.12487e-05 0.0011558
internal_weight=44095.1 13845.5 11941.2 30249.7 2526.87 27722.8 1904.3
internal_count=139955 44720 38550 95235 8194 87041 6170
is_linear=0
shrinkage=0.01


Tree=351
num_leaves=6
num_cat=0
split_feature=34 35 30 11 43
split_gain=34.8959 27.0102 28.4978 27.9192 6.88983
threshold=1.9403617978096011 -0.11496295034885405 1.8354021906852724 2.1617723703384404 0.66699939966201793
decision_type=2 2 2 2 2
left_child=1 2 -1 -3 -2
right_child=4 3 -4 -5 -6
leaf_value=0.00020319449650953945 0.0015388772088754067 -0.00030167047300135849 0.0034572404188205441 0.0021688123835159365 0.0039708176190220842
leaf_weight=20123.613064214587 295.99233789741993 22718.932520970702 272.26475507766008 464.99635392427444 218.96093335747719
leaf_count=64212 960 71767 881 1449 686
internal_value=1.24987e-05 -1.78822e-05 0.00024729 -0.000251598 0.00259802
internal_weight=44094.8 43579.8 20395.9 23183.9 514.953
internal_count=139955 138309 65093 73216 1646
is_linear=0
shrinkage=0.01


Tree=352
num_leaves=7
num_cat=0
split_feature=34 17 30 0 0 19
split_gain=34.2061 26.844 33.2079 18.6255 4.55937 3.89192
threshold=1.9403617978096011 -0.50354039669036854 0.94637885689735424 1.101443946361542 0.92519408464431774 0.53538808226585399
decision_type=2 2 2 2 2 2
left_child=1 3 -3 -1 5 -2
right_child=4 2 -4 -5 -6 -7
leaf_value=-0.00024553026242710375 0.0028496489476210049 0.00037843408787003132 -0.00039795279977400394 -0.0015088511850729477 0.004005842161041189 0.00063708891476939398
leaf_weight=14409.737752467394 189.93947531282902 20353.692851379514 7542.1803227365017 1274.1299813240767 163.66964694857597 161.39176069200039
leaf_count=46694 617 64296 23355 3964 507 522
internal_value=1.2383e-05 -1.76953e-05 0.000168158 -0.000348887 0.00257211 0.00186634
internal_weight=44094.7 43579.7 27895.9 15683.9 515.001 351.331
internal_count=139955 138309 87651 50658 1646 1139
is_linear=0
shrinkage=0.01


Tree=353
num_leaves=6
num_cat=0
split_feature=34 0 20 6 43
split_gain=33.5357 25.8883 29.1027 19.712 6.7583
threshold=1.9403617978096011 1.3561914563179018 0.11298160627484323 2.0233963727951054 0.66699939966201793
decision_type=2 2 2 2 2
left_child=1 3 -3 -1 -2
right_child=4 2 -4 -5 -6
leaf_value=3.2061195822675224e-05 0.0014975874419821658 -0.0022281466291594466 -0.00029514639393208615 0.0016558034339943612 0.0039056185719698096
leaf_weight=38416.659821331501 296.01260444521904 1017.7076502218843 3383.1910068839788 761.99208161234856 219.04410728812218
leaf_count=122461 960 3176 10244 2428 686
internal_value=1.22604e-05 -1.75211e-05 -0.000744829 6.39383e-05 0.00254664
internal_weight=44094.6 43579.6 4400.9 39178.7 515.057
internal_count=139955 138309 13420 124889 1646
is_linear=0
shrinkage=0.01


Tree=354
num_leaves=7
num_cat=0
split_feature=34 35 7 15 32 32
split_gain=32.8733 26.4418 25.5644 18.6218 4.86807 14.5672
threshold=1.9403617978096011 -0.11496295034885405 1.8851803541183474 -0.35325846076011652 0.70078593492507946 -0.35851535201072687
decision_type=2 2 2 2 2 2
left_child=1 3 -3 -1 5 -2
right_child=4 2 -4 -5 -6 -7
leaf_value=-0.0001203895366744845 0.0036388402153667725 -0.00031955993332145378 0.0013108920339509782 0.00049436332771829797 0.0039731822530715303 -0.00041518585619452992
leaf_weight=8256.3122713267803 190.93764799833298 22181.376253478229 1002.2171309739351 12139.316946767271 167.21956817805767 156.94277238845825
leaf_count=26192 602 70071 3145 38901 534 510
internal_value=1.21411e-05 -1.7344e-05 -0.000248591 0.000245023 0.00252126 0.0017853
internal_weight=44094.3 43579.2 23183.6 20395.6 515.1 347.88
internal_count=139955 138309 73216 65093 1646 1112
is_linear=0
shrinkage=0.01


Tree=355
num_leaves=7
num_cat=0
split_feature=21 38 14 14 32 8
split_gain=30.8166 23.6032 39.4631 29.9384 9.34729 9.8828
threshold=1.6425848603248598 0.14987619966268542 -0.31118676066398615 -0.95453286170959462 -1.2423709630966184 0.83736374974250805
decision_type=2 2 2 2 2 2
left_child=1 2 -1 -3 -2 -6
right_child=4 3 -4 -5 5 -7
leaf_value=-0.00028282393058510965 -0.0035137065677355323 0.0015154914533038683 0.00058270527975060591 -0.00032083759610665544 -0.00050045466027266359 -0.0021346300260595627
leaf_weight=8776.859923325479 177.13729207217693 927.63270564377308 13133.595824271441 19506.075061433017 1100.0247583687305 575.71887193620205
leaf_count=27675 528 2872 41547 62535 3363 1677
internal_value=-4.77006e-05 7.31468e-06 0.000235539 -0.000236914 -0.00130969 -0.00106879
internal_weight=44197 42344.2 21910.5 20433.7 1852.88 1675.74
internal_count=140197 134629 69222 65407 5568 5040
is_linear=0
shrinkage=0.01


Tree=356
num_leaves=7
num_cat=0
split_feature=19 18 35 34 1 42
split_gain=28.0356 19.2698 32.7909 21.7466 19.0504 10.0236
threshold=1.8591064810752871 -0.9367355704307555 1.399458169937134 -1.5533878207206724 0.68609514832496654 -0.55561304092407215
decision_type=2 2 2 2 2 2
left_child=1 3 -3 -1 5 -2
right_child=4 2 -4 -5 -6 -7
leaf_value=-0.0012874927707988303 -2.9305090062793938e-06 -0.00023758285702858866 0.00081360782919735286 0.00048033643131884733 0.0012322363987496913 -0.0027701430326405037
leaf_weight=743.86087114363909 168.86102041602135 29002.448028728366 3301.8272687792778 10075.317082874477 185.4425842911005 718.88640157878399
leaf_count=2396 533 91494 10388 32639 574 2173
internal_value=-4.72297e-05 -7.24639e-06 -0.000129809 0.000357759 -0.00164305 -0.00225563
internal_weight=44196.6 43123.5 32304.3 10819.2 1073.19 887.747
internal_count=140197 136917 101882 35035 3280 2706
is_linear=0
shrinkage=0.01


Tree=357
num_leaves=7
num_cat=0
split_feature=21 11 7 38 40 38
split_gain=30.0685 26.6914 26.0184 22.4054 13.0855 12.4478
threshold=1.6425848603248598 1.8362430930137636 -1.1649777293205259 0.20887745916843417 0.87514159083366405 -1.5152080059051511
decision_type=2 2 2 2 2 2
left_child=1 3 -2 -1 -3 -4
right_child=2 4 5 -5 -6 -7
leaf_value=0.00018065464731455177 0.002313442910397819 0.0028588502539051829 -0.0042474980460852083 -0.00028782208633890751 0.00070926921736626811 -0.0013789320178328836
leaf_weight=21885.269579343498 177.58291338384151 422.50522445142269 172.68882478773594 19120.723821893334 915.33964218199253 1502.2340584397316
leaf_count=69184 528 1384 501 61248 2813 4539
internal_value=-4.67582e-05 7.57758e-06 -0.00129347 -3.75496e-05 0.00139723 -0.00168301
internal_weight=44196.3 42343.8 1852.51 41006 1337.84 1674.92
internal_count=140197 134629 5568 130432 4197 5040
is_linear=0
shrinkage=0.01


Tree=358
num_leaves=8
num_cat=0
split_feature=30 30 4 30 17 13 27
split_gain=34.3738 28.6819 21.4743 19.7819 18.4078 17.7122 16.6415
threshold=0.94637885689735424 -1.0257100462913511 1.1108436584472658 1.7210942506790163 -0.39016844332218165 -1.638735771179199 1.0318479537963869
decision_type=2 2 2 2 2 2 2
left_child=1 4 -3 5 -1 -2 -5
right_child=3 2 -4 6 -6 -7 -8
leaf_value=-0.00086926916562984013 0.0015803028880250413 0.00031828519763228973 -0.0014606429462959822 0.0015878258465988671 4.7660986471859027e-05 -0.00081511649095866604 -0.0011699393397107342
leaf_weight=4207.9775648117065 316.84397847950459 25045.237849704921 694.7008720189333 711.44724573194981 4522.2994196712971 8386.6018428355455 310.904676258564
leaf_count=13539 987 80059 2217 2289 14199 25938 969
internal_value=-4.62865e-05 0.000101607 0.00026983 -0.000571437 -0.000393201 -0.000726592 0.000739074
internal_weight=44196 34470.2 25739.9 9725.8 8730.28 8703.45 1022.35
internal_count=140197 110014 82276 30183 27738 26925 3258
is_linear=0
shrinkage=0.01


Tree=359
num_leaves=8
num_cat=0
split_feature=30 30 34 9 38 20 38
split_gain=33.6891 28.11 26.5392 24.1918 20.626 14.685 9.1497
threshold=0.94637885689735424 -1.0257100462913511 1.5256513357162478 -1.3280112743377683 0.14987619966268542 -1.0609605908393858 0.46283520758152014
decision_type=2 2 2 2 2 2 2
left_child=1 5 3 -2 -3 -1 -4
right_child=2 4 6 -5 -6 -7 -8
leaf_value=-0.0012076248346690648 -0.0022555716019537603 0.00053934319082581019 0.0019125790591045747 -0.00054358293738033766 -2.6498755307647165e-05 -0.00018176538459711137 -0.00035750373811991096
leaf_weight=1755.0779153034091 925.64633203297853 13374.175903394818 542.68134731054306 8004.0054900795221 12365.689661890268 6975.2604493945837 253.23312073945999
leaf_count=5619 2877 42552 1647 24866 39724 22119 793
internal_value=-4.58218e-05 0.000100588 -0.000565725 -0.0007224 0.000267128 -0.000389256 0.00117822
internal_weight=44195.8 34470.2 9725.57 8929.65 25739.9 8730.34 795.914
internal_count=140197 110014 30183 27743 82276 27738 2440
is_linear=0
shrinkage=0.01


Tree=360
num_leaves=8
num_cat=0
split_feature=9 10 9 38 36 40 39
split_gain=24.9482 25.7968 24.0461 27.2278 17.8021 16.0652 8.79656
threshold=1.7914078235626223 1.189813017845154 0.25824587047100073 0.10134692862629892 0.032714368775486953 1.1369034051895144 -0.046879718080162995
decision_type=2 2 2 2 2 2 2
left_child=2 5 3 -1 -4 -2 -3
right_child=1 6 4 -5 -6 -7 -8
leaf_value=0.00045391274902893951 0.0015449043587284711 -0.0024443247432230962 -9.3380409656124646e-06 -0.00020073103314287308 -0.00069161100984352743 -0.00057669445461813078 0.00032341889579429374
leaf_weight=12168.763961941004 2299.0752974152565 279.45649510622025 6949.0997625738382 13269.446134895086 8586.5183908939362 414.35920035839081 184.30686037242413
leaf_count=38860 7291 872 21741 42890 26662 1264 557
internal_value=-1.05462e-05 0.0008427 -7.69717e-05 0.00011204 -0.000387093 0.00121715 -0.00132453
internal_weight=44151 3177.2 40973.8 25438.2 15535.6 2713.43 463.763
internal_count=140137 9984 130153 81750 48403 8555 1429
is_linear=0
shrinkage=0.01


Tree=361
num_leaves=8
num_cat=0
split_feature=0 46 5 46 15 33 0
split_gain=26.3421 27.8585 21.5311 20.4009 19.8711 18.7352 16.7306
threshold=0.50744754076004039 -0.12487967684864996 0.26771870255470281 -1.3306146860122678 0.19957914948463443 -0.79462337493896473 1.3972237706184389
decision_type=2 2 2 2 2 2 2
left_child=1 4 -3 6 -1 -5 -2
right_child=3 2 -4 5 -6 -7 -8
leaf_value=0.00060369472618466535 -0.00096140713802906404 0.00018100675035636083 -0.00065595471699323772 -0.0014395963653469077 -0.00041635839897649087 -0.0001233272438574876 -0.0038567475097548215
leaf_weight=13314.210606962442 1007.4033044874668 7180.5626182705164 5357.2264600396156 1176.5704071223736 2216.817669659853 13643.943935588002 254.04981896281242
leaf_count=42911 3146 22758 17270 3710 7219 42338 785
internal_value=-1.04434e-05 0.000174211 -0.000175842 -0.000333344 0.000457436 -0.000228588 -0.00155503
internal_weight=44150.8 28068.8 12537.8 16082 15531 14820.5 1261.45
internal_count=140137 90158 40028 49979 50130 46048 3931
is_linear=0
shrinkage=0.01


Tree=362
num_leaves=6
num_cat=0
split_feature=7 17 29 7 22
split_gain=24.89 22.242 24.1362 23.489 4.2212
threshold=2.7660176753997807 -0.96336993575096119 1.7968429923057558 0.19809177517890933 -0.44968758523464197
decision_type=2 2 2 2 2
left_child=1 3 -3 -1 -2
right_child=4 2 -4 -5 -6
leaf_value=-9.4266216663837325e-05 0.0013664852973423289 0.00011230657257278104 -0.0027632372813944234 -0.0011363074849090793 0.003739889528847904
leaf_weight=6241.5018255412579 159.11895903944969 33944.038251765072 293.21434859931469 3329.5167675688863 182.97050714492798
leaf_count=20486 519 107178 905 10471 578
internal_value=-1.03474e-05 -3.15842e-05 8.73078e-05 -0.000457892 0.00267228
internal_weight=44150.4 43808.3 34237.3 9571.02 342.089
internal_count=140137 139040 108083 30957 1097
is_linear=0
shrinkage=0.01


Tree=363
num_leaves=8
num_cat=0
split_feature=21 20 8 8 6 47 16
split_gain=21.0959 24.5988 23.8072 19.8987 33.218 28.7977 9.79505
threshold=-1.6097868680953977 -0.69006994366645802 -0.87584030628204335 0.3256817907094956 1.9448479413986208 0.22804322838783267 -0.90782001614570607
decision_type=2 2 2 2 2 2 2
left_child=1 2 -1 5 -5 -2 -3
right_child=3 6 -4 4 -6 -7 -8
leaf_value=-0.0025692904194312277 0.00047603555214072445 0.00011038005972791426 0.00088329330334015123 -0.0004063075405440724 0.0016809155998020531 -0.00020882007599885337 0.0029841534952642084
leaf_weight=259.27487640082836 12069.359761595726 156.55767202377319 855.13591129332781 16934.304345414042 795.8939268887043 12473.098892070353 606.63999113440514
leaf_count=868 38877 517 2760 52254 2450 40467 1944
internal_value=-1.02414e-05 0.00102639 6.94788e-05 -5.65447e-05 -0.00031196 0.000127573 0.00240865
internal_weight=44150.3 1877.61 1114.41 42272.7 17730.2 24542.5 763.198
internal_count=140137 6089 3628 134048 54704 79344 2461
is_linear=0
shrinkage=0.01


Tree=364
num_leaves=7
num_cat=0
split_feature=11 7 41 21 22 43
split_gain=25.9966 24.3532 31.2473 22.7563 22.2231 19.1064
threshold=1.8362430930137636 0.073164723813533797 2.9886816740036015 1.6664677262306216 0.8453870713710786 2.2896100282669072
decision_type=2 2 2 2 2 2
left_child=1 4 -3 5 -1 -2
right_child=3 2 -4 -5 -6 -7
leaf_value=8.1520465007082548e-06 0.0022804422059111867 -0.00036255034138915588 0.0035652703332862174 -0.0015008839083307331 0.00079078921111514682 -0.00094883546897561331
leaf_weight=18775.498482473195 1131.9445514082909 19071.572472967207 203.29516296833754 250.20224738121033 4504.1889363303781 213.18900924175978
leaf_count=61016 3532 59022 629 737 14526 675
internal_value=-1.01316e-05 -5.73528e-05 -0.000320421 0.00124244 0.000160035 0.00176088
internal_weight=44149.9 42554.6 19274.9 1595.34 23279.7 1345.13
internal_count=140137 135193 59651 4944 75542 4207
is_linear=0
shrinkage=0.01


Tree=365
num_leaves=8
num_cat=0
split_feature=36 4 5 0 4 16 11
split_gain=31.4166 29.5722 27.0278 25.8187 16.5285 14.0208 12.9278
threshold=-0.076918896287679658 1.3261910080909731 1.8431851863861086 0.81990110874176036 3.4568285942077641 1.7250522971153261 0.87467589974403392
decision_type=2 2 2 2 2 2 2
left_child=2 3 5 -2 -3 -1 -4
right_child=1 4 6 -5 -6 -7 -8
leaf_value=0.00020263437187390242 9.4344473544005698e-06 -0.00408275382557227 0.00097667648853997898 -0.00073795180119530892 -0.00044305418850306626 -0.0025945349139613804 0.0030554176165295439
leaf_weight=19067.76554248482 16336.896363720298 309.32760475575924 1121.4641295149922 6430.8413146436214 220.25545924901962 179.44418604671955 421.38172335922718
leaf_count=60844 52146 964 3684 19713 698 571 1334
internal_value=-3.73372e-06 -0.000256124 0.000278613 -0.000201252 -0.00259153 0.000175903 0.00155251
internal_weight=44087.4 23297.3 20790.1 22767.7 529.583 19247.2 1542.85
internal_count=139954 73521 66433 71859 1662 61415 5018
is_linear=0
shrinkage=0.01


Tree=366
num_leaves=8
num_cat=0
split_feature=5 5 24 7 27 22 31
split_gain=27.7083 24.2494 35.1148 23.7283 16.8076 9.44786 8.94448
threshold=2.1651451587677006 -0.13102094084024427 1.3441605567932131 0.97540023922920238 0.8084121346473695 -0.54569453001022328 0.095265816897153868
decision_type=2 2 2 2 2 2 2
left_child=1 3 -3 -1 5 -2 -6
right_child=4 2 -4 -5 6 -7 -8
leaf_value=0.0003951968812993003 0.0010065405404051648 -0.0001586428031913013 -0.0015982960865172325 -0.00040572411148309299 -0.0023793215010678419 0.0028116152628152452 0.00089756956616945428
leaf_weight=15221.682494409382 647.96425950527191 20602.689735159278 1848.2598221078515 4874.5962748080492 159.62814653664827 565.21982659399509 166.74367667734623
leaf_count=48148 2158 66255 5789 14798 508 1790 508
internal_value=-3.69502e-06 -5.16234e-05 -0.000277673 0.000200416 0.00131354 0.00185738 -0.000676981
internal_weight=44086.8 42547.2 22450.9 20096.3 1539.56 1213.18 326.372
internal_count=139954 134990 72044 62946 4964 3948 1016
is_linear=0
shrinkage=0.01


Tree=367
num_leaves=8
num_cat=0
split_feature=5 5 24 5 13 42 34
split_gain=27.1616 23.7671 34.422 22.8653 14.2715 12.0303 7.14112
threshold=2.1651451587677006 -0.13102094084024427 1.3441605567932131 -2.313540935516357 0.93595859408378612 -1.3305367231369016 -0.80927973985671986
decision_type=2 2 2 2 2 2 2
left_child=1 3 -3 -1 5 -2 -6
right_child=4 2 -4 -5 6 -7 -8
leaf_value=-0.00076624026770420631 -0.00021443526215787423 -0.00015705608607295048 -0.0015825362571744296 0.00031657010685543527 -0.0019108336958334209 0.0023742829988534961 0.00077553397368240924
leaf_weight=2183.1794250160456 214.18622751533985 20602.73807541281 1848.0104494392872 17913.002303995192 163.91816778481007 920.03585980087519 241.33660123497248
leaf_count=6603 703 66255 5789 56343 526 2973 762
internal_value=-3.65573e-06 -5.11103e-05 -0.000274904 0.000198407 0.00130055 0.00187686 -0.000288467
internal_weight=44086.4 42546.9 22450.7 20096.2 1539.48 1134.22 405.255
internal_count=139954 134990 72044 62946 4964 3676 1288
is_linear=0
shrinkage=0.01


Tree=368
num_leaves=8
num_cat=0
split_feature=17 23 17 19 37 9 29
split_gain=27.1499 34.5128 27.977 20.789 20.3956 19.7454 4.62318
threshold=-0.43300442397594446 0.79686006903648388 1.205613970756531 1.5885187983512881 0.76427188515663158 1.8301765322685244 -0.71942502260208119
decision_type=2 2 2 2 2 2 2
left_child=3 4 -3 5 -2 -1 -5
right_child=1 2 -4 6 -6 -7 -8
leaf_value=-0.00036343865125521826 0.00064246211290973202 0.00015738744044781615 -0.00097048323342190351 -0.00080757877511218785 -0.00010369445898042646 0.00086153845409511266 -0.0027852633784701446
leaf_weight=14666.118997350335 13374.986527904868 5205.2830970436335 3792.1406440958381 192.24504311382771 5014.8492583110929 1440.5222467333078 399.90078894793987
leaf_count=47496 42442 16224 11344 622 15958 4605 1263
internal_value=-3.62177e-06 0.000189923 -0.000316919 -0.000321642 0.000438449 -0.000253213 -0.00216249
internal_weight=44086 27387.3 8997.42 16698.8 18389.8 16106.6 592.146
internal_count=139954 85968 27568 53986 58400 52101 1885
is_linear=0
shrinkage=0.01


Tree=369
num_leaves=8
num_cat=0
split_feature=46 9 9 26 11 42 45
split_gain=23.3157 22.6987 20.2917 30.4082 19.7858 19.2399 12.0493
threshold=1.2812070846557619 0.22937165945768359 2.1264070272445683 1.4096661210060122 0.12322397157549859 0.54689723253250133 -0.82234326004981984
decision_type=2 2 2 2 2 2 2
left_child=2 4 5 -4 -2 -1 -3
right_child=1 6 3 -5 -6 -7 -8
leaf_value=0.00019814975824746349 0.00046144527246536234 -0.0027467614650917194 0.0016056867468697905 -0.0024527317261981837 -0.00096333281349841816 -0.00028955310900457561 -0.00097111346310061874
leaf_weight=24267.26598200202 2253.6844239458442 543.10386918485165 1574.9927502647042 206.4548597484827 1711.2346218824387 12125.398575797677 1403.4537731409073
leaf_count=78803 7142 1676 4989 633 5140 37352 4219
internal_value=-3.58866e-06 -0.000588154 8.66856e-05 0.00112863 -0.000151047 3.53774e-05 -0.00147282
internal_weight=44085.6 5911.48 38174.1 1781.45 3964.92 36392.7 1946.56
internal_count=139954 18177 121777 5622 12282 116155 5895
is_linear=0
shrinkage=0.01


Tree=370
num_leaves=7
num_cat=0
split_feature=24 19 9 1 23 39
split_gain=25.7995 22.0129 23.6347 16.0363 12.0778 9.05725
threshold=-1.6699994206428526 1.8591064810752871 2.5443223714828496 0.68609514832496654 -1.8153376579284666 -0.61377468705177296
decision_type=2 2 2 2 2 2
left_child=4 2 -2 -3 -1 -6
right_child=1 3 -4 -5 5 -7
leaf_value=-0.00040000549546563178 -4.6343456138157553e-05 -0.0020513946500562443 0.0015566657217539615 0.0011745793058267808 0.0012413484935746217 0.003370763413909086
leaf_weight=266.58102914690971 41038.046440631151 863.70909803360701 939.76974686235189 182.61618149280548 609.40534687042236 317.58990260958672
leaf_count=864 130267 2631 2978 555 1983 1019
internal_value=-5.67705e-06 -4.61501e-05 -1.0182e-05 -0.00147823 0.00144368 0.00198451
internal_weight=44217.7 43024.1 41977.8 1046.33 1193.58 926.995
internal_count=140297 136431 133245 3186 3866 3002
is_linear=0
shrinkage=0.01


Tree=371
num_leaves=7
num_cat=0
split_feature=29 7 47 14 20 10
split_gain=22.8001 20.4433 20.1113 12.6248 8.9717 8.81353
threshold=1.7392373681068423 2.7660176753997807 -2.1008797883987422 -0.35110051929950709 0.6396068036556245 0.56190937757492077
decision_type=2 2 2 2 2 2
left_child=1 2 -1 -2 -5 -3
right_child=3 5 -4 4 -6 -7
leaf_value=-0.0010923815620143939 -1.650321812318487e-05 0.0042007892745470048 4.2450318223801844e-05 -0.0049197679537848274 -0.0014997973961011354 0.00088036914126839378
leaf_weight=1621.3395053744316 197.54960145056248 157.67850743234158 41728.647930979729 166.47241088747978 164.13522678613663 181.64950519800186
leaf_count=4889 611 502 132696 529 494 576
internal_value=-5.61472e-06 1.91483e-05 0 -0.00206909 -0.00326167 0.00246049
internal_weight=44217.5 43689.3 43350 528.157 330.608 339.328
internal_count=140297 138663 137585 1634 1023 1078
is_linear=0
shrinkage=0.01


Tree=372
num_leaves=8
num_cat=0
split_feature=24 30 30 4 40 12 9
split_gain=25.2819 22.8791 28.7461 20.4861 10.9303 10.8415 7.47746
threshold=-1.6699994206428526 -1.2006035447120664 0.5031336545944215 -1.5285832881927488 -0.59254893660545338 -0.87530380487442005 0.70074969530105602
decision_type=2 2 2 2 2 2 2
left_child=4 3 -3 -2 5 -1 -6
right_child=1 2 -4 -5 6 -7 -8
leaf_value=-0.0009090063452133249 0.00088403555744193986 0.00028561663478629708 -0.00027995265705405936 -0.00083467916748076901 0.0041091557882238748 0.0015511191559773295 0.0011934826338806247
leaf_weight=258.97518177330494 790.66588573902845 21419.352163515985 15472.556671373546 5341.2312458083034 210.69461123645306 550.86302229017019 172.98895094543695
leaf_count=858 2525 68615 48306 16985 687 1779 542
internal_value=-5.55918e-06 -4.56258e-05 4.81433e-05 -0.000611324 0.00142921 0.000751921 0.0028271
internal_weight=44217.3 43023.8 36891.9 6131.9 1193.52 809.838 383.684
internal_count=140297 136431 116921 19510 3866 2637 1229
is_linear=0
shrinkage=0.01


Tree=373
num_leaves=8
num_cat=0
split_feature=21 5 20 41 26 5 10
split_gain=23.8349 40.2256 31.926 27.5581 21.3964 21.1113 16.0154
threshold=-0.47952754795551294 -0.049027064815163605 -0.041646273806691163 1.020927965641022 -0.39022660255432123 -3.5557948350906368 1.6341761946678164
decision_type=2 2 2 2 2 2 2
left_child=2 5 3 -1 -3 -2 -4
right_child=1 4 6 -5 -6 -7 -8
leaf_value=-0.00018561544864838318 -0.0018767538768795309 -0.0010539451315653475 0.0011357606060480978 0.00132349562796154 -0.00022056283999320251 0.00021676613188919265 -0.0013158233498026014
leaf_weight=9420.1177329346538 495.22993387281895 5722.393656745553 4493.1662866026163 1387.2959330305457 6755.6012652218342 15664.59799657017 278.7225746512413
leaf_count=30536 1472 18311 14484 4490 21522 48591 891
internal_value=-5.49545e-06 -0.00017696 0.00030904 7.28124e-06 -0.000603606 0.000151878 0.000990225
internal_weight=44217.1 28637.8 15579.3 10807.4 12478 16159.8 4771.89
internal_count=140297 89896 50401 35026 39833 50063 15375
is_linear=0
shrinkage=0.01


Tree=374
num_leaves=8
num_cat=0
split_feature=36 10 4 36 0 27 29
split_gain=24.6204 25.3153 19.0098 15.2061 14.717 10.1246 3.13733
threshold=-0.061391865834593766 -1.7895362973213194 1.3261910080909731 -1.9242820143699644 -1.380701422691345 -2.1743997335433956 -0.59118977189064015
decision_type=2 2 2 2 2 2 2
left_child=3 6 -3 5 -5 -1 -2
right_child=1 2 -4 4 -6 -7 -8
leaf_value=0.0013931396681323765 0.0036061282789857274 -0.00022618396800367076 -0.0021776749496714249 0.0012375439924475695 0.00024781412569347571 -0.00075882804164272304 0.0014548923423129429
leaf_weight=241.01842974126339 158.00190457701683 22307.694033041596 511.09448540210724 1654.0945172682405 17140.513179115951 2043.7416329756379 160.69977614283562
leaf_count=805 511 70338 1608 5275 54826 6435 499
internal_value=-5.44322e-06 -0.000230888 -0.000270425 0.000241538 0.000335513 -0.000526933 0.00256063
internal_weight=44216.9 23137.5 22818.8 21079.4 18794.6 2284.76 318.702
internal_count=140297 72956 71946 67341 60101 7240 1010
is_linear=0
shrinkage=0.01


Tree=375
num_leaves=6
num_cat=0
split_feature=7 21 7 30 10
split_gain=37.8714 31.257 26.966 23.427 12.3356
threshold=2.7660176753997807 1.5553131699562075 -1.2686926722526548 0.68486779928207409 0.54879900813102733
decision_type=2 2 2 2 2
left_child=1 3 -3 -1 -2
right_child=4 2 -4 -5 -6
leaf_value=0.00018478862295000042 0.0053440549242047041 0.002356681531498578 -0.0014289529834382285 -0.0003375121856712679 0.0014376475480160605
leaf_weight=29159.013229362667 159.72865402698517 202.1363565325737 2304.6763279661536 12166.942149721086 183.20871523022652
leaf_count=93492 511 603 6962 38008 586
internal_value=-8.6153e-06 -3.47761e-05 -0.00111889 3.07695e-05 0.00329644
internal_weight=44175.7 43832.8 2506.81 41326 342.937
internal_count=140162 139065 7565 131500 1097
is_linear=0
shrinkage=0.01


Tree=376
num_leaves=8
num_cat=0
split_feature=21 17 21 46 13 31 28
split_gain=31.5714 23.8588 27.6101 24.9951 17.3588 15.0709 11.9351
threshold=1.5553131699562075 -0.62498563528060902 -1.3178628683090208 0.64195588231086742 -0.45928302407264704 0.34696981310844427 1.8767829537391665
decision_type=2 2 2 2 2 2 2
left_child=1 3 -3 -1 5 -2 -6
right_child=4 2 -4 -5 6 -7 -8
leaf_value=-9.5896464759304153e-05 0.001754489787599736 0.0011394794937503853 0.00011635132731953641 -0.0012586712589744231 -0.0020104056769485955 -0.0013302640571843008 -0.00015063670675665201
leaf_weight=11400.693421311677 345.10540592670441 2952.3096093982458 25056.949486993253 2211.5452857241035 1451.5377585664392 288.61116594076157 468.45554220676422
leaf_count=36962 1074 9581 78861 7052 4359 900 1373
internal_value=-8.52079e-06 5.74812e-05 0.000224588 -0.000285623 -0.00108777 0.000333974 -0.00156216
internal_weight=44175.2 41621.5 28009.3 13612.2 2553.71 633.717 1919.99
internal_count=140162 132456 88442 44014 7706 1974 5732
is_linear=0
shrinkage=0.01


Tree=377
num_leaves=6
num_cat=0
split_feature=7 8 41 1 8
split_gain=37.1249 29.8053 29.0951 19.6973 7.29169
threshold=2.7660176753997807 0.3256817907094956 3.7841988801956181 -1.5637977123260496 2.0095328092575078
decision_type=2 2 2 2 2
left_child=1 3 -3 -1 -2
right_child=4 2 -4 -5 -6
leaf_value=-0.00048562564046282844 0.0047480095739241331 -0.0003830797422166971 0.0036961469425747838 0.00030050934473744494 0.0016933709888227522
leaf_weight=3722.1907551363111 172.00395822525024 18079.41106647253 175.14317205548286 21855.050885997713 170.91752687096596
leaf_count=12001 555 55726 546 70792 542
internal_value=-8.43841e-06 -3.43423e-05 -0.000343194 0.0001857 0.00326396
internal_weight=44174.7 43831.8 18254.6 25577.2 342.921
internal_count=140162 139065 56272 82793 1097
is_linear=0
shrinkage=0.01


Tree=378
num_leaves=8
num_cat=0
split_feature=0 16 9 2 36 41 9
split_gain=28.0495 28.255 25.7068 25.5539 25.3253 23.0804 21.666
threshold=0.26270715892314916 -0.68535977602004994 0.34184025228023535 0.33632209897041326 -2.4556326866149898 -0.39486400783061976 2.0691208839416508
decision_type=2 2 2 2 2 2 2
left_child=1 4 3 -2 -1 -4 -3
right_child=2 6 5 -5 -6 -7 -8
leaf_value=-0.0041843877820730343 -0.00046241009186403131 0.00037437589946598035 2.2194981431828968e-05 0.00045191354808553791 -0.00016415449443556309 -0.0011966268024071775 0.0020000271693209797
leaf_weight=158.83596836030483 6335.0228785276413 15187.302167929709 2327.2509818002582 5903.1202547699213 8814.5708495527506 4578.6131219938397 869.61264008283615
leaf_count=520 20463 48903 7161 18028 28255 14082 2750
internal_value=-8.34514e-06 0.000211793 -0.000296688 -2.05643e-05 -0.000236888 -0.000784497 0.00046316
internal_weight=44174.3 25030.3 19144 12238.1 8973.41 6905.86 16056.9
internal_count=140162 80428 59734 38491 28775 21243 51653
is_linear=0
shrinkage=0.01


Tree=379
num_leaves=7
num_cat=0
split_feature=21 0 2 17 0 43
split_gain=30.9441 27.1473 27.8313 24.2083 23.4481 15.0399
threshold=1.5553131699562075 0.26270715892314916 0.38322077691555029 -0.62498563528060902 -0.86711251735687245 -1.4901538491249082
decision_type=2 2 2 2 2 2
left_child=1 3 -3 -1 -2 -6
right_child=4 2 -4 -5 5 -7
leaf_value=-0.00013175558525775521 -0.0038327153757161587 -0.00061490098473354952 0.0001878764336001191 0.00051910713527356328 0.002138320049594231 -0.00096790194662583942
leaf_weight=9154.0440731272101 276.04533836245537 9360.8825384825468 7989.8465452715755 15115.763283647597 165.57534967362881 2111.717137388885
leaf_count=29760 813 29927 24438 48331 521 6372
internal_value=-8.26024e-06 5.70775e-05 -0.000244664 0.000273209 -0.00107681 -0.000736829
internal_weight=44173.9 41620.5 17350.7 24269.8 2553.34 2277.29
internal_count=140162 132456 54365 78091 7706 6893
is_linear=0
shrinkage=0.01


Tree=380
num_leaves=7
num_cat=0
split_feature=7 44 47 6 28 29
split_gain=23.3105 23.3416 24.2545 15.6313 10.9109 4.15253
threshold=2.3361550569534306 1.1467668414115908 -2.1008797883987422 -1.3689209222793577 1.2243433594703677 -0.63918209075927723
decision_type=2 2 2 2 2 2
left_child=1 2 -1 -3 5 -2
right_child=4 3 -4 -5 -6 -7
leaf_value=-0.001544189321889078 0.0015830301715072873 -0.00093506567389239849 -0.00010734482870630035 0.00060676428431932381 0.00011752457707857307 0.0036624180713958738
leaf_weight=1216.6375172138214 202.54208546876907 722.55204962193966 34689.089389331639 6778.770601414144 260.16472110152245 240.05639083683491
leaf_count=3665 650 2327 110408 21339 804 773
internal_value=-2.0656e-05 -5.01499e-05 -0.000156351 0.000456812 0.00178434 0.0027391
internal_weight=44109.8 43407 35905.7 7501.32 702.763 442.598
internal_count=139966 137739 114073 23666 2227 1423
is_linear=0
shrinkage=0.01


Tree=381
num_leaves=8
num_cat=0
split_feature=17 0 29 46 32 14 29
split_gain=29.4273 33.034 30.2597 27.2809 21.4468 18.8019 15.8249
threshold=-0.50354039669036854 0.39898252487182623 -0.52052965760231007 0.4374887496232987 -0.8981068730354308 -0.32882553339004511 -0.70869410037994374
decision_type=2 2 2 2 2 2 2
left_child=4 3 -3 -2 5 -1 -6
right_child=1 2 -4 -5 6 -7 -8
leaf_value=-0.0017990746474421768 0.00076320322801784772 -0.0013433831455257053 4.3924922524861174e-06 -0.00015043738709260852 0.00032781041000761439 -0.00042873167303225489 -0.00043084217816285943
leaf_weight=1677.992679707706 10731.341063141823 1963.8088254034519 10851.844600744545 4674.7503489479423 4416.4570614248514 2547.3202911391854 7246.314893655479
leaf_count=5415 34378 6079 33471 14749 14367 8188 23319
internal_value=-2.04442e-05 0.000173113 -0.000201443 0.000485332 -0.000364876 -0.000975597 -0.000142695
internal_weight=44109.8 28221.7 12815.7 15406.1 15888.1 4225.31 11662.8
internal_count=139966 88677 39550 49127 51289 13603 37686
is_linear=0
shrinkage=0.01


Tree=382
num_leaves=8
num_cat=0
split_feature=44 47 41 6 33 41 47
split_gain=21.7644 22.0836 17.4674 16.6694 16.5948 14.9424 10.7771
threshold=1.1467668414115908 -2.1008797883987422 1.4789545536041262 -1.3689209222793577 1.4920915961265566 0.19112371653318408 -0.81060746312141407
decision_type=2 2 2 2 2 2 2
left_child=1 5 3 -2 -3 -1 -4
right_child=2 4 6 -5 -6 -7 -8
leaf_value=-0.0022119204038991229 -0.0011364749391648637 -1.73394874994589e-05 0.0040609809731889076 0.00049094064643034354 -0.00089090788516769243 5.7813678927168998e-05 0.0010609505495022629
leaf_weight=826.10270239412785 693.37893263250589 32842.249985285103 199.92738302052021 6453.1006496474147 2330.061227619648 433.61166203022003 331.04714565724134
leaf_count=2478 2233 104704 612 20340 7256 1318 1025
internal_value=-2.02428e-05 -0.000122433 0.000463333 0.000331507 -7.55188e-05 -0.00142329 0.00221486
internal_weight=44109.5 36432 7677.45 7146.48 35172.3 1259.71 530.975
internal_count=139966 115756 24210 22573 111960 3796 1637
is_linear=0
shrinkage=0.01


Tree=383
num_leaves=8
num_cat=0
split_feature=0 41 6 41 39 22 0
split_gain=25.0588 25.1829 24.2972 23.6667 33.8661 28.5673 18.8975
threshold=0.48019903898239141 2.6051529645919804 -1.3689209222793577 -1.2753978371620176 -0.12947308272123334 1.1184026002883913 -0.70574018359184254
decision_type=2 2 2 2 2 2 2
left_child=1 2 -1 4 -2 -5 -3
right_child=3 6 -4 5 -6 -7 -8
leaf_value=-0.00080854769643341241 0.0034471753036628546 0.0041182623365936099 0.00021473070513711637 -0.00067801003978506071 -0.00032674112773536116 0.00030942291799409475 0.00051888787403238585
leaf_weight=2558.8739215433598 392.20245656371117 274.99880534410477 24553.376529999077 11498.335332304239 590.73114039003849 3915.244355417788 325.62431578338146
leaf_count=8344 1262 867 78804 35809 1803 12031 1046
internal_value=-2.00379e-05 0.000163056 0.000117758 -0.000330098 0.00117091 -0.000426537 0.00218761
internal_weight=44109.4 27712.9 27112.3 16396.5 982.934 15413.6 600.623
internal_count=139966 89061 87148 50905 3065 47840 1913
is_linear=0
shrinkage=0.01


Tree=384
num_leaves=8
num_cat=0
split_feature=9 9 38 21 16 6 8
split_gain=22.367 31.1791 32 29.2701 24.633 19.3588 17.2322
threshold=0.25824587047100073 -1.4335847496986387 0.23193800449371341 -0.93192824721336354 0.34969194233417517 1.9448479413986208 -0.82172885537147511
decision_type=2 2 2 2 2 2 2
left_child=1 6 -3 4 -2 -5 -1
right_child=3 2 -4 5 -6 -7 -8
leaf_value=-0.00017443245994863663 -0.0002273520915731014 0.00071144616745744138 -7.5363865957520117e-05 -0.00060611479318355436 0.0011464156068115394 0.0014613822344424646 -0.0015189517180713168
leaf_weight=3349.2938299775124 3136.9649236127734 10950.580242827535 9749.9841651171446 12889.197047516704 2223.4054862707853 465.76837387681007 1343.8211087286472
leaf_count=10915 9993 35075 31590 39940 7003 1445 4005
internal_value=-1.98293e-05 0.000173244 0.000340389 -0.000282328 0.00034071 -0.000533156 -0.000561792
internal_weight=44109 25393.7 20700.6 18715.3 5360.37 13355 4693.11
internal_count=139966 81585 66665 58381 16996 41385 14920
is_linear=0
shrinkage=0.01


Tree=385
num_leaves=8
num_cat=0
split_feature=11 33 17 21 28 0 9
split_gain=27.2538 24.2008 20.8331 20.5347 12.8677 7.74618 4.02407
threshold=1.9387149810791018 1.4614968299865725 1.3245845437049868 1.4228893518447878 0.79958084225654613 -0.78649926185607899 -0.44445145130157465
decision_type=2 2 2 2 2 2 2
left_child=1 3 5 -1 -3 -2 -4
right_child=2 4 6 -5 -6 -7 -8
leaf_value=0.00011823451811003623 0.003718160105822859 -0.0013302935708003959 0.0005477291194874301 -0.00077224483975330167 -9.3821908374137623e-06 0.0016435586949965809 -0.0015245694589589606
leaf_weight=36810.44797720015 282.55460408329964 2028.5332836359739 175.92593069374561 2782.9954253435135 1182.5499851703644 593.74815091490746 188.0395825356245
leaf_count=117490 906 6365 514 8463 3567 1882 562
internal_value=3.00139e-05 -1.21134e-05 0.00149082 5.53729e-05 -0.000847107 0.00232737 -0.00049675
internal_weight=44044.8 42804.5 1240.27 39593.4 3211.08 876.303 363.966
internal_count=139749 135885 3864 125953 9932 2788 1076
is_linear=0
shrinkage=0.01


Tree=386
num_leaves=8
num_cat=0
split_feature=11 21 30 6 17 31 23
split_gain=26.7162 23.5661 23.3312 20.6029 20.4206 6.22802 4.79356
threshold=1.9387149810791018 -1.6097868680953977 0.94637885689735424 -0.74871844053268422 1.3245845437049868 0.42374400794506079 1.4207040667533877
decision_type=2 2 2 2 2 2 2
left_child=1 3 -3 -1 5 -2 -6
right_child=4 2 -4 -5 6 -7 -8
leaf_value=-0.00031826830228346629 0.0031200206675798536 6.4142939838222557e-05 -0.00051305113880778042 0.001887935626683123 -0.0017231951237120042 0.0013653826995027277 0.0005466099658997174
leaf_weight=649.16386173665524 461.96308232843876 32021.053463444114 8956.3842190057039 1177.5762053281069 170.56915132701397 414.33145895600319 193.38663639128208
leaf_count=2148 1491 102187 27767 3783 508 1297 568
internal_value=2.97123e-05 -1.19952e-05 -6.1779e-05 0.00109871 0.00147605 0.00230429 -0.000491548
internal_weight=44044.4 42804.2 40977.4 1826.74 1240.25 876.295 363.956
internal_count=139749 135885 129954 5931 3864 2788 1076
is_linear=0
shrinkage=0.01


Tree=387
num_leaves=7
num_cat=0
split_feature=11 22 22 25 20 37
split_gain=26.1884 22.249 47.7555 37.2022 14.1366 8.54426
threshold=1.9387149810791018 0.8453870713710786 -0.058398023247718804 0.84939375519752514 1.4937498569488528 -0.72720858454704274
decision_type=2 2 2 2 2 2
left_child=1 2 -1 -3 5 -2
right_child=4 3 -4 -5 -6 -7
leaf_value=8.2030507585697241e-05 0.0041413834169209398 0.0010967003848757759 -0.00079484186676230713 -0.00026240885422978928 -0.00041342540361261526 0.001593949383836644
leaf_weight=26641.753581225872 167.77537520229816 4301.3448579311371 8092.4399822577834 3768.3407856673002 296.73078647255898 775.74032974243164
leaf_count=85053 533 13768 25419 11645 885 2446
internal_value=2.94186e-05 -1.18727e-05 -0.000121994 0.000460838 0.0014614 0.00206143
internal_weight=44044.1 42803.9 34734.2 8069.69 1240.25 943.516
internal_count=139749 135885 110472 25413 3864 2979
is_linear=0
shrinkage=0.01


Tree=388
num_leaves=8
num_cat=0
split_feature=21 34 30 6 43 30 17
split_gain=24.7213 24.1124 34.0809 20.7767 13.876 13.0756 10.2565
threshold=-1.6097868680953977 1.5625188350677492 0.99354788661003124 -0.74871844053268422 -1.2912977933883665 -1.1365923285484312 0.64701148867607128
decision_type=2 2 2 2 2 2 2
left_child=3 2 -2 5 -3 -1 -5
right_child=1 4 -4 6 -6 -7 -8
leaf_value=-0.0027392979953112856 6.7489519091855102e-05 0.0028318067098558612 -0.00066223874876627121 0.001306503416398176 0.00063843106169036935 0.00052449889720484501 0.0033520758654559495
leaf_weight=161.66682583093643 31803.979781106114 341.04912973940372 8006.8327690511942 853.91086307168007 2023.0118542090058 490.71774558722973 362.76651565730572
leaf_count=524 101393 1110 24803 2746 6371 1635 1167
internal_value=2.91258e-05 -2.0528e-05 -7.90367e-05 0.00115431 0.000960148 -0.000271949 0.00192688
internal_weight=44043.9 42174.9 39810.8 1869.06 2364.06 652.385 1216.68
internal_count=139749 133677 126196 6072 7481 2159 3913
is_linear=0
shrinkage=0.01


Tree=389
num_leaves=7
num_cat=0
split_feature=11 21 22 21 5 3
split_gain=25.6637 22.6415 26.4134 20.1925 13.5242 11.8659
threshold=1.9387149810791018 -1.6097868680953977 0.8453870713710786 1.6926677227020266 2.3110567331314091 -0.59756213426589955
decision_type=2 2 2 2 2 2
left_child=1 4 -3 5 -1 -2
right_child=3 2 -4 -5 -6 -7
leaf_value=0.00074833016688670374 -6.8208913999512707e-05 -0.00018649953358787594 0.0004525853806190103 -0.0015471110923067431 0.0034036098960652707 0.0025237961553385923
leaf_weight=1605.5307560712099 214.12943798303604 32935.381683394313 8041.5056031644344 186.84485101699829 220.97432571649551 839.25447376072407
leaf_count=5217 674 104634 25320 544 714 2646
internal_value=2.88428e-05 -1.20308e-05 -6.08304e-05 0.00144642 0.00107673 0.00198785
internal_weight=44043.6 42803.4 40976.9 1240.23 1826.51 1053.38
internal_count=139749 135885 129954 3864 5931 3320
is_linear=0
shrinkage=0.01


Tree=390
num_leaves=7
num_cat=0
split_feature=11 22 22 17 17 3
split_gain=28.6728 28.2808 53.6043 33.2537 22.2703 12.2577
threshold=1.7511785030364992 0.8453870713710786 -0.064860787242650972 0.32724864780902868 1.6475073099136355 -0.095866050571203218
decision_type=2 2 2 2 2 2
left_child=1 2 -1 -3 5 -2
right_child=4 3 -4 -5 -6 -7
leaf_value=2.2755828345971329e-05 0.00088025687813150593 0.0011490065556330736 -0.00090579389626567041 -0.00014558206716480573 -0.0013508443323802177 0.0026488331097793021
leaf_weight=26115.920600101352 975.704888895154 3747.3036651313305 8150.6605948880315 4190.3716885447502 293.73054820299149 685.19273206591606
leaf_count=83509 3050 12069 25640 12918 858 2138
internal_value=-1.79699e-05 -7.30424e-05 -0.000197837 0.000464389 0.00116547 0.00161704
internal_weight=44158.9 42204.3 34266.6 7937.68 1954.63 1660.9
internal_count=140182 134136 109149 24987 6046 5188
is_linear=0
shrinkage=0.01


Tree=391
num_leaves=8
num_cat=0
split_feature=47 41 32 23 41 43 43
split_gain=21.8033 23.3681 20.8112 20.6286 31.5056 18.2452 7.23107
threshold=-2.1008797883987422 0.24013196676969531 -0.99549213051795948 1.2216883897781374 -1.4560000896453855 1.1417338252067568 1.3291354179382326
decision_type=2 2 2 2 2 2 2
left_child=1 2 -1 5 -5 -2 -3
right_child=3 6 -4 4 -6 -7 -8
leaf_value=-0.0050736259990678779 1.7906392675804031e-05 0.0013181197503264581 -0.0013577198374864947 -0.0043126014589764654 -0.00036880582873157711 0.00062408608198339635 -0.0010981332543809933
leaf_weight=184.50876897573471 30267.109080739319 372.08071456849575 902.19446143507957 209.23157767951488 6095.0749815553427 5947.8993063345551 180.5573379099369
leaf_count=557 97009 1146 2693 646 18828 18774 529
internal_value=-1.77853e-05 -0.00114921 -0.00200191 2.56279e-05 -0.000501944 0.000117755 0.000510064
internal_weight=44158.7 1639.34 1086.7 42519.3 6304.31 36215 552.638
internal_count=140182 4925 3250 135257 19474 115783 1675
is_linear=0
shrinkage=0.01


Tree=392
num_leaves=8
num_cat=0
split_feature=4 42 7 36 6 27 4
split_gain=29.6515 32.4504 33.4093 21.4181 16.9914 13.7999 11.5082
threshold=1.3261910080909731 0.24170785397291186 1.8851803541183474 -0.50097978115081776 -0.13402477651834485 2.274636030197144 2.5893408060073857
decision_type=2 2 2 2 2 2 2
left_child=1 5 -3 6 -5 -1 -2
right_child=3 2 -4 4 -6 -7 -8
leaf_value=0.00029856943006129294 -0.0022557643532054488 -0.00040840389796703607 0.0012500820838840904 -0.0042772934377226981 -0.00095408388810319959 -0.0013495815719985777 0.0010142285307355356
leaf_weight=23974.18878724426 157.63434340059757 17230.344177134335 1303.32543861866 356.0036116540432 287.7649115473032 516.02222760021687 333.19955807179213
leaf_count=77780 492 53139 4056 1146 879 1622 1068
internal_value=-1.76121e-05 2.42571e-05 -0.000291175 -0.00161271 -0.00281111 0.00026338 -1.8069e-05
internal_weight=44158.5 43023.9 18533.7 1134.6 643.769 24490.2 490.834
internal_count=140182 136597 57195 3585 2025 79402 1560
is_linear=0
shrinkage=0.01


Tree=393
num_leaves=8
num_cat=0
split_feature=4 41 11 30 20 11 41
split_gain=29.0669 38.4361 28.7896 27.3341 21.3104 14.6744 10.4811
threshold=1.3261910080909731 -0.4636568278074264 1.7511785030364992 0.67125591635704052 1.3117329478263857 -0.7025780677795409 -0.97812876105308522
decision_type=2 2 2 2 2 2 2
left_child=2 6 3 -1 -4 -3 -2
right_child=1 5 4 -5 -6 -7 -8
leaf_value=0.00013829426201450134 -0.000738434598135798 -0.0053903606022063935 0.0019536855028753773 -0.00042289985593375228 -0.00032495949931418038 -0.0020714425952076741 0.0025957097499747232
leaf_weight=28706.065351992846 171.35197445750237 181.75063186883926 1291.292672380805 12435.249381966889 590.90916155278683 582.78075692802668 198.70567616820335
leaf_count=91940 537 603 4079 38835 1743 1822 623
internal_value=-1.74399e-05 -0.00159675 2.40124e-05 -3.10937e-05 0.00123321 -0.00287952 0.00102708
internal_weight=44158.1 1134.59 43023.5 41141.3 1882.2 764.531 370.058
internal_count=140182 3585 136597 130775 5822 2425 1160
is_linear=0
shrinkage=0.01


Tree=394
num_leaves=8
num_cat=0
split_feature=4 41 7 47 5 7 46
split_gain=28.4934 37.6746 25.2946 23.7554 19.4631 14.7604 4.47638
threshold=1.3261910080909731 -0.4636568278074264 2.7660176753997807 -2.1008797883987422 1.5048164725303652 -0.32320055365562433 0.012739255093038084
decision_type=2 2 2 2 2 2 2
left_child=2 5 3 -1 -3 -2 -4
right_child=1 4 6 -5 -6 -7 -8
leaf_value=-0.0011920793584449835 -0.0011407384946327667 -0.0037219014439209435 0.0014558125372866749 4.888407759930431e-05 1.2502487594470001e-05 0.0028353038282133468 0.0039214938826625341
leaf_weight=1601.7052036076784 166.92444103956223 588.67233310639858 162.15054497122765 41087.772853083909 175.85808584094048 203.13075365126133 171.67695038020611
leaf_count=4812 546 1869 530 130725 556 614 530
internal_value=-1.72688e-05 -0.00158093 2.37704e-05 2.06217e-06 -0.00285095 0.0010166 0.00276163
internal_weight=44157.9 1134.59 43023.3 42689.5 764.53 370.055 333.827
internal_count=140182 3585 136597 135537 2425 1160 1060
is_linear=0
shrinkage=0.01


Tree=395
num_leaves=8
num_cat=0
split_feature=17 23 22 22 41 27 38
split_gain=21.8448 30.825 30.099 46.9473 27.1099 18.3736 12.0153
threshold=-0.43300442397594446 0.29311244189739233 0.8453870713710786 1.0000000180025095e-35 -1.5165977478027342 2.1323368549346928 -1.4848127365112302
decision_type=2 2 2 2 2 2 2
left_child=2 5 3 -1 -3 -2 -4
right_child=1 4 6 -5 -6 -7 -8
leaf_value=-0.00014675800210393774 0.00058874444801052233 -0.002640266359391887 -0.0012346667374038276 -0.0016267331793669211 -5.3506903337992556e-05 -0.0018453319559379989 0.001054549986755753
leaf_weight=11763.35348932445 13954.960664510727 417.95239125192165 252.77340705692768 2625.7233956828713 12686.572600863874 314.32738099992275 2091.7178354412317
leaf_count=38126 44573 1272 791 8364 39094 983 6803
internal_value=3.83975e-05 0.000212589 -0.000245954 -0.000417614 -0.000136967 0.0005343 0.000803051
internal_weight=44107.4 27373.8 16733.6 14389.1 13104.5 14269.3 2344.49
internal_count=140006 85922 54084 46490 40366 45556 7594
is_linear=0
shrinkage=0.01


Tree=396
num_leaves=8
num_cat=0
split_feature=30 30 28 35 42 6 27
split_gain=22.721 27.5724 18.6198 17.0678 21.1564 14.5331 13.2198
threshold=0.47713427245616918 -1.0257100462913511 -1.9493754506111143 1.432577431201935 0.83993336558341991 -1.4366480708122251 1.3425049781799319
decision_type=2 2 2 2 2 2 2
left_child=1 2 -1 4 -2 -3 -5
right_child=3 5 -4 6 -6 -7 -8
leaf_value=0.0018574998461756277 -0.00012457047897331539 -0.00046579017109178505 -0.000358655723712832 0.00021526783898607459 -0.0009663599209826999 0.00050595940122898759 0.0023659309662849015
leaf_weight=395.13274866342545 10101.706855855882 1674.744260430336 8297.7958708032966 1384.4136406332254 4258.8210211768746 17630.631948575377 363.84122337400913
leaf_count=1284 31993 5424 26416 4329 12907 56558 1095
internal_value=3.80011e-05 0.000210353 -0.000256569 -0.000260934 -0.000374961 0.000421122 0.00066967
internal_weight=44107.1 27998.3 8692.93 16108.8 14360.5 19305.4 1748.25
internal_count=140006 89682 27700 50324 44900 61982 5424
is_linear=0
shrinkage=0.01


Tree=397
num_leaves=8
num_cat=0
split_feature=5 5 21 46 2 6 39
split_gain=19.6954 26.2162 51.0263 21.1895 11.2422 15.5984 12.0541
threshold=-2.313540935516357 -0.16468615084886548 0.23732145130634311 -1.7573149204254148 1.9403849840164187 -0.78295105695724476 1.1107431650161745
decision_type=2 2 2 2 2 2 2
left_child=4 3 -3 -2 6 -6 -1
right_child=1 2 -4 -5 5 -7 -8
leaf_value=-0.0035580453275271557 -0.0030942410249682507 0.00018937205877688238 -0.00079193651191971064 0.00041408886494322339 0.0022431046641151102 -0.00084047161820079163 -6.4524525558296272e-05
leaf_weight=281.60114648938179 172.24729569256306 16400.173082411289 7821.1517129763961 17510.075725525618 180.71785224974155 1579.8721619844437 160.9867065474391
leaf_count=897 547 53009 24802 55002 562 4695 492
internal_value=3.76197e-05 8.62995e-05 -0.000127103 0.000379175 -0.000883334 -0.000517184 -0.00231287
internal_weight=44106.8 41903.6 24221.3 17682.3 2203.18 1760.59 442.588
internal_count=140006 133360 77811 55549 6646 5257 1389
is_linear=0
shrinkage=0.01


Tree=398
num_leaves=8
num_cat=0
split_feature=8 9 40 34 3 2 25
split_gain=23.226 26.6521 26.5168 21.2613 17.9017 44.023 17.3267
threshold=-0.088856730610132204 1.8301765322685244 1.1504898071289065 1.6792962551116946 0.53547435998916637 0.53808230161666881 0.54095360636711132
decision_type=2 2 2 2 2 2 2
left_child=4 3 -3 -2 6 -6 -1
right_child=1 2 -4 -5 5 -7 -8
leaf_value=0.00058265744183092264 -0.00037407673039730827 0.0011536707953903023 -0.0014906565671132933 0.0012723413310801752 -0.0019441757587227617 0.00086163752001997495 -7.4540638605614883e-05
leaf_weight=12962.798083171248 19510.943392135203 2368.9561596736312 447.60478357970715 813.77353946119547 1138.4833205416799 1091.6593519598246 5772.2210303470492
leaf_count=42512 60428 7504 1358 2503 3767 3443 18491
internal_value=3.72358e-05 -0.000180918 0.000729508 -0.000307605 0.000278508 -0.000566472 0.000379649
internal_weight=44106.4 23141.3 2816.56 20324.7 20965.2 2230.14 18735
internal_count=140006 71793 8862 62931 68213 7210 61003
is_linear=0
shrinkage=0.01


Tree=399
num_leaves=8
num_cat=0
split_feature=9 9 7 26 9 7 47
split_gain=22.6282 29.2511 25.6525 24.8519 22.801 30.3614 22.5102
threshold=0.22937165945768359 1.8301765322685244 2.3361550569534306 1.3194834589958193 -1.4568008184432981 -1.544792592525482 0.04496812820434571
decision_type=2 2 2 2 2 2 2
left_child=4 2 -2 -3 5 -1 -6
right_child=1 3 -4 -5 6 -7 -8
leaf_value=0.0013127380127006777 -0.00043981977845281543 0.001053966884637308 0.0029456682149943633 -0.001620941635046553 0.0007224347658928848 -0.00079778432125232623 5.8826359985974632e-05
leaf_weight=832.17456121742725 15842.630098238587 2558.4090330004692 225.33123789727688 398.37100370228291 9810.3237455189228 3692.5736186876893 10746.122795268893
leaf_count=2623 49367 8096 729 1214 31307 11731 34939
internal_value=3.68616e-05 -0.000222933 -0.00039154 0.000689766 0.000234322 -0.000407211 0.000376032
internal_weight=44105.9 19024.7 16068 2956.78 25081.2 4524.75 20556.4
internal_count=140006 59406 50096 9310 80600 14354 66246
is_linear=0
shrinkage=0.01


Tree=400
num_leaves=7
num_cat=0
split_feature=31 21 15 13 38 41
split_gain=26.0615 22.0014 24.2208 17.5287 9.09832 15.0176
threshold=-1.8055389523506162 1.4228893518447878 0.14846361428499225 -1.4552099108695982 0.63918268680572521 0.13913410156965259
decision_type=2 2 2 2 2 2
left_child=4 2 -2 -3 5 -1
right_child=1 3 -4 -5 -6 -7
leaf_value=-0.0024635891434021378 0.00019944628410880757 0.0019505782198429823 -0.00054358092476080352 -0.00085802630208427211 -0.0035108654668373068 0.0011033964795607281
leaf_weight=300.43336935341358 34422.782170273364 233.76561759412289 5021.9388067126274 3636.1786940172315 234.92980961501598 188.70499017834663
leaf_count=912 109697 731 16147 11013 725 576
internal_value=2.0629e-06 3.37627e-05 0.000104582 -0.000685328 -0.0018779 -0.00106763
internal_weight=44038.7 43314.7 39444.7 3869.94 724.068 489.138
internal_count=139801 137588 125844 11744 2213 1488
is_linear=0
shrinkage=0.01


Tree=401
num_leaves=8
num_cat=0
split_feature=0 29 33 14 15 14 40
split_gain=27.1766 33.2787 43.4057 28.9238 27.4235 26.0093 15.5952
threshold=0.2905374020338059 0.12228367477655412 0.44567200541496282 -0.33869375288486475 0.14846361428499225 -0.50468257069587696 0.24541030824184421
decision_type=2 2 2 2 2 2 2
left_child=3 6 -3 5 -5 -1 -2
right_child=1 2 -4 4 -6 -7 -8
leaf_value=0.00033112478774198712 -0.0014424750740800049 0.0015639618133376255 -0.00022588727146289763 0.00067147916043716073 -0.00043760956165701136 -0.00071118974435735297 -0.00033381593046409629
leaf_weight=4547.4057724401355 2960.0014328062534 1525.7606173306704 12025.433502972126 12995.104523487389 2678.9171196743846 5035.9086683690548 2269.8829755708575
leaf_count=14598 9483 4743 37376 41728 8681 16175 7017
internal_value=2.03675e-06 -0.000285807 -2.35256e-05 0.000216473 0.000481266 -0.000215572 -0.000963361
internal_weight=44038.4 18781.1 13551.2 25257.3 15674 9583.31 5229.88
internal_count=139801 58619 42119 81182 50409 30773 16500
is_linear=0
shrinkage=0.01


Tree=402
num_leaves=7
num_cat=0
split_feature=31 20 12 30 47 41
split_gain=25.5348 25.7418 24.8744 19.2899 10.9883 9.82505
threshold=-1.8055389523506162 1.2837968468666079 1.4085164070129397 0.99354788661003124 0.58872240781784069 0.13913410156965259
decision_type=2 2 2 2 2 2
left_child=4 3 -3 -2 5 -1
right_child=1 2 -4 -5 -6 -7
leaf_value=-0.0021050092829492054 0.00024467674348256402 -0.00030511082874158473 -0.0021409852879431218 -0.00033960997624190507 -0.0036059480469151431 0.00078778490817944639
leaf_weight=293.0218411386013 30022.259895533323 5488.2710367888212 856.16497507691383 6947.4169659540057 242.50698427855968 188.46748323738575
leaf_count=886 96426 16861 2546 21755 753 574
internal_value=2.00947e-06 3.33885e-05 -0.000554732 0.0001346 -0.00185895 -0.000952682
internal_weight=44038.1 43314.1 6344.44 36969.7 723.996 481.489
internal_count=139801 137588 19407 118181 2213 1460
is_linear=0
shrinkage=0.01


Tree=403
num_leaves=8
num_cat=0
split_feature=0 29 30 41 40 29 25
split_gain=26.5027 32.7219 36.753 28.6638 31.2868 22.0253 20.1024
threshold=0.2905374020338059 0.12228367477655412 0.87273854017257702 -1.3570759296417234 -0.13955871015787122 1.4737793207168581 0.29256579279899603
decision_type=2 2 2 2 2 2 2
left_child=3 6 -3 4 -1 -5 -2
right_child=1 2 -4 5 -6 -7 -8
leaf_value=0.00044034844251331258 -0.001489415821081313 0.00033512612566322748 -0.00078022365116202559 0.00032755401517281063 -0.0026689600914267158 -0.0023378695387236666 -0.00022991890361791025
leaf_weight=592.63020312786102 2998.6336116194725 9201.10433267802 4349.7042306959629 23653.025242872536 698.97097927331924 312.30415411293507 2231.198851570487
leaf_count=1932 9585 28716 13403 76052 2197 1001 6915
internal_value=1.97856e-06 -0.000282275 -2.21857e-05 0.000213743 -0.00123533 0.000292306 -0.000954136
internal_weight=44037.6 18780.6 13550.8 25256.9 1291.6 23965.3 5229.83
internal_count=139801 58619 42119 81182 4129 77053 16500
is_linear=0
shrinkage=0.01


Tree=404
num_leaves=8
num_cat=0
split_feature=20 30 17 17 14 7 42
split_gain=24.6396 21.2711 27.4883 20.0702 16.773 16.4271 13.7674
threshold=1.2837968468666079 0.56783071160316478 -0.087283696979284273 -0.72311905026435841 -1.3180650472640989 -0.3117439448833465 -0.55982616543769825
decision_type=2 2 2 2 2 2 2
left_child=1 2 -1 6 -5 -3 -2
right_child=3 5 -4 4 -6 -7 -8
leaf_value=-1.0665914396741907e-05 -0.00030963647063395055 0.00028080339632242143 0.00065649080869152263 0.0022833613203527533 -0.00051529630058165304 -0.00050031993352184212 -0.0039089467018079459
leaf_weight=14890.729830473661 177.76423558592796 3995.5462689846754 10516.443222872913 220.28911827504635 5771.2676164358854 8175.2855941206217 289.83585506677628
leaf_count=48437 590 12940 33369 676 17580 25303 906
internal_value=1.95051e-06 0.000100249 0.000265103 -0.000568308 -0.000410367 -0.000243062 -0.00256554
internal_weight=44037.2 37578 25407.2 6459.16 5991.56 12170.8 467.6
internal_count=139801 120049 81806 19752 18256 38243 1496
is_linear=0
shrinkage=0.01


Tree=405
num_leaves=8
num_cat=0
split_feature=17 21 20 28 42 37 36
split_gain=28.6869 28.4289 26.391 24.1977 18.7071 25.1863 15.9723
threshold=-0.73696643114089955 -0.5063972771167754 0.11298160627484323 0.13351484388113025 -0.2608176320791244 -1.6777297258377073 -0.36120493710041041
decision_type=2 2 2 2 2 2 2
left_child=4 2 -2 -3 6 -6 -1
right_child=1 3 -4 -5 5 -7 -8
leaf_value=0.00061777014697443351 0.00022941566316792071 -0.00043038471470579104 0.0013422488165825139 0.00024039727049882911 -0.0033060991424270648 -0.00062658414016170398 -0.00044759628774549391
leaf_weight=2420.5071815475821 6480.1605391576886 9556.0054861828685 3196.1600413769484 12285.107902377844 372.74755117297173 6370.5046422109008 3358.664060652256
leaf_count=8036 20977 30265 10267 37886 1160 20219 11053
internal_value=-1.3786e-05 0.000146854 0.000598127 -5.26342e-05 -0.000418877 -0.000776651 0
internal_weight=44039.9 31517.4 9676.32 21841.1 12522.4 6743.25 5779.17
internal_count=139863 99395 31244 68151 40468 21379 19089
is_linear=0
shrinkage=0.01


Tree=406
num_leaves=8
num_cat=0
split_feature=31 6 21 28 28 32 15
split_gain=19.9135 19.3071 20.3638 19.675 15.954 8.27268 3.83067
threshold=-1.8055389523506162 -1.9565378427505491 -0.17539674788713452 -1.3075767159461973 -0.18708040565252301 1.6549804210662844 -0.29251335561275477
decision_type=2 2 2 2 2 2 2
left_child=4 3 -3 -2 6 -6 -1
right_child=1 2 -4 -5 5 -7 -8
leaf_value=-0.0042142857548734189 -0.0037109730516818144 0.00029718655488676654 -0.00014536137445121767 -0.00050861186317917913 -0.0016860360120347947 0.0012723537102990489 -0.0019268484673355339
leaf_weight=187.81221085786819 261.92715321481228 18363.081039316952 23942.61566644907 748.67176061868668 188.75177597999573 185.49733859300613 161.29882942140102
leaf_count=583 832 59426 75070 2332 546 564 510
internal_value=-1.36464e-05 1.36221e-05 4.64957e-05 -0.00135133 -0.00165811 -0.000193572 -0.00319451
internal_weight=44039.7 43316.3 42305.7 1010.6 723.36 374.249 349.111
internal_count=139863 137660 134496 3164 2203 1110 1093
is_linear=0
shrinkage=0.01


Tree=407
num_leaves=8
num_cat=0
split_feature=17 46 5 46 24 25 5
split_gain=28.1352 24.2297 22.1453 21.8432 20.5205 13.7495 7.22169
threshold=-0.73696643114089955 1.118810296058655 -0.16468615084886548 1.5915461778640749 0.34713865816593176 0.44515755772590643 0.10256531089544298
decision_type=2 2 2 2 2 2 2
left_child=1 2 -1 4 -2 -5 -3
right_child=3 6 -4 5 -6 -7 -8
leaf_value=0.00018813676372760575 0.00045282313090912429 -0.001419849350140465 -0.00068289813398883991 -0.0018125821108376883 -7.5875741921612119e-05 -0.00011166360793717478 -0.0038487506421777434
leaf_weight=4973.1956054419279 16197.017606310546 302.67610055208206 7014.338992677629 871.75700487196445 13374.843145355582 1073.434668302536 232.14141058921814
leaf_count=15965 51880 949 22821 2708 41523 3284 733
internal_value=-1.35193e-05 -0.000414698 -0.000320717 0.000145568 0.000213369 -0.000879625 -0.00249801
internal_weight=44039.4 12522.4 11987.5 31517.1 29571.9 1945.19 534.818
internal_count=139863 40468 38786 99395 93403 5992 1682
is_linear=0
shrinkage=0.01


Tree=408
num_leaves=8
num_cat=0
split_feature=38 15 15 4 31 9 27
split_gain=19.7737 55.2706 43.3485 32.0078 26.9996 15.403 13.9292
threshold=0.012652235571295025 -0.45178844034671778 -0.86564064025878895 -1.8450828790664671 -1.7722308635711668 1.963046729564667 -1.4634178280830381
decision_type=2 2 2 2 2 2 2
left_child=1 5 6 -3 -4 -1 -2
right_child=2 3 4 -5 -6 -7 -8
leaf_value=-0.00086997775726852346 0.0044504535923057436 0.0018624541779166471 -0.0026038472122655765 0.00034678722168215526 -0.00025217873064193485 0.0014008452056069284 0.0012751499843750625
leaf_weight=4567.1311499848962 171.96999402344227 1546.2955596446991 499.62689388543367 14457.513458415866 21684.042000949383 315.51231925189495 796.90228931605816
leaf_count=14422 529 4915 1526 45623 69392 998 2458
internal_value=-1.33927e-05 0.000209456 -0.000214862 0.000493964 -0.000305709 -0.000720935 0.00185307
internal_weight=44039 20886.5 23152.5 16003.8 22183.7 4882.64 968.872
internal_count=139863 65958 73905 50538 70918 15420 2987
is_linear=0
shrinkage=0.01


Tree=409
num_leaves=8
num_cat=0
split_feature=30 28 30 21 4 30 14
split_gain=18.3607 24.7601 22.6052 20.6034 19.6517 16.1676 13.4165
threshold=0.99354788661003124 0.20395833253860476 1.8354021906852724 -0.17539674788713452 -3.273224830627441 -1.2817769050598142 -0.3137585967779159
decision_type=2 2 2 2 2 2 2
left_child=1 3 4 -1 -2 -3 -4
right_child=2 5 6 -5 -6 -7 -8
leaf_value=0.00013448235962944702 0.0019232077646444104 -0.00042087464411213012 -0.00032048917118649665 -0.00049714722381928621 -0.00065682217067196066 0.00056162558475994289 0.0025111232233894854
leaf_weight=12646.622316785157 303.76846919953823 1940.2749148532748 277.66562977433205 8709.846444144845 7998.8846764266491 11762.931975103915 398.7874982431531
leaf_count=41155 942 6082 887 27819 24834 36850 1294
internal_value=-1.32508e-05 8.985e-05 -0.000416895 -0.000122659 -0.000561002 0.00042176 0.0013353
internal_weight=44038.8 35059.7 8979.11 21356.5 8302.65 13703.2 676.453
internal_count=139863 111906 27957 68974 25776 42932 2181
is_linear=0
shrinkage=0.01


Tree=410
num_leaves=8
num_cat=0
split_feature=42 15 7 22 22 22 6
split_gain=23.8583 35.931 32.5311 21.9649 18.6939 52.6062 22.194
threshold=0.10539993271231653 -0.22397106885910031 1.414540767669678 0.37010712921619421 0.8453870713710786 -0.094552963972091661 -0.64181897044181813
decision_type=2 2 2 2 2 2 2
left_child=4 2 -2 -3 5 -1 -6
right_child=1 3 -4 -5 6 -7 -8
leaf_value=0.00033726958595245801 -0.00089571302892596971 -3.9914564023522844e-05 0.0004683882369263662 0.0012672011139965426 0.0016358949620784602 -0.00088199165109613994 0.00021542986703666718
leaf_weight=14068.460375368595 9729.5378812551498 7010.2880839556456 2120.1064936891198 1569.7853192538023 1730.9508293941617 4726.0905081182718 3070.254055544734
leaf_count=45945 29920 21927 6515 4798 5681 15209 9800
internal_value=-4.33999e-05 -0.000293755 -0.000650789 0.000198186 0.000172942 3.01107e-05 0.000729858
internal_weight=44025.5 20429.7 11849.6 8580.07 23595.8 18794.6 4801.2
internal_count=139795 63160 36435 26725 76635 61154 15481
is_linear=0
shrinkage=0.01


Tree=411
num_leaves=6
num_cat=0
split_feature=21 7 16 28 7
split_gain=18.8354 20.112 20.6888 17.619 13.9605
threshold=1.5553131699562075 2.7660176753997807 -0.68535977602004994 2.363701701164246 -1.0456475019454954
decision_type=2 2 2 2 2
left_child=1 2 -1 4 -2
right_child=3 -3 -4 -5 -6
leaf_value=-0.0003522351034088106 0.00095963570004000884 0.0026249038158418746 0.00013648932110854478 0.002180094571418351 -0.0013882112629254833
leaf_weight=12383.786884129047 282.21197687089443 290.66398710012436 28803.308555722237 172.54999093711376 2092.4602923765779
leaf_count=39589 860 942 91564 516 6324
internal_value=-4.29591e-05 8.06952e-06 -1.02184e-05 -0.000877486 -0.00110469
internal_weight=44025 41477.8 41187.1 2547.22 2374.67
internal_count=139795 132095 131153 7700 7184
is_linear=0
shrinkage=0.01


Tree=412
num_leaves=8
num_cat=0
split_feature=31 31 30 17 30 33 17
split_gain=22.2428 24.2358 27.2747 26.6663 23.6858 14.0093 7.95385
threshold=1.3181624412536623 0.4109558910131455 1.7733222246170046 -0.41900473833084101 0.83561998605728161 0.81631252169609081 1.7956280112266543
decision_type=2 2 2 2 2 2 2
left_child=1 2 -1 -3 5 -2 -6
right_child=4 3 -4 -5 6 -7 -8
leaf_value=1.393287105883132e-05 0.0015689158002229278 -0.0010852045960713793 0.0023099793831815483 -0.00013923404951551803 -0.00019463890603623144 -1.0896766955672952e-06 -0.002567785668014755
leaf_weight=26205.194189466536 2112.3458603844047 4534.9259021878242 527.0226997807622 8776.3614697605371 940.84036715328693 760.0340436398983 167.98244440555573
leaf_count=84123 6748 14417 1697 26989 2915 2396 510
internal_value=-4.2522e-05 -0.000113615 5.9658e-05 -0.000462318 0.000669881 0.00115016 -0.000565162
internal_weight=44024.7 40043.5 26732.2 13311.3 3981.2 2872.38 1108.82
internal_count=139795 127226 85820 41406 12569 9144 3425
is_linear=0
shrinkage=0.01


Tree=413
num_leaves=8
num_cat=0
split_feature=20 31 31 43 34 31 21
split_gain=24.9101 19.7624 20.9209 14.7361 13.5167 15.5251 13.5693
threshold=1.2415230870246889 1.3181624412536623 0.4109558910131455 -1.5576844811439512 1.6035283803939822 -0.25185894966125483 0.2235960587859154
decision_type=2 2 2 2 2 2 2
left_child=1 2 -1 -3 6 -6 -2
right_child=4 3 -4 -5 5 -7 -8
leaf_value=0.00016320726496492154 0.0002132824337298479 -0.0015838964005233114 -0.00036836313711829732 0.0010738936102950628 0.002901068386033932 -0.00028462241977690112 -0.00096001239602297298
leaf_weight=23323.987827599049 1204.2131435796618 222.87520776689053 10845.138641230762 2622.7378705218434 222.88132105767727 468.34632706642151 5114.4686639159918
leaf_count=75240 3826 722 33995 8388 703 1437 15484
internal_value=-4.20992e-05 6.11769e-05 -5.22416e-06 0.000861733 -0.00058879 0.000730841 -0.000734825
internal_weight=44024.6 37014.7 34169.1 2845.61 7009.91 691.228 6318.68
internal_count=139795 118345 109235 9110 21450 2140 19310
is_linear=0
shrinkage=0.01


Tree=414
num_leaves=8
num_cat=0
split_feature=20 17 0 17 46 6 31
split_gain=24.4142 23.0928 22.8212 25.7434 17.9552 17.2843 7.11787
threshold=1.2415230870246889 -0.54095658659934986 1.3561914563179018 -0.39016844332218165 -0.80283358693122853 -0.88621354103088368 -0.9752250313758849
decision_type=2 2 2 2 2 2 2
left_child=2 6 3 -1 -4 -3 -2
right_child=1 5 4 -5 -6 -7 -8
leaf_value=-0.00016673707895348031 -0.0041469721440498784 0.0021231751062902597 -0.0026424749011835103 0.00038159344407757132 -0.00045175960105992003 -0.00049468256608161375 -0.0017008427088338282
leaf_weight=15849.66645206511 162.32108891010284 261.05568891763687 458.29856529831886 18579.005251094699 2127.7238534763455 6009.6421059668064 576.53777006268501
leaf_count=51321 495 799 1417 59030 6577 18310 1846
internal_value=-4.16761e-05 -0.000582915 6.05624e-05 0.000128875 -0.000844738 -0.000383783 -0.00225663
internal_weight=44024.3 7009.56 37014.7 34428.7 2586.02 6270.7 738.859
internal_count=139795 21450 118345 110351 7994 19109 2341
is_linear=0
shrinkage=0.01


Tree=415
num_leaves=8
num_cat=0
split_feature=21 11 5 6 47 37 37
split_gain=30.4669 27.5606 26.1682 16.2134 17.6862 11.7363 7.99794
threshold=1.5553131699562075 2.0014542341232304 1.8768593072891238 -0.59837427735328663 0.24911986291408542 -0.48963125050067896 -0.55521252751350392
decision_type=2 2 2 2 2 2 2
left_child=1 2 -1 6 -5 -3 -2
right_child=3 5 -4 4 -6 -7 -8
leaf_value=-1.2031910123788835e-05 0.0025023291161699458 0.0041637876713449167 0.0010613461085701925 -0.00062216432651940009 -0.0024660205847479555 0.0012378763997863984 -0.00033812911136590624
leaf_weight=38357.852469198406 164.25027361512184 182.69835712015629 2412.214254334569 1318.9792614877224 881.17363812029362 624.14199225604534 234.91077350080013
leaf_count=122015 507 578 7798 3944 2641 1965 745
internal_value=2.1855e-05 8.77498e-05 5.12551e-05 -0.00102794 -0.00136597 0.00191712 0.00080903
internal_weight=44176.2 41576.9 40770.1 2599.31 2200.15 806.84 399.161
internal_count=140193 132356 129813 7837 6585 2543 1252
is_linear=0
shrinkage=0.01


Tree=416
num_leaves=8
num_cat=0
split_feature=33 3 3 3 33 1 28
split_gain=28.0314 26.669 30.4183 20.8001 10.7001 10.0453 4.82939
threshold=1.5542361140251162 1.7444621920585635 0.53547435998916637 3.9067710638046269 1.8217318058013918 0.26004876196384435 0.43174859881401068
decision_type=2 2 2 2 2 2 2
left_child=1 2 -1 -3 5 -2 -6
right_child=4 3 -4 -5 6 -7 -8
leaf_value=0.00011090720016916597 -0.0016236893929679212 0.0023204456551271387 -0.00091474837504455938 0 -0.0037811946559890494 -0.00015140183226441695 -0.0013505102331426559
leaf_weight=37129.173910349607 783.36995409429073 924.77474516630173 3134.068855702877 664.27516444027424 186.66160889714956 1175.0069381445646 178.43989688158035
leaf_count=118161 2378 2787 10125 1971 575 3667 529
internal_value=2.16356e-05 8.12203e-05 3.08016e-05 0.00135161 -0.00104692 -0.000745963 -0.00262747
internal_weight=44175.8 41852.3 40263.2 1589.05 2323.48 1958.38 365.102
internal_count=140193 133044 128286 4758 7149 6045 1104
is_linear=0
shrinkage=0.01


Tree=417
num_leaves=8
num_cat=0
split_feature=21 22 22 7 47 34 34
split_gain=29.7456 23.408 47.6896 20.2557 11.5453 17.4969 15.0689
threshold=1.5553131699562075 1.1184026002883913 -0.1060761585831642 -0.15869414061307904 0.29304088652133947 -0.5448777675628661 1.3974611163139345
decision_type=2 2 2 2 2 2 2
left_child=1 2 -1 -3 6 -6 -2
right_child=4 3 -4 -5 5 -7 -8
leaf_value=0.00020978824925395369 -0.0010020073144958543 0.0011755625768748407 -0.0006200208519894859 0.000103101402467757 0.0002732172209095267 -0.0026279229621670418 0.001329587224406322
leaf_weight=24868.747211001813 1208.9647642076015 3343.8061562553048 9596.6758373454213 3767.3986446484923 278.07460896670818 756.08283504843712 355.73455590009689
leaf_count=79609 3633 10836 30372 11539 827 2289 1088
internal_value=2.14093e-05 8.65171e-05 -2.09879e-05 0.000608891 -0.00101598 -0.00183866 -0.000465021
internal_weight=44175.5 41576.6 34465.4 7111.2 2598.86 1034.16 1564.7
internal_count=140193 132356 109981 22375 7837 3116 4721
is_linear=0
shrinkage=0.01


Tree=418
num_leaves=8
num_cat=0
split_feature=0 5 46 31 4 11 29
split_gain=25.965 33.2913 28.7942 26.6404 21.6709 20.2695 16.5244
threshold=0.48019903898239141 -0.23189226537942884 0.64195588231086742 0.16378755122423175 -1.5613003969192503 -0.027558264322578904 1.7392373681068423
decision_type=2 2 2 2 2 2 2
left_child=2 3 4 -2 -1 -4 -3
right_child=1 6 5 -5 -6 -7 -8
leaf_value=0.0012098987577587191 0.00070081985803570085 -0.00067910767144049172 0.00015057784070211878 -0.00041925587530764483 0.00025326653917113497 -0.0010433642208487138 -0.0033797132764284733
leaf_weight=2706.8202461972833 4244.696243442595 7676.3688399940729 2915.3520564809442 4238.2858403399587 19407.151523128152 2751.5534319728613 234.75817681849003
leaf_count=8714 13067 24248 9437 12853 62651 8493 730
internal_value=2.11973e-05 -0.000294138 0.000207648 0.000140043 0.000370863 -0.000427456 -0.000760928
internal_weight=44175 16394.1 27780.9 8482.98 22114 5666.91 7911.13
internal_count=140193 50898 89295 25920 71365 17930 24978
is_linear=0
shrinkage=0.01


Tree=419
num_leaves=8
num_cat=0
split_feature=21 29 4 6 29 37 43
split_gain=29.0407 21.278 20.3681 15.86 10.6962 7.82419 5.4211
threshold=1.5553131699562075 1.7392373681068423 1.3261910080909731 -0.59837427735328663 -0.91128212213516224 -0.55521252751350392 -0.55358082056045521
decision_type=2 2 2 2 2 2 2
left_child=1 2 -1 5 -5 -2 -3
right_child=3 6 -4 4 -6 -7 -8
leaf_value=0.0001460507316792328 0.0024872923617607263 -0.00065524967807401816 -0.0012273757389853991 -0.0032804272352639293 -0.001077228460311945 -0.00032145069333454487 -0.0030290432725578282
leaf_weight=40034.258990310133 164.24612891674042 172.3282231092453 1107.50768969208 254.99683219194412 1944.340639308095 234.89628900587559 261.77820375561714
leaf_count=127486 507 548 3511 767 5818 745 811
internal_value=2.09826e-05 8.53139e-05 0.000108807 -0.00100411 -0.00133859 0.000812677 -0.00211337
internal_weight=44174.4 41575.9 41141.8 2598.48 2199.34 399.142 434.106
internal_count=140193 132356 130997 7837 6585 1252 1359
is_linear=0
shrinkage=0.01


Tree=420
num_leaves=8
num_cat=0
split_feature=22 22 45 22 38 26 12
split_gain=21.1318 49.6196 35.1687 23.7901 16.6502 13.7816 13.7813
threshold=-0.18934438377618787 0.8453870713710786 1.020364046096802 -1.2907944917678831 -1.548195958137512 1.514889180660248 -0.56916236877441395
decision_type=2 2 2 2 2 2 2
left_child=3 2 -2 6 -3 -5 -1
right_child=1 4 -4 5 -6 -7 -8
leaf_value=0.00062553599747694802 -0.00085880901335879008 -0.0008308112964724528 0.00041963556947602977 0.00044045570453562458 0.00058728230211933081 -0.00057201039834494803 -0.0012953933733805207
leaf_weight=498.87379428744316 9440.730748616159 924.61034165322781 2774.5621280148625 20186.303471498191 7485.9984625652432 1431.159030072391 1413.6478400155902
leaf_count=1617 29976 2789 8538 64713 23658 4434 4488
internal_value=7.30718e-05 -0.000160273 -0.000567596 0.000278041 0.000430117 0.000372941 -0.000789035
internal_weight=44155.9 20625.9 12215.3 23530 8410.61 21617.5 1912.52
internal_count=140213 64961 38514 75252 26447 69147 6105
is_linear=0
shrinkage=0.01


Tree=421
num_leaves=8
num_cat=0
split_feature=11 3 22 22 3 4 46
split_gain=23.1948 27.1395 21.7098 70.4929 27.5813 15.1865 13.1265
threshold=1.5646716952323916 -0.34590905904769892 -0.094552963972091661 0.8453870713710786 -0.53196364641189564 -0.58895480632781971 1.1056466698646548
decision_type=2 2 2 2 2 2 2
left_child=2 5 4 -4 -1 -2 -3
right_child=1 6 3 -5 -6 -7 -8
leaf_value=-0.00034069970594148861 -0.0022813130321480512 0.0021286468843200426 -0.00088170503916097957 0.00042822326401833924 0.00040583492649219128 0.00036896165221630452 3.9655947767590835e-05
leaf_weight=6840.6334928050637 280.64563488960266 1433.6036576628685 8806.6145624369383 7687.5832549631596 17796.836219489574 916.75718203186989 393.07808744162321
leaf_count=22070 864 4455 27735 24243 56806 2869 1171
internal_value=7.23387e-05 0.000917491 9.93743e-06 -0.000270581 0.000198147 -0.000245247 0.00168486
internal_weight=44155.8 3024.08 41131.7 16494.2 24637.5 1197.4 1826.68
internal_count=140213 9359 130854 51978 78876 3733 5626
is_linear=0
shrinkage=0.01


Tree=422
num_leaves=8
num_cat=0
split_feature=21 31 31 7 33 7 5
split_gain=21.1364 21.4637 25.5136 19.4391 17.4815 13.5963 11.5082
threshold=-1.6097868680953977 1.4457264542579653 0.16378755122423175 -0.53332570195198048 -1.3493408560752866 0.098149664700031294 0.52250099182128917
decision_type=2 2 2 2 2 2 2
left_child=3 2 -2 6 -3 -5 -1
right_child=1 4 -4 5 -6 -7 -8
leaf_value=-0.0017896487541759706 0.00018920162927306896 0.0036418387171339435 -0.00032266889866142459 0.0034236527007670391 0.00064970871328356625 0.0011136019753524714 0.00083008580899494855
leaf_weight=277.74043723940849 22418.032656341791 213.68507336080074 17205.916146717966 392.03956612944603 2442.636238053441 789.54676464945078 416.03778737783432
leaf_count=926 71910 689 53787 1261 7732 2532 1376
internal_value=7.16177e-05 2.5285e-05 -3.28182e-05 0.00111029 0.000895451 0.00189076 -0.000205347
internal_weight=44155.6 42280.3 39623.9 1875.36 2656.32 1181.59 693.778
internal_count=140213 134118 125697 6095 8421 3793 2302
is_linear=0
shrinkage=0.01


Tree=423
num_leaves=8
num_cat=0
split_feature=11 3 22 22 3 19 31
split_gain=22.715 26.5883 21.2183 69.1171 27.0225 15.0713 11.8392
threshold=1.5646716952323916 -0.34590905904769892 -0.094552963972091661 0.8453870713710786 -0.53196364641189564 1.6694748997688296 -1.2609184980392454
decision_type=2 2 2 2 2 2 2
left_child=2 5 4 -4 -1 -2 -3
right_child=1 6 3 -5 -6 -7 -8
leaf_value=-0.0003381280970351265 0.00024825525183926891 -0.00059671831248458865 -0.00087330887913692715 0.00042377071734671639 0.0004008047171960205 -0.0027570504067841355 0.0019494391283909009
leaf_weight=6840.6197065487504 998.86606207489967 198.71300485730171 8806.5019847378135 7687.6090304479003 17796.642511159182 198.5165708065033 1627.9848723113537
leaf_count=22070 3141 599 27735 24243 56806 592 5027
internal_value=7.09104e-05 0.000907275 9.15515e-06 -0.000268168 0.000195226 -0.000243541 0.00166682
internal_weight=44155.5 3024.08 41131.4 16494.1 24637.3 1197.38 1826.7
internal_count=140213 9359 130854 51978 78876 3733 5626
is_linear=0
shrinkage=0.01


Tree=424
num_leaves=7
num_cat=0
split_feature=29 11 3 21 21 39
split_gain=22.9404 21.1262 26.3617 19.4154 9.59236 28.5875
threshold=1.6974222064018252 1.5646716952323916 -0.34590905904769892 1.4083482027053835 -0.20297812670469281 0.5996128022670747
decision_type=2 2 2 2 2 2
left_child=1 3 -3 -1 -2 -6
right_child=4 2 -4 -5 5 -7
leaf_value=0.00010402047767630226 0.00010118750745110348 -0.0002311901237127775 0.0016855395800590058 -0.00070705725679121414 -0.0050732282453647736 -0.00027285206776145446
leaf_weight=37278.04921515286 199.07895863056183 1188.6198179647326 1777.3239175677299 3202.6874479949474 227.30171069502831 282.29029202461243
leaf_count=119048 633 3706 5479 9775 721 851
internal_value=7.01988e-05 9.9545e-05 0.000914209 3.95881e-05 -0.00171245 -0.00243937
internal_weight=44155.4 43446.7 2965.94 40480.7 708.671 509.592
internal_count=140213 138008 9185 128823 2205 1572
is_linear=0
shrinkage=0.01


Tree=425
num_leaves=8
num_cat=0
split_feature=5 11 39 28 22 38 22
split_gain=21.7533 18.9543 21.9157 21.6151 10.219 17.7234 9.45372
threshold=1.8768593072891238 1.8362430930137636 -0.18744632601737973 0.12060885876417161 -0.56240743398666371 0.27564731240272528 -0.63144293427467335
decision_type=2 2 2 2 2 2 2
left_child=1 3 -3 -1 6 -6 -2
right_child=4 2 -4 -5 5 -7 -8
leaf_value=-0.0002878722114879946 0.00057932259241273785 0.0040495269040457544 0.0005625554826440216 0.00017926785173070025 0.0027686240328993299 0.00049002687990613565 -0.0019767225780830712
leaf_weight=22412.944971770048 994.32285822182894 211.72348748147488 1263.6595535129309 17723.875262707472 608.37844999879599 807.36718248575926 167.46339844167233
leaf_count=72028 3282 701 3872 55354 1939 2538 550
internal_value=1.48196e-05 -4.01791e-05 0.00107213 -8.1341e-05 0.000906279 0.00147751 0.000200903
internal_weight=44189.7 41612.2 1475.38 40136.8 2577.53 1415.75 1161.79
internal_count=140264 131955 4573 127382 8309 4477 3832
is_linear=0
shrinkage=0.01


Tree=426
num_leaves=8
num_cat=0
split_feature=5 2 11 41 13 38 21
split_gain=21.3228 23.1571 33.013 31.6651 8.85935 20.3711 9.57223
threshold=1.8768593072891238 -0.016103731468319889 1.8362430930137636 0.55163201689720165 0.59269663691520702 0.35908867418766027 -1.1992456316947935
decision_type=2 2 2 2 2 2 2
left_child=1 2 -1 -3 5 -2 -6
right_child=4 3 -4 -5 6 -7 -8
leaf_value=-0.00034670508576550233 0.002371311470002471 -3.2613257040156677e-05 0.0027555406550573798 0.00084880913246850672 -0.0015208629187495007 0.00018743072557985275 0.00077165166235529164
leaf_weight=19180.395584508777 882.37971092015505 16702.011340983212 347.6588466912508 5382.2690614759922 263.07621946930885 848.10681137442589 583.88408438116312
leaf_count=62114 2903 52003 1108 16730 834 2723 1849
internal_value=1.46796e-05 -3.97689e-05 -0.000290825 0.000181778 0.000897292 0.0013075 4.68218e-05
internal_weight=44189.8 41612.3 19528.1 22084.3 2577.45 1730.49 846.96
internal_count=140264 131955 63222 68733 8309 5626 2683
is_linear=0
shrinkage=0.01


Tree=427
num_leaves=8
num_cat=0
split_feature=46 17 22 20 29 20 2
split_gain=26.7016 20.1208 25.9028 16.1508 14.9122 23.0597 13.3922
threshold=1.2812070846557619 -0.73696643114089955 0.8453870713710786 -1.2092593312263487 -0.72483414411544789 1.2699514627456667 0.98191848397254955
decision_type=2 2 2 2 2 2 2
left_child=1 2 -1 -3 5 -2 -6
right_child=4 3 -4 -5 6 -7 -8
leaf_value=-0.00040743242314359584 -0.00095049547817917474 0.001034208124687292 0.00092734210145264983 0.0001867778186255532 -0.0008463129654069614 -0.0050432577220499838 0.00019082502367190346
leaf_weight=10550.565631918609 627.07414454221725 2494.3591627627611 1681.895090803504 23577.801255896688 2946.5363302156329 179.33428086340427 2132.2331165671349
leaf_count=34092 1984 7987 5455 74635 9183 526 6402
internal_value=1.45363e-05 0.000111114 -0.00022303 0.000268273 -0.000612268 -0.00187817 -0.000408968
internal_weight=44189.8 38304.6 12232.5 26072.2 5885.18 806.408 5078.77
internal_count=140264 122169 39547 82622 18095 2510 15585
is_linear=0
shrinkage=0.01


Tree=428
num_leaves=8
num_cat=0
split_feature=16 16 1 31 7 5 11
split_gain=23.1002 21.6621 19.2045 18.0489 15.7481 14.9513 14.7568
threshold=-1.00955593585968 1.3994123339653017 0.53901419043540966 -0.29368375241756434 2.3361550569534306 2.0462837219238286 1.6191490292549136
decision_type=2 2 2 2 2 2 2
left_child=2 4 6 -4 -2 -3 -1
right_child=1 5 3 -5 -6 -7 -8
leaf_value=-0.0009959058483168914 0.00020005976244552305 -0.00063851035323089409 0.00098148257526405112 -0.00043685203932147511 0.0022632087177099727 0.0023504766474677229 0.00080074328497716841
leaf_weight=4789.4234349802136 30292.277094587684 4279.518086925149 1455.8794461116195 2327.3085539713502 374.64296725392342 171.93014720827341 498.40105417370796
leaf_count=15254 96423 13200 4755 7372 1190 542 1528
internal_value=1.43876e-05 0.000130809 -0.0004352 0.000106436 0.000225663 -0.000520318 -0.000824553
internal_weight=44189.4 35118.4 9071.01 3783.19 30666.9 4451.45 5287.82
internal_count=140264 111355 28909 12127 97613 13742 16782
is_linear=0
shrinkage=0.01


Tree=429
num_leaves=8
num_cat=0
split_feature=21 11 31 31 4 10 22
split_gain=19.167 23.5268 18.3773 13.5856 9.13444 11.9732 6.47192
threshold=1.4228893518447878 2.073105096817017 1.4891802668571474 0.15109185129404071 0.63987466692924511 -1.3651043176650999 -0.44436185061931605
decision_type=2 2 2 2 2 2 2
left_child=1 2 -1 -3 5 -2 -6
right_child=4 3 -4 -5 6 -7 -8
leaf_value=1.2709921776484985e-06 0.0013217883781986176 0.0036954063505215918 0.0010037685451887639 0.00060073095145703951 -0.00045592943804479222 -0.00066375476449099591 -0.0029844546166707558
leaf_weight=37714.241214297712 331.82442711293697 273.95680870115757 1921.8600093051791 312.99419237673283 179.19999481737614 3186.0824391245842 268.89455880969763
leaf_count=120195 1005 891 6159 990 539 9670 815
internal_value=1.42471e-05 7.98713e-05 5.01561e-05 0.00206599 -0.000648642 -0.000473305 -0.00199879
internal_weight=44189.1 40223.1 39636.1 586.951 3966 3517.91 448.095
internal_count=140264 128235 126354 1881 12029 10675 1354
is_linear=0
shrinkage=0.01


Tree=430
num_leaves=8
num_cat=0
split_feature=17 22 22 20 30 23 34
split_gain=22.4396 28.0188 37.4178 27.9001 23.321 21.3702 12.1038
threshold=-0.70915457606315602 0.8453870713710786 1.0000000180025095e-35 -1.1844982504844663 0.99354788661003124 0.59333038330078136 -1.348280072212219
decision_type=2 2 2 2 2 2 2
left_child=1 2 -1 6 -5 -3 -2
right_child=3 5 -4 4 -6 -7 -8
leaf_value=-0.00025026910351759013 -0.00062832269517834616 0.0016693246966277015 -0.0017520328380999787 0.00022425327444431761 -0.00044273195559936507 -0.00061137229210953274 0.0013612097508882695
leaf_weight=9045.765402585268 341.76017826795578 1114.1777849942446 2037.9062267094851 21572.842016518116 6919.0314093381166 641.82286427915096 2434.3368794694543
leaf_count=29332 1093 3629 6473 68131 21389 2076 7840
internal_value=1.07951e-05 -0.00034093 -0.000527427 0.000155551 6.19202e-05 0.000830159 0.00111254
internal_weight=44107.6 12839.7 11083.7 31268 28491.9 1756 2776.1
internal_count=139963 41510 35805 98453 89520 5705 8933
is_linear=0
shrinkage=0.01


Tree=431
num_leaves=8
num_cat=0
split_feature=5 11 46 28 22 33 38
split_gain=22.6485 20.4209 17.6372 16.6865 15.992 17.5325 7.31615
threshold=2.1651451587677006 1.8362430930137636 1.7750096321105959 1.0138201117515566 -0.57457393407821644 -0.095817748457193361 0.82220214605331432
decision_type=2 2 2 2 2 2 2
left_child=1 2 -1 -3 6 -6 -2
right_child=4 3 -4 -5 5 -7 -8
leaf_value=-5.0642602591854711e-05 -0.00041915454069442525 0.0022421466586063149 -0.0019361770675998537 9.9368976342707462e-05 0.00087968671550425813 0.0039354886189202588 0.0018306589987748144
leaf_weight=40589.916797913611 559.97536696493626 699.67595748603344 501.65433725714684 776.59401381760836 451.30206803232431 335.53809531033039 192.63192907720804
leaf_count=128879 1858 2210 1553 2354 1436 1039 634
internal_value=1.06804e-05 -3.21966e-05 -7.39515e-05 0.00112253 0.00120203 0.00219883 0.000145087
internal_weight=44107.3 42567.8 41091.6 1476.27 1539.45 786.84 752.607
internal_count=139963 134996 130432 4564 4967 2475 2492
is_linear=0
shrinkage=0.01


Tree=432
num_leaves=8
num_cat=0
split_feature=21 6 37 2 31 14 27
split_gain=20.2794 25.312 23.5919 23.149 26.7556 26.5386 12.0233
threshold=0.014353936538100244 -1.3909443020820615 -2.5160864591598506 0.49140733480453497 -0.36348448693752283 -0.60988801717758168 -0.46612086892127985
decision_type=2 2 2 2 2 2 2
left_child=1 6 -3 5 -5 -2 -1
right_child=3 2 -4 4 -6 -7 -8
leaf_value=-0.0013827607361048767 0.00078670473549128273 -0.0024000634437664854 0.00039290138487558629 0.00077624309995478341 -0.00023594554944129982 -0.00072096702430558466 4.0447848396980741e-05
leaf_weight=1315.8844280615449 1325.1985639929771 305.4064309746027 19053.433302164078 3960.4466516003013 7644.4209396392107 9445.8595772758126 1056.420080691576
leaf_count=4311 4227 971 61410 12174 23277 30206 3387
internal_value=1.05774e-05 0.000228369 0.000348201 -0.000200492 0.000108664 -0.000534489 -0.000745023
internal_weight=44107.1 21731.1 19358.8 22375.9 11604.9 10771.1 2372.3
internal_count=139963 70079 62381 69884 35451 34433 7698
is_linear=0
shrinkage=0.01


Tree=433
num_leaves=8
num_cat=0
split_feature=5 17 22 20 22 38 41
split_gain=22.1574 19.2381 27.1808 24.3444 15.6681 11.1754 10.1581
threshold=2.1651451587677006 -0.70915457606315602 0.8453870713710786 -1.2092593312263487 -0.57457393407821644 -0.27709442377090449 -0.30538928508758539
decision_type=2 2 2 2 2 2 2
left_child=1 2 -1 -3 6 -6 -2
right_child=4 3 -4 -5 5 -7 -8
leaf_value=-0.00055260891902633974 -0.0013000297979344313 0.0010538263191943171 0.00079738932980075671 1.8759114658081096e-05 0.0041930370014212235 0.0014332349750489446 0.0010777003988659093
leaf_weight=10672.511613853276 291.64148718118668 2476.7144740000367 1727.3467642441392 27690.901702910662 206.75249530375004 580.05418410152197 460.95834176242352
leaf_count=34461 971 7950 5610 86975 663 1812 1521
internal_value=1.04688e-05 -3.19381e-05 -0.000363694 0.0001041 0.00118885 0.00217554 0.000142529
internal_weight=44106.9 42567.5 12399.9 30167.6 1539.41 786.807 752.6
internal_count=139963 134996 40071 94925 4967 2475 2492
is_linear=0
shrinkage=0.01


Tree=434
num_leaves=7
num_cat=0
split_feature=5 6 30 19 40 42
split_gain=21.7208 19.9867 27.1273 14.8527 18.2495 13.378
threshold=2.1651451587677006 1.7284849882125857 0.99354788661003124 0.71156969666481029 -1.6514741182327268 -0.55336046218872059
decision_type=2 2 2 2 2 2
left_child=1 2 -1 4 -2 -3
right_child=3 5 -4 -5 -6 -7
leaf_value=4.9470716036740533e-05 -3.1439447846777168e-05 -0.001421034552036352 -0.00060013017292173611 -0.0014413681353976668 0.0023883097201354577 0.0012946782579493379
leaf_weight=32749.584817796946 468.20329239219427 199.91808311641216 7991.8978323340416 185.71743761003017 885.41493810713291 1626.005843155086
leaf_count=104472 1518 644 24830 578 2871 5050
internal_value=1.03725e-05 -3.16114e-05 -7.77219e-05 0.00117712 0.00154455 0.00099125
internal_weight=44106.7 42567.4 40741.5 1539.34 1353.62 1825.92
internal_count=139963 134996 129302 4967 4389 5694
is_linear=0
shrinkage=0.01


Tree=435
num_leaves=7
num_cat=0
split_feature=5 38 47 42 43 14
split_gain=20.2345 24.09 18.3951 19.7919 7.14619 4.49215
threshold=-3.5557948350906368 0.32766099274158483 -2.9314658641815181 1.7632121443748476 1.176968038082123 -0.37588413059711451
decision_type=2 2 2 2 2 2
left_child=1 5 4 -4 -2 -1
right_child=2 -3 3 -5 -6 -7
leaf_value=-0.0047096826468940945 -0.00077105026563699689 0.00067245314937325828 -4.7896806844272848e-05 0.0007548579417048396 -0.0036671643485470442 -0.0022352044412504144
leaf_weight=178.35805071890354 182.13750697672367 215.19661395251751 39843.039142079651 3326.300440967083 180.29965054988861 167.68589735031128
leaf_count=548 549 645 126990 10263 514 503
internal_value=-2.94646e-05 -0.00191446 -4.88889e-06 1.37418e-05 -0.00224541 -0.00354931
internal_weight=44093 561.241 43531.8 43169.3 362.437 346.044
internal_count=140012 1696 138316 137253 1063 1051
is_linear=0
shrinkage=0.01


Tree=436
num_leaves=8
num_cat=0
split_feature=29 15 11 38 28 36 1
split_gain=17.6202 19.7063 31.0287 29.5322 17.7891 16.566 15.0141
threshold=1.4737793207168581 -0.37231069803237909 -0.16322351992130277 0.14987619966268542 -0.13087121397256848 -0.66921263933181752 0.70846968889236461
decision_type=2 2 2 2 2 2 2
left_child=1 2 -1 -3 5 -2 -6
right_child=4 3 -4 -5 6 -7 -8
leaf_value=0.00023445231005990541 -0.00014079945761024811 0.00049636171885617485 -0.0006725024259190438 -0.00017607526585864113 -0.00046371663085626645 -0.0026976041126321555 0.0027304367179361738
leaf_weight=6825.1753065437078 406.32350859045982 14189.595768384635 8398.676810786128 12071.245604082942 1325.0573591142893 712.65591356903315 164.26667235046625
leaf_count=22185 1294 44918 25994 38750 4103 2260 508
internal_value=-2.91768e-05 2.07217e-05 -0.00026525 0.000186889 -0.000826342 -0.00177906 -0.000103108
internal_weight=44093 41484.7 15223.9 26260.8 2608.3 1118.98 1489.32
internal_count=140012 131847 48179 83668 8165 3554 4611
is_linear=0
shrinkage=0.01


Tree=437
num_leaves=8
num_cat=0
split_feature=9 9 38 41 16 19 38
split_gain=20.304 25.7395 22.1652 17.7403 10.6274 11.2575 5.58692
threshold=1.9144555330276491 0.22937165945768359 0.7495635747909547 0.75680124759674083 -1.0471934676170347 -1.3310514688491819 -0.96813061833381642
decision_type=2 2 2 2 2 2 2
left_child=1 2 -1 -3 6 -6 -2
right_child=4 3 -4 -5 5 -7 -8
leaf_value=0.00031387879976032499 0.0010848916437163527 -0.00055484760577080724 -0.00033364059842050018 0.00026712196612472877 0.0027318340076620236 0.00079431880125031666 -0.0011607249420713605
leaf_weight=17521.527140274644 156.37191125750542 13150.190080307424 7557.9288782477379 3262.0480527505279 371.67737385630608 1719.1553807854652 353.6510646045208
leaf_count=56030 493 40917 24637 10224 1182 5409 1120
internal_value=-2.88878e-05 -8.28409e-05 0.000118339 -0.00039086 0.000827688 0.00114466 -0.00045188
internal_weight=44092.5 41491.7 25079.5 16412.2 2600.86 2090.83 510.023
internal_count=140012 131808 80667 51141 8204 6591 1613
is_linear=0
shrinkage=0.01


Tree=438
num_leaves=7
num_cat=0
split_feature=9 9 46 38 26 10
split_gain=19.9025 25.2266 23.2052 21.7244 15.4694 9.34266
threshold=1.9144555330276491 0.22937165945768359 0.96902355551719677 0.7495635747909547 1.4597520232200625 1.189813017845154
decision_type=2 2 2 2 2 2
left_child=1 3 -3 -1 5 -2
right_child=4 2 -4 -5 -6 -7
leaf_value=0.00031074120538264233 0.0013479080993179743 -0.00020433195406641827 -0.0011658021395722518 -0.00033030459203588116 -0.0014246964659336749 -0.0004219749168910559
leaf_weight=17521.470273301005 1989.5643147155643 13306.354289971292 3105.7941050007939 7557.9298589527607 270.46496233344078 340.77154633402824
leaf_count=56030 6315 41704 9437 24637 827 1062
internal_value=-2.85915e-05 -8.20104e-05 -0.000386947 0.000117151 0.00081948 0.00108473
internal_weight=44092.3 41491.5 16412.1 25079.4 2600.8 2330.34
internal_count=140012 131808 51141 80667 8204 7377
is_linear=0
shrinkage=0.01


Tree=439
num_leaves=8
num_cat=0
split_feature=30 30 3 4 30 32 21
split_gain=23.4919 30.5262 22.5406 21.4871 17.855 15.6345 13.985
threshold=1.0413562059402468 -1.0983899831771848 0.27414853870868688 -1.5285832881927488 1.7210942506790163 0.91187080740928661 -1.4487752914428709
decision_type=2 2 2 2 2 2 2
left_child=1 3 -3 -1 6 -6 -2
right_child=4 2 -4 -5 5 -7 -8
leaf_value=0.00090235590549503798 0.0010496240089130887 0.0003624599757838735 -0.00039390517643435509 -0.00067928154222321468 -0.0014086280685166965 0.0014478155652750384 -0.00079432109813132518
leaf_weight=979.40124861896038 432.27289062738419 23416.338048346341 4724.3373239710927 6696.9531749561429 251.70028214156628 762.89059177786112 6828.0815888047218
leaf_count=3103 1362 74754 15072 21319 798 2451 21153
internal_value=-2.83109e-05 8.23995e-05 0.000235114 -0.000476092 -0.000508667 0.000728652 -0.000683028
internal_weight=44092 35817 28140.7 7676.35 8274.95 1014.59 7260.35
internal_count=140012 114248 89826 24422 25764 3249 22515
is_linear=0
shrinkage=0.01


Tree=440
num_leaves=7
num_cat=0
split_feature=30 0 6 3 21 4
split_gain=24.9325 22.0682 18.7791 25.0722 17.369 14.8001
threshold=-1.1487307548522947 1.524597764015198 -0.28595875203609461 0.30144508183002477 -1.0547210574150083 -1.1342082619667051
decision_type=2 2 2 2 2 2
left_child=1 5 3 -2 -4 -1
right_child=2 -3 4 -5 -6 -7
leaf_value=0.00057671020854117394 0.00054708483005044242 -0.0037020183007895188 0.00058450487630082228 -0.00057774457258305512 -0.00020411217982535074 -0.00066564114717121512
leaf_weight=1149.8569071441889 12732.837816484272 215.63863695412874 3277.8857903704047 2337.7255115360022 18713.380088165402 5548.4526220932603
leaf_count=3687 41565 616 10355 7659 58032 17754
internal_value=-2.73412e-06 -0.000554196 9.98843e-05 0.000371913 -8.60897e-05 -0.000450828
internal_weight=43975.8 6913.95 37061.8 15070.6 21991.3 6698.31
internal_count=139668 22057 117611 49224 68387 21441
is_linear=0
shrinkage=0.01


Tree=441
num_leaves=8
num_cat=0
split_feature=17 16 21 17 31 16 8
split_gain=27.7294 20.8364 18.8104 22.5755 15.8261 11.2185 6.23538
threshold=-0.43300442397594446 1.0688722729682925 -1.3885961174964903 1.5664909482002261 0.17749858647584918 -0.85644161701202381 0.89609703421592724
decision_type=2 2 2 2 2 2 2
left_child=1 4 5 -4 -1 -2 -3
right_child=2 6 3 -5 -6 -7 -8
leaf_value=-5.6971245298180572e-06 -0.0012210964272764946 -0.0014153038367799805 0.00024569253350337309 -0.00057839824208163831 -0.00064884772084456116 0.0013190885147095896 -0.0037279016212959969
leaf_weight=9825.7453085333109 185.95845636725426 368.70825084298849 21215.148338504136 3936.0184596180916 6298.3810185939074 1955.6585223004222 189.64202179014683
leaf_count=31974 612 1155 66881 11941 20183 6337 585
internal_value=-2.70763e-06 -0.000324109 0.000193385 0.000116311 -0.000257568 0.00109339 -0.00222391
internal_weight=43975.3 16682.5 27292.8 25151.2 16124.1 2141.62 558.35
internal_count=139668 53897 85771 78822 52157 6949 1740
is_linear=0
shrinkage=0.01


Tree=442
num_leaves=7
num_cat=0
split_feature=30 0 8 26 30 6
split_gain=24.4247 21.6173 21.0251 22.4049 17.1446 13.5402
threshold=-1.1487307548522947 1.524597764015198 0.3256817907094956 0.46839635074138647 0.88594669103622448 -0.5542621612548827
decision_type=2 2 2 2 2 2
left_child=1 5 3 -2 -4 -1
right_child=2 -3 4 -5 -6 -7
leaf_value=-0.0010113223978685632 6.812160895676344e-05 -0.0036650912640500792 5.0181187804074544e-05 0.00075040275751331667 -0.00065497254114037012 -8.5641059855748913e-05
leaf_weight=2597.674032561481 14067.466433182359 215.50199507176876 10541.426916122437 7345.3532694578171 5106.8425215706229 4100.6407606527209
leaf_count=8554 45746 616 32798 23530 15537 12887
internal_value=-2.68876e-06 -0.000548513 9.8878e-05 0.000302659 -0.000179335 -0.00044622
internal_weight=43974.9 6913.82 37061.1 21412.8 15648.3 6698.31
internal_count=139668 22057 117611 69276 48335 21441
is_linear=0
shrinkage=0.01


Tree=443
num_leaves=8
num_cat=0
split_feature=30 33 33 7 4 1 36
split_gain=23.9416 25.0137 19.1727 17.373 14.9778 12.7216 5.28862
threshold=-1.1487307548522947 0.55995455384254467 1.8217318058013918 0.12283284589648248 -1.1342082619667051 1.0000000180025095e-35 0.43914428353309637
decision_type=2 2 2 2 2 2 2
left_child=1 4 3 -2 -1 -3 -4
right_child=2 5 6 -5 -6 -7 -8
leaf_value=0.00078217188039064289 0.00032143281314016758 -0.0034495966201585088 -0.00093840313357965546 -0.00011459583434320498 -0.00054057639538553266 -0.00096338336855578491 -0.0035390753036482485
leaf_weight=1025.2586124390364 19785.809411048889 401.50683675706387 172.09453392028809 16934.662866316736 5033.5090911313891 453.51699413359165 168.21371883153915
leaf_count=3300 64222 1179 530 52346 16163 1415 513
internal_value=-2.66297e-06 -0.000543066 9.78928e-05 0.000120076 -0.000315 -0.00214522 -0.00225981
internal_weight=43974.6 6913.79 37060.8 36720.5 6058.77 855.024 340.308
internal_count=139668 22057 117611 116568 19463 2594 1043
is_linear=0
shrinkage=0.01


Tree=444
num_leaves=8
num_cat=0
split_feature=17 13 21 3 3 32 18
split_gain=27.1792 20.2048 18.7137 18.6235 32.7692 18.7242 14.8075
threshold=-0.43300442397594446 -1.638735771179199 -1.1865551471710203 0.3611403107643128 1.7444621920585635 -0.87550160288810719 0.90690732002258312
decision_type=2 2 2 2 2 2 2
left_child=3 6 -3 5 -5 -1 -2
right_child=1 2 -4 4 -6 -7 -8
leaf_value=-0.0007811479863549781 0.0010552789422967692 0.00084980448415155653 4.5692500241986671e-05 -0.0018157049816290959 0.001650104805161834 1.9103950656193316e-05 0.0045542198503272938
leaf_weight=4008.3017175495625 561.15446621179581 3310.3671481609344 23261.881258949637 1635.4102605432272 323.60135820508003 10715.021751329303 158.46664018929005
leaf_count=12935 1833 10705 72756 5385 982 34595 477
internal_value=-2.64517e-06 0.000191494 0.000146273 -0.000320844 -0.00123755 -0.000198117 0.0018449
internal_weight=43974.2 27291.9 26572.2 16682.3 1959.01 14723.3 719.621
internal_count=139668 85771 83461 53897 6367 47530 2310
is_linear=0
shrinkage=0.01


Tree=445
num_leaves=8
num_cat=0
split_feature=38 42 3 40 17 28 34
split_gain=24.7784 40.5259 28.3791 30.9773 27.4898 22.2204 20.4803
threshold=0.19747532159090045 -0.028444004245102402 -0.53446695208549488 1.055428743362427 -1.1970178484916685 0.19006012380123141 -0.47450523078441614
decision_type=2 2 2 2 2 2 2
left_child=2 6 3 -1 -3 -4 -2
right_child=1 4 5 -5 -6 -7 -8
leaf_value=6.1666689990997567e-05 0.00068409517912065604 -0.002107117598534664 7.9932572391958843e-05 -0.0016731107632755827 -0.00051371742126551999 0.00077664256755576673 -0.00018496226946553747
leaf_weight=3611.5438524410129 4497.8245651200414 1258.4851898401976 9527.8725466802716 1433.0262380391359 8027.595347866416 8874.2167269289494 6798.5689496025443
leaf_count=11786 14634 3994 30424 4451 25036 27433 22074
internal_value=1.15756e-05 -0.000241376 0.000234054 -0.000429389 -0.000730942 0.000416481 0.00016021
internal_weight=44029.1 20582.5 23446.7 5044.57 9286.08 18402.1 11296.4
internal_count=139832 65738 74094 16237 29030 57857 36708
is_linear=0
shrinkage=0.01


Tree=446
num_leaves=7
num_cat=0
split_feature=46 29 7 25 35 45
split_gain=20.0825 16.5019 15.7833 15.049 20.7156 10.6904
threshold=1.6089237928390505 1.7968429923057558 2.7660176753997807 0.76614493131637584 0.32694782316684728 -0.53546622395515431
decision_type=2 2 2 2 2 2
left_child=1 2 -1 4 -2 -5
right_child=3 -3 -4 5 -6 -7
leaf_value=5.3979490874794052e-05 -0.00053012615161051094 -0.0024023313331311396 0.0022464189106537308 -0.0022934472415767826 -0.0036751831627086806 0.00040703482476221042
leaf_weight=41658.08733971417 467.20559963583946 270.20123735815287 330.26597410440445 181.8971080109477 392.52338813990355 728.68778735399246
leaf_count=132457 1475 839 1065 552 1213 2231
internal_value=1.1457e-05 5.54048e-05 7.15157e-05 -0.0010314 -0.00198027 -0.000123364
internal_weight=44028.9 42258.6 41988.4 1770.31 859.729 910.585
internal_count=139832 134361 133522 5471 2688 2783
is_linear=0
shrinkage=0.01


Tree=447
num_leaves=8
num_cat=0
split_feature=5 21 37 44 2 17 5
split_gain=24.8318 42.7329 26.01 24.2584 30.3065 20.0941 19.7529
threshold=-0.16468615084886548 0.014353936538100244 2.3276102542877202 -0.3519423902034759 -0.35437867045402521 1.7034861445426943 -1.938429534435272
decision_type=2 2 2 2 2 2 2
left_child=3 2 -2 4 -1 -3 -5
right_child=1 5 -4 6 -6 -7 -8
leaf_value=-0.0019687934333275621 0.0002042661912433429 -0.00060152773192639485 -0.0022896320563812944 -0.00038831540849296664 6.1238471072245907e-05 -0.0024140105725128196 0.00075043667950452832
leaf_weight=813.43340680748224 14371.824552632868 8746.955159291625 429.28672911226749 1793.861140422523 7509.0263908654451 661.98696501553059 9702.1076738089323
leaf_count=2683 46497 27886 1378 5495 23258 2036 30599
internal_value=1.13364e-05 -0.000203292 0.000131109 0.000274026 -0.000136187 -0.000730355 0.000571855
internal_weight=44028.5 24210.1 14801.1 19818.4 8322.46 9408.94 11496
internal_count=139832 77797 47875 62035 25941 29922 36094
is_linear=0
shrinkage=0.01


Tree=448
num_leaves=8
num_cat=0
split_feature=2 41 21 20 9 31 0
split_gain=23.6171 40.1913 31.4746 33.4747 28.5023 19.6795 15.2669
threshold=0.22571600228548053 0.48727178573608404 -1.159941494464874 -0.041646273806691163 0.55009904503822338 -1.8055389523506162 0.346167802810669
decision_type=2 2 2 2 2 2 2
left_child=2 5 3 -1 -4 -2 -3
right_child=1 6 4 -5 -6 -7 -8
leaf_value=-2.4610594417011414e-06 -0.0027718235852012768 0.0015326809628043608 -0.00013800934745064649 0.0017817197357337892 -0.00099159723064729194 4.6019986124869765e-05 0.00044487797482867312
leaf_weight=3828.429822422564 251.1991002112627 2752.8835836499929 13379.605155065656 1443.0039374604821 5548.7195174172521 14333.086611129344 2491.137424737215
leaf_count=12512 748 8686 43690 4678 17448 44499 7571
internal_value=1.12148e-05 0.000267287 -0.00019819 0.00048429 -0.000388801 -2.01552e-06 0.00101802
internal_weight=44028.1 19828.3 24199.8 5271.43 18928.3 14584.3 5244.02
internal_count=139832 61504 78328 17190 61138 45247 16257
is_linear=0
shrinkage=0.01


Tree=449
num_leaves=8
num_cat=0
split_feature=5 24 29 41 11 11 44
split_gain=24.0205 29.8434 39.7166 29.5663 23.441 21.3834 17.5875
threshold=-0.16468615084886548 1.1312666535377505 1.7392373681068423 0.019932021386921409 0.66440394520759594 -0.19062588363885877 0.7138219177722932
decision_type=2 2 2 2 2 2 2
left_child=3 2 -2 4 -1 -3 -5
right_child=1 5 -4 6 -6 -7 -8
leaf_value=0.00028548515930915466 -2.3765088918086226e-05 -0.00032737773734107286 -0.0043080007464715402 0.00035196823039102373 -0.00067968782208692664 -0.0020376810374872606 0.0012625765531765179
leaf_weight=6416.1048191711307 21028.145726308227 1561.918046914041 217.7099562138319 5925.461746789515 4133.2280385494232 1401.7182686328888 3343.5313809588552
leaf_count=20539 67789 5002 685 18670 12512 4321 10314
internal_value=1.11004e-05 -0.000199993 -6.83377e-05 0.000269467 -9.17503e-05 -0.00114009 0.000681624
internal_weight=44027.8 24209.5 21245.9 19818.3 10549.3 2963.64 9268.99
internal_count=139832 77797 68474 62035 33051 9323 28984
is_linear=0
shrinkage=0.01


Tree=450
num_leaves=6
num_cat=0
split_feature=29 17 7 20 24
split_gain=20.2574 17.4816 30.925 19.3622 8.38383
threshold=1.7968429923057558 -1.1458020210266111 0.098149664700031294 -1.3817155361175535 0.27982263267040258
decision_type=2 2 2 2 2
left_child=1 2 -1 -3 -2
right_child=4 3 -4 -5 -6
leaf_value=0.00011035121960087003 -0.0038399099381455403 0.0010503925287369085 -0.0012418233796927147 7.7911555889676568e-05 -0.0006845107112578336
leaf_weight=4419.0696776732802 183.36061049997807 2179.3348448425531 2727.4336522743106 34363.28307877481 172.64612497389317
leaf_count=14524 574 7025 8572 108568 520
internal_value=2.79325e-05 4.75419e-05 -0.000404403 0.000136209 -0.00234391
internal_weight=44045.1 43689.1 7146.5 36542.6 356.007
internal_count=139783 138689 23096 115593 1094
is_linear=0
shrinkage=0.01


Tree=451
num_leaves=8
num_cat=0
split_feature=22 22 3 24 0 23 3
split_gain=18.7875 55.0095 37.5567 35.2942 33.5374 20.2136 13.2252
threshold=-0.1785282418131828 0.8453870713710786 -0.064531821757554994 0.34713865816593176 -1.2838881611824033 1.3314231634140017 -0.050721403211355202
decision_type=2 2 2 2 2 2 2
left_child=2 4 5 -3 -2 -1 -4
right_child=1 3 6 -5 -6 -7 -8
leaf_value=0.00011669005043009698 0.00083123322930866875 0.0012984751758226946 0.0031222796829210721 -5.6183474579411374e-05 -0.00082830671305400224 -0.0010388857240555631 0.00086491412210790933
leaf_weight=17225.845106348395 1371.2314252778888 2971.5854178145528 278.45148679614067 5411.4186960235238 10472.34143089503 1658.2798510268331 4655.7616240233183
leaf_count=55050 4240 9491 903 16886 33123 5125 14965
internal_value=2.765e-05 -0.000196205 0.000218168 0.000422917 -0.000635269 1.46358e-05 0.000994937
internal_weight=44044.9 20226.6 23818.3 8383 11843.6 18884.1 4934.21
internal_count=139783 63740 76043 26377 37363 60175 15868
is_linear=0
shrinkage=0.01


Tree=452
num_leaves=7
num_cat=0
split_feature=9 10 9 47 27 10
split_gain=24.353 26.7664 24.6165 27.0791 23.2221 15.3609
threshold=1.8301765322685244 1.4183932542800906 0.52280363440513622 -0.045555755496025079 1.0070208311080935 -1.6422049403190611
decision_type=2 2 2 2 2 2
left_child=2 4 3 -1 -2 -4
right_child=1 -3 5 -5 -6 -7
leaf_value=0.00047008199383464816 0.0019287976204649261 -0.0020436045181643483 0.0014764483131578391 -0.00014769465691218217 2.3664524594967962e-05 -0.00047808221974942911
leaf_weight=12650.63338316232 1678.8047220185399 277.6942562609911 412.95566558092833 16121.464092969894 1050.7897741571069 11852.205761305988
leaf_count=40184 5328 855 1294 52007 3279 36836
internal_value=2.7377e-05 0.000895975 -3.60522e-05 0.000123591 0.00119933 -0.000411345
internal_weight=44044.5 3007.29 41037.3 28772.1 2729.59 12265.2
internal_count=139783 9462 130321 92191 8607 38130
is_linear=0
shrinkage=0.01


Tree=453
num_leaves=8
num_cat=0
split_feature=22 22 45 25 46 37 1
split_gain=18.3852 53.7857 29.2515 26.0594 18.3556 19.2212 8.8445
threshold=-0.1785282418131828 0.8453870713710786 0.75118881464004528 0.86353635787963878 -1.7573149204254148 2.3276102542877202 0.52023902535438549
decision_type=2 2 2 2 2 2 2
left_child=4 2 -2 -3 6 -6 -1
right_child=1 3 -4 -5 5 -7 -8
leaf_value=-0.003327930564300207 -0.00095566458088762842 0.00094191682611397508 0.00012418874983213804 -0.00017347131811791612 0.00030395272123522477 -0.0013267818116996992 -0.00023603085181480768
leaf_weight=209.58922630548477 8264.2570195496082 4452.8377737700939 3579.1243395358324 3930.0390716940165 22686.324878774583 743.58248336613178 178.55934186279774
leaf_count=654 26301 14197 11062 12180 72474 2356 559
internal_value=2.71036e-05 -0.000194341 -0.000628501 0.000417852 0.000215574 0.000251718 -0.00193553
internal_weight=44044.3 20226.3 11843.4 8382.88 23818.1 23429.9 388.149
internal_count=139783 63740 37363 26377 76043 74830 1213
is_linear=0
shrinkage=0.01


Tree=454
num_leaves=8
num_cat=0
split_feature=9 9 47 21 24 43 9
split_gain=23.8708 24.0747 26.4543 19.8118 16.3885 13.4693 11.6971
threshold=1.8301765322685244 0.52280363440513622 -0.045555755496025079 -1.1082466244697569 -0.8480342924594878 0.016555409878492359 2.8192658424377446
decision_type=2 2 2 2 2 2 2
left_child=1 2 -1 -3 5 -2 -6
right_child=4 3 -4 -5 6 -7 -8
leaf_value=0.00046437855717670217 0.00059096612968292407 0.00034314121383302804 -0.00014622971986529796 -0.00062207108301890227 -0.00013719401280147547 0.0028121060826316029 0.0016998739216897679
leaf_weight=12650.496337175369 505.08074833452702 2720.9915291443467 16121.393792912364 9544.0558188557625 1416.0371003746986 631.40286991000175 454.69131068885326
leaf_count=40184 1591 8575 52007 29555 4425 2013 1433
internal_value=2.68248e-05 -3.59707e-05 0.000121903 -0.000407114 0.000886796 0.00183516 0.000304643
internal_weight=44044.1 41036.9 28771.9 12265 3007.21 1136.48 1870.73
internal_count=139783 130321 92191 38130 9462 3604 5858
is_linear=0
shrinkage=0.01


Tree=455
num_leaves=8
num_cat=0
split_feature=17 30 0 0 13 6 45
split_gain=25.86 25.6806 22.9209 22.0597 19.0695 17.8849 14.919
threshold=-0.43300442397594446 0.65804550051689159 1.101443946361542 0.43940494954586035 2.0116176605224614 -2.2600383758544917 1.3452325463294985
decision_type=2 2 2 2 2 2 2
left_child=2 4 5 -3 -2 -1 -4
right_child=1 3 6 -5 -6 -7 -8
leaf_value=-0.0024256327804041485 0.0005040156826505096 0.00031836622031336824 -0.0019410159746100998 -0.00061275930441124973 -0.0025940659843212916 -0.00010447315372499258 0.0010532626335439906
leaf_weight=339.05294542014599 17014.023753806949 4877.2839379832149 1164.1341965794563 5300.6818961948156 199.05273492634296 15044.162777520716 188.87838113307953
leaf_count=1064 53760 15265 3651 16311 629 48793 565
internal_value=4.24468e-05 0.000231867 -0.000266962 -0.000165594 0.00046746 -0.000156437 -0.00151516
internal_weight=44127.3 27391 16736.2 10178 17213.1 15383.2 1353.01
internal_count=140038 85965 54073 31576 54389 49857 4216
is_linear=0
shrinkage=0.01


Tree=456
num_leaves=8
num_cat=0
split_feature=33 34 22 29 22 15 29
split_gain=21.5178 19.1375 16.8815 16.5881 16.1558 13.1797 7.32522
threshold=1.4614968299865725 1.7109050154685976 0.46752552688121801 1.6974222064018252 -0.094552963972091661 -0.29747679829597468 1.0410424470901491
decision_type=2 2 2 2 2 2 2
left_child=1 4 3 -2 -1 -3 -4
right_child=2 5 6 -5 -6 -7 -8
leaf_value=0.00022945732848489027 -0.00084663942500651679 0.0023821322957521501 -0.0015293538102926245 -0.0032734278800312278 -0.00018458121028110721 0.00031550332824965648 0.00071024464976905514
leaf_weight=23999.022812023759 1999.9769225865602 606.32406045496464 172.73462617397308 332.65302257239819 15495.678543865681 654.07682800292969 866.33253255486488
leaf_count=76752 6192 1938 543 1035 48860 2063 2655
internal_value=4.20146e-05 0.000105751 -0.000725229 -0.00119826 6.67563e-05 0.0013187 0.000327206
internal_weight=44126.8 40755.1 3371.7 2332.63 39494.7 1260.4 1039.07
internal_count=140038 129613 10425 7227 125612 4001 3198
is_linear=0
shrinkage=0.01


Tree=457
num_leaves=7
num_cat=0
split_feature=29 15 15 24 24 31
split_gain=19.9014 16.1165 25.9141 23.8027 14.9691 7.90661
threshold=1.7392373681068423 0.14846361428499225 -0.23214702308177945 0.29376053810119634 -0.55432555079460133 0.095265816897153868
decision_type=2 2 2 2 2 2
left_child=1 2 -1 -3 -2 -6
right_child=4 3 -4 -5 5 -7
leaf_value=-3.9843038167580802e-05 -0.0043364537021133116 -0.00083388666564790024 0.00051900555908643189 0.00073939874420195673 0.00074296871607388161 -0.0022136121464841848
leaf_weight=26240.619453847408 169.83466394245625 3987.6291561797261 12114.791293144226 1259.9046836867929 179.87771005183458 173.86673822999001
leaf_count=83014 533 12912 38526 3964 558 531
internal_value=4.15919e-05 6.51057e-05 0.000136421 -0.000454175 -0.00189393 -0.000684156
internal_weight=44126.5 43602.9 38355.4 5247.53 523.579 353.744
internal_count=140038 138416 121540 16876 1622 1089
is_linear=0
shrinkage=0.01


Tree=458
num_leaves=8
num_cat=0
split_feature=33 6 39 22 29 33 3
split_gain=21.0019 18.2904 17.2691 16.5097 16.0255 11.4449 11.2018
threshold=1.4614968299865725 -2.0370717048645015 -2.1579843759536739 0.46752552688121801 1.6974222064018252 -0.69223353266715992 2.0578504800796513
decision_type=2 2 2 2 2 2 2
left_child=1 5 -3 4 -2 -1 -5
right_child=3 2 -4 6 -6 -7 -8
leaf_value=-0.0030676853410580296 -0.00083904554732918486 -0.0021432772389528487 0.00015422743859814681 0.00078412895073609146 -0.003225381796816279 -0.00053145382979314618 -0.0020387151125277072
leaf_weight=267.52959536015987 1999.8774435445666 328.36724202334881 39591.329996041954 873.75396310538054 332.44439117610455 567.77353944629431 165.34347096085548
leaf_count=854 6192 1062 125934 2719 1035 1763 479
internal_value=4.11703e-05 0.000104138 0.000135025 -0.00071685 -0.00118471 -0.00135841 0.000323809
internal_weight=44126.4 40755 39919.7 3371.42 2332.32 835.303 1039.1
internal_count=140038 129613 126996 10425 7227 2617 3198
is_linear=0
shrinkage=0.01


Tree=459
num_leaves=8
num_cat=0
split_feature=33 34 22 22 23 3 43
split_gain=20.5871 18.737 16.1838 15.9061 13.396 12.6588 11.5222
threshold=1.4614968299865725 1.7109050154685976 0.46752552688121801 -0.094552963972091661 1.2622001171112063 0.95014831423759472 -1.2761502265930174
decision_type=2 2 2 2 2 2 2
left_child=1 3 5 -1 -3 -2 -4
right_child=2 4 6 -5 -6 -7 -8
leaf_value=0.00022594295108397115 -0.0014623837334139767 0.0019359785872866534 -0.0019816348334756105 -0.0001848864885476754 -0.00035444239558677726 0.00068927447721214743 0.0008059077917368096
leaf_weight=23998.920324921608 2023.3136615306139 916.48962461203337 176.8382264226675 15495.679245240986 343.95552594959736 308.76100128889084 862.27799546718597
leaf_count=76752 6294 2918 563 48860 1083 933 2635
internal_value=4.07449e-05 0.000103088 -0.000709776 6.45005e-05 0.00130325 -0.00117305 0.000320457
internal_weight=44126.2 40755 3371.19 39494.6 1260.45 2332.07 1039.12
internal_count=140038 129613 10425 125612 4001 7227 3198
is_linear=0
shrinkage=0.01


Tree=460
num_leaves=8
num_cat=0
split_feature=5 21 17 41 6 5 21
split_gain=26.3237 44.084 23.9445 22.2742 22.4236 21.1183 18.8494
threshold=-0.11523882299661635 0.29425640404224401 -0.61099642515182484 -1.5165977478027342 -0.28595875203609461 1.6946408152580263 0.66019698977470409
decision_type=2 2 2 2 2 2 2
left_child=3 2 -2 6 -5 -3 -1
right_child=1 5 -4 4 -6 -7 -8
leaf_value=6.5558374136267023e-05 -0.00041218221795136695 -0.0010072718401926387 0.00037453410713550309 0.00081219627872053596 9.9844624385123847e-05 0.0010383312520206053 -0.0033079888651892666
leaf_weight=340.79554018378258 6185.4504349678755 6752.7210382074118 10307.301930643618 6728.3188674971461 12987.172015808523 539.8715603724122 311.07123270630836
leaf_count=1084 20120 21348 33154 21836 39910 1724 945
internal_value=1.88442e-05 -0.000206857 7.88702e-05 0.00028291 0.000343485 -0.000854343 -0.00153158
internal_weight=44152.7 23785.3 16492.8 20367.4 19715.5 7292.59 651.867
internal_count=140121 76346 53274 63775 61746 23072 2029
is_linear=0
shrinkage=0.01


Tree=461
num_leaves=7
num_cat=0
split_feature=5 29 24 5 6 8
split_gain=25.8002 27.9428 25.3968 21.7969 20.0366 17.8834
threshold=-0.11523882299661635 1.7392373681068423 1.4604497551918032 -1.938429534435272 0.73673126101493847 -2.0658370256423946
decision_type=2 2 2 2 2 2
left_child=3 2 -2 4 -1 -5
right_child=1 -3 -4 5 -6 -7
leaf_value=0.00024690799266112738 -8.8757904996647924e-05 -0.0035105911471960587 -0.001526090056551269 -0.0013955700610254966 -0.001281234772430745 0.00048620918881017543
leaf_weight=1882.4291300922632 22230.619687020779 252.27707351744175 1302.1187839135528 517.5444495677948 1562.4391557425261 16404.743415020406
leaf_count=5809 71487 791 4068 1707 4624 51635
internal_value=1.86577e-05 -0.000204787 -0.000168775 0.000280087 -0.000443458 0.000427988
internal_weight=44152.2 23785 23532.7 20367.2 3444.87 16922.3
internal_count=140121 76346 75555 63775 10433 53342
is_linear=0
shrinkage=0.01


Tree=462
num_leaves=7
num_cat=0
split_feature=5 29 19 41 5 18
split_gain=25.2875 27.4027 24.8912 21.8392 21.7177 17.7863
threshold=-0.11523882299661635 1.7392373681068423 1.1304198503494265 -1.5165977478027342 -1.938429534435272 1.1337941288948061
decision_type=2 2 2 2 2 2
left_child=3 2 -2 5 -5 -1
right_child=1 -3 -4 4 -6 -7
leaf_value=-0.00052544499343033183 -5.170174719114641e-05 -0.0034772320007274496 -0.0010879176621984559 -0.00039462962154767115 0.00048769216434504887 -0.004338850142203976
leaf_weight=485.41533587872982 20922.592624813318 252.16052396595478 2609.9705329760909 3349.5593108460307 16365.599382355809 166.40789514780045
leaf_count=1542 67322 791 8233 10146 51600 487
internal_value=1.84606e-05 -0.000202752 -0.000167094 0.000277283 0.000337268 -0.00151947
internal_weight=44151.7 23784.7 23532.6 20367 19715.2 651.823
internal_count=140121 76346 75555 63775 61746 2029
is_linear=0
shrinkage=0.01


Tree=463
num_leaves=8
num_cat=0
split_feature=5 21 11 41 41 5 21
split_gain=24.7838 42.7514 23.8552 22.4064 21.4112 21.2863 18.3378
threshold=-0.11523882299661635 0.29425640404224401 1.5646716952323916 -1.5165977478027342 -1.5165977478027342 -1.938429534435272 0.66019698977470409
decision_type=2 2 2 2 2 2 2
left_child=4 3 -3 -2 6 -6 -1
right_child=1 2 -4 -5 5 -7 -8
leaf_value=7.0276053159098952e-05 0.0020761008473458649 -0.00097002541183826088 0.0016523448122018158 1.1909684265796737e-05 -0.00039069300783163411 0.00048281597547300076 -0.0032571116289009218
leaf_weight=340.7954571172595 543.19483146071434 6930.2619520202279 361.5780893266201 15949.455494984984 3349.4867476895452 16365.584599100053 310.99186216294765
leaf_count=1084 1744 21938 1134 51530 10146 51600 945
internal_value=1.82603e-05 -0.000200737 -0.000838411 8.0623e-05 0.000274494 0.000333892 -0.00150458
internal_weight=44151.3 23784.5 7291.84 16492.7 20366.9 19715.1 651.787
internal_count=140121 76346 23072 53274 63775 61746 2029
is_linear=0
shrinkage=0.01


Tree=464
num_leaves=8
num_cat=0
split_feature=15 17 4 6 6 33 26
split_gain=28.7208 28.0328 21.3661 20.2486 17.8892 17.5756 16.2017
threshold=-0.37473304569721216 -1.1075508594512937 1.3261910080909731 -0.097889840602874742 0.48065117001533514 -1.0015801191329954 0.85172632336616527
decision_type=2 2 2 2 2 2 2
left_child=3 4 -3 6 -2 -5 -1
right_child=1 2 -4 5 -6 -7 -8
leaf_value=-0.00015704322098143635 -0.00016926287172473024 0.00041955376642454587 -0.0013393522487504768 0.00031309047283768581 -0.0016912457833436029 -0.00083044690584445466 0.0010309145705661982
leaf_weight=5577.4484430029988 4277.4896049648523 22039.39534008503 709.49794921278954 1620.9644027352333 947.24928350001574 7536.3063427880406 1442.5976969152689
leaf_count=18233 13920 69872 2265 5100 2973 23106 4652
internal_value=1.808e-05 0.00021225 0.000364201 -0.00031705 -0.000447384 -0.000626921 8.57662e-05
internal_weight=44150.9 27973.6 22748.9 16177.3 5224.74 9157.27 7020.05
internal_count=140121 89030 72137 51091 16893 28206 22885
is_linear=0
shrinkage=0.01


Tree=465
num_leaves=8
num_cat=0
split_feature=31 31 31 17 11 28 42
split_gain=25.8967 20.5109 28.1523 26.0566 16.8981 22.9955 10.188
threshold=-1.6511349678039549 1.3027084469795229 0.4109558910131455 1.7956280112266543 0.90054109692573558 0.36121170222759252 1.2204100489616396
decision_type=2 2 2 2 2 2 2
left_child=4 2 -2 -3 5 -1 -6
right_child=1 3 -4 -5 6 -7 -8
leaf_value=-0.0014634469035390968 0.00019129229604330846 0.00097195941350163961 -0.0003799271017086909 -0.001882614570624015 -0.0015354299194334743 0.0013657823294586219 -0.0046718024274845253
leaf_weight=924.9955186098814 24938.179131478071 3823.526745416224 13189.891162835062 345.87978119403124 272.31004683673382 412.50959523022175 183.35399547219276
leaf_count=2943 80267 12070 41121 1055 795 1263 531
internal_value=1.6376e-05 6.65116e-05 -6.05586e-06 0.000732361 -0.00116003 -0.000583024 -0.00282683
internal_weight=44090.6 42297.5 38128.1 4169.41 1793.17 1337.51 455.664
internal_count=140045 134513 121388 13125 5532 4206 1326
is_linear=0
shrinkage=0.01


Tree=466
num_leaves=8
num_cat=0
split_feature=31 31 31 17 4 4 41
split_gain=25.3865 20.1169 28.3396 23.3013 15.257 12.9926 10.0485
threshold=-1.6511349678039549 1.2868489027023318 0.4109558910131455 1.7956280112266543 -0.50935155153274525 -1.423665404319763 0.85434707999229442
decision_type=2 2 2 2 2 2 2
left_child=4 2 -2 -3 5 -1 -6
right_child=1 3 -4 -5 6 -7 -8
leaf_value=-0.0013941324875033998 0.00018937982965101983 0.00092986701657687867 -0.00038631860483489709 -0.0017327010928387659 -0.0021605282634553124 0.0016251457707124695 0.00032219350103281471
leaf_weight=267.0275701880455 24938.12906844914 3994.3241559267044 13010.04793087393 354.85124322026968 1039.6608123928308 301.42499695718288 184.94612253457308
leaf_count=815 80267 12595 40571 1080 3231 931 555
internal_value=1.62038e-05 6.5844e-05 -7.7325e-06 0.00070998 -0.00114859 0.000189338 -0.00177746
internal_weight=44090.4 42297.4 37948.2 4349.18 1793.06 568.453 1224.61
internal_count=140045 134513 120838 13675 5532 1746 3786
is_linear=0
shrinkage=0.01


Tree=467
num_leaves=6
num_cat=0
split_feature=5 5 21 39 42
split_gain=21.2968 20.7349 29.2665 21.7612 9.7519
threshold=-3.5557948350906368 -0.16468615084886548 1.0000000180025095e-35 2.0229685306549077 -0.51851585507392872
decision_type=2 2 2 2 2
left_child=4 3 -3 -2 -1
right_child=1 2 -4 -5 -6
leaf_value=-0.00026282543599753501 0.00025049219261760692 0.00012402929906518793 -0.00058749694896378143 0.0035753009730555784 -0.0030703055875957556
leaf_weight=214.97140926122665 19106.138123765588 14769.353202499449 9480.9508264511824 198.44019861519337 320.35233774781227
leaf_count=667 59828 47813 30168 620 949
internal_value=1.60389e-05 4.06509e-05 -0.000153751 0.000285371 -0.00196414
internal_weight=44090.2 43554.9 24250.3 19304.6 535.324
internal_count=140045 138429 77981 60448 1616
is_linear=0
shrinkage=0.01


Tree=468
num_leaves=7
num_cat=0
split_feature=33 27 22 1 40 35
split_gain=21.9499 20.1239 23.3516 12.3248 10.2662 10.067
threshold=1.4614968299865725 2.3944572210311894 0.8453870713710786 0.84498918056488048 2.1184599399566655 -0.64381706714630116
decision_type=2 2 2 2 2 2
left_child=1 2 -1 5 -3 -2
right_child=3 4 -4 -5 -6 -7
leaf_value=-1.6314612569390489e-06 -7.0872993600308443e-05 -0.002098990033640087 0.0006257405679744734 0.0015346754811989432 0.00057091730696980699 -0.0013041102368765197
leaf_weight=32697.777922764421 980.22911473363638 621.35432530939579 7238.5189222916961 214.61036816239357 179.87153533101082 2157.5680047422647
leaf_count=104321 3054 1948 22844 675 541 6662
internal_value=1.58763e-05 8.01124e-05 0.000111843 -0.000761512 -0.00148718 -0.000922186
internal_weight=44089.9 40737.5 39936.3 3352.41 801.226 3137.8
internal_count=140045 129654 127165 10391 2489 9716
is_linear=0
shrinkage=0.01


Tree=469
num_leaves=8
num_cat=0
split_feature=31 33 31 11 28 30 4
split_gain=24.8347 20.7609 21.753 16.5844 22.5186 10.5793 7.77863
threshold=-1.6511349678039549 1.4614968299865725 1.2868489027023318 0.90054109692573558 0.36121170222759252 0.56783071160316478 -0.37133215367794031
decision_type=2 2 2 2 2 2 2
left_child=3 2 -2 4 -1 -3 -5
right_child=1 5 -4 6 -6 -7 -8
leaf_value=-0.00143618234951035 4.8653634033451707e-05 -0.00012884103716296792 0.00083800136237419836 -0.0011544284964234402 0.0013636595067462326 -0.0013120396295987879 -0.0039049692422161463
leaf_weight=924.93610402196646 35355.113874360919 1523.0196977034211 3877.8232957571745 189.44563694298267 412.50550882518291 1540.7923960834742 266.05335094034672
leaf_count=2943 112765 4749 12246 550 1263 4753 776
internal_value=1.57128e-05 6.48123e-05 0.000126948 -0.00113639 -0.000564785 -0.000727369 -0.00278794
internal_weight=44089.7 42296.7 39232.9 1792.94 1337.44 3063.81 455.499
internal_count=140045 134513 125011 5532 4206 9502 1326
is_linear=0
shrinkage=0.01


Tree=470
num_leaves=8
num_cat=0
split_feature=21 20 5 36 42 42 47
split_gain=21.6465 28.5137 23.4851 32.835 19.2973 15.2682 14.5137
threshold=-0.91726970672607411 0.070020932704210295 -0.049027064815163605 0.36343672871589666 1.8872517943382265 1.3865165114402773 -2.1008797883987422
decision_type=2 2 2 2 2 2 2
left_child=1 6 4 -4 -2 -3 -1
right_child=2 5 3 -5 -6 -7 -8
leaf_value=-0.0020781323795460304 2.062947640224292e-05 0.0015946406797485799 -4.7034026013636941e-05 -0.00097940153120926405 0.0012505547451720318 -0.0011593346383977242 0.00018446629715570791
leaf_weight=293.46767118573189 16642.617661006749 2201.3663638904691 9711.0438172146678 6205.8944791778922 1382.358820527792 216.56230343878269 7352.7799774482846
leaf_count=921 52044 7090 31268 19786 4168 679 23876
internal_value=-1.01844e-05 0.000396847 -0.000131177 -0.000411224 0.000115573 0.00134347 9.60583e-05
internal_weight=44006.1 10064.2 33941.9 15916.9 18025 2417.93 7646.25
internal_count=139832 32566 107266 51054 56212 7769 24797
is_linear=0
shrinkage=0.01


Tree=471
num_leaves=8
num_cat=0
split_feature=0 9 31 31 1 9 11
split_gain=26.3512 27.7238 23.8945 20.6995 18.9335 16.7752 13.3499
threshold=0.02775346860289574 0.34184025228023535 0.19092666357755664 -1.5432198047637937 -1.7247660756111143 1.8718717694282534 0.10921822488307954
decision_type=2 2 2 2 2 2 2
left_child=3 4 -3 6 -2 -5 -1
right_child=1 2 -4 5 -6 -7 -8
leaf_value=0 -0.00096355151075218164 -0.00016482517766957242 -0.0012650606447951215 0.00021312464804601063 0.0001507232825234518 0.0012788081871978072 -0.0025740715353409832
leaf_weight=393.1704889908433 1740.2530755326152 3893.3902981504798 4053.2252022624016 19645.091760121286 12260.765398986638 1602.3323868587613 417.60017468035221
leaf_count=1268 5452 12196 12393 63290 38910 5077 1246
internal_value=-1.00806e-05 -0.000255614 -0.000727355 0.00023377 1.14517e-05 0.000294018 -0.00133122
internal_weight=44005.8 21947.6 7946.62 22058.2 14001 21247.4 810.771
internal_count=139832 68951 24589 70881 44362 68367 2514
is_linear=0
shrinkage=0.01


Tree=472
num_leaves=8
num_cat=0
split_feature=31 31 31 30 14 43 20
split_gain=18.7417 22.1527 26.7896 21.0266 17.7724 18.0123 7.66492
threshold=-1.5432198047637937 0.13632688671350482 1.2868489027023318 1.7733222246170046 -0.55802282691001881 -1.540770351886749 0.084898527711629881
decision_type=2 2 2 2 2 2 2
left_child=4 3 -3 -2 6 -6 -1
right_child=1 2 -4 -5 5 -7 -8
leaf_value=-0.00028027115122969621 0.00023279613189274562 -0.00036651283480970258 0.00051377784447431435 0.0024713732215672479 0.0012492099415435443 -0.0014219376901687545 0.0024369530486895341
leaf_weight=189.03653587400913 19745.311323344707 16609.165041387081 4357.3086272627115 428.88593204319477 280.71207300573587 2180.8777613192797 214.00416320562363
leaf_count=594 63774 52086 13716 1379 901 6732 650
internal_value=-9.98144e-06 4.42529e-05 -0.000183076 0.000281002 -0.000792106 -0.00111288 0.00114022
internal_weight=44005.3 41140.7 20966.5 20174.2 2864.63 2461.59 403.041
internal_count=139832 130955 65802 65153 8877 7633 1244
is_linear=0
shrinkage=0.01


Tree=473
num_leaves=6
num_cat=0
split_feature=19 27 3 3 38
split_gain=17.7922 14.4116 18.0809 16.4801 8.97335
threshold=2.1691253185272221 2.1323368549346928 -3.1219286918640132 -0.58622261881828297 0.4824355691671372
decision_type=2 2 2 2 2
left_child=1 2 -1 -3 -2
right_child=4 3 -4 -5 -6
leaf_value=0.0017187621861162181 -0.00065176738409574494 -0.0025871614802513315 1.5356190499048055e-05 -0.00023047635365659635 -0.0039009772378019677
leaf_weight=631.89399096369743 187.79928901791573 442.90772547572851 41643.772067800164 929.0970004349947 169.70768190920353
leaf_count=2038 575 1384 132413 2903 519
internal_value=-9.87377e-06 8.12105e-06 4.10936e-05 -0.00099987 -0.00222863
internal_weight=44005.2 43647.7 42275.7 1372 357.507
internal_count=139832 138738 134451 4287 1094
is_linear=0
shrinkage=0.01


Tree=474
num_leaves=8
num_cat=0
split_feature=0 23 22 22 24 24 39
split_gain=25.7729 20.2351 17.533 40.5438 16.371 16.1595 13.816
threshold=0.02775346860289574 0.29311244189739233 0.8453870713710786 -0.052358932793140404 -0.34789192676544184 1.4604497551918032 -0.98540279269218434
decision_type=2 2 2 2 2 2 2
left_child=1 6 3 -2 -4 -3 -1
right_child=2 5 4 -5 -6 -7 -8
leaf_value=4.527413914375825e-05 -0.00014346130021568112 -6.0864314132865235e-06 0.0013256642587125551 -0.0013224722186717117 -3.6115039562522836e-05 -0.0014906594337163934 0.00071363019319734943
leaf_weight=4876.2579410076141 12728.18357296288 7754.4605256766081 1104.3069360628724 3792.883724629879 4321.7786880508065 810.4011437445879 8616.7606508284807
leaf_count=15850 40246 24669 3489 11845 13371 2491 27871
internal_value=-9.77867e-06 0.00023138 -0.000252609 -0.000414806 0.000239382 -0.000147881 0.000472855
internal_weight=44005 22057.9 21947.2 16521.1 5426.09 8564.86 13493
internal_count=139832 70881 68951 52091 16860 27160 43721
is_linear=0
shrinkage=0.01


Tree=475
num_leaves=7
num_cat=0
split_feature=22 2 6 28 13 14
split_gain=28.8923 19.5464 25.0298 15.6 15.1078 10.5021
threshold=-2.3351774215698238 0.22571600228548053 -1.9565378427505491 2.6786557435989384 0.97733584046363842 -0.43344552814960474
decision_type=2 2 2 2 2 2
left_child=4 2 -2 -3 5 -1
right_child=1 3 -4 -5 -6 -7
leaf_value=0.0011472109280578555 -0.0019252574565852899 0.00033127305879568082 -7.1403042903728402e-05 -0.002028473046768614 -0.0039607398632637535 -0.0017267796955463281
leaf_weight=168.55150029063225 752.14344016462564 19255.7009100914 22796.79620270431 282.20657069981098 233.08748485147953 473.65580295026302
leaf_count=535 2388 59792 73891 844 727 1514
internal_value=2.58091e-05 6.25913e-05 -0.000131118 0.000296575 -0.00177141 -0.000956324
internal_weight=43962.1 43086.8 23548.9 19537.9 875.295 642.207
internal_count=139691 136915 76279 60636 2776 2049
is_linear=0
shrinkage=0.01


Tree=476
num_leaves=8
num_cat=0
split_feature=30 30 34 29 17 30 7
split_gain=24.6904 29.5301 23.5203 19.2387 19.0342 16.3687 12.7104
threshold=0.47713427245616918 -1.1487307548522947 1.5256513357162478 0.51665750145912182 -0.37565350532531733 1.7733222246170046 -0.32320055365562433
decision_type=2 2 2 2 2 2 2
left_child=1 4 5 -3 -1 -2 -4
right_child=2 3 6 -5 -6 -7 -8
leaf_value=-0.00089405275404297378 -0.00046918014956328372 0.0001564825567464433 -0.0008511899066133441 0.0007832128023731622 0.00014976404318705139 0.001043280098322922 0.001664569806066592
leaf_weight=3394.6243433430791 14181.548152305186 13029.401918500662 253.19253377616405 7899.3807004392147 3569.838040471077 748.84485451132059 885.3733935803175
leaf_count=10953 44352 42057 813 25126 11260 2386 2744
internal_value=2.554e-05 0.00020562 -0.000286423 0.00039354 -0.000357634 -0.000392587 0.00109609
internal_weight=43962.2 27893.2 16069 20928.8 6964.46 14930.4 1138.57
internal_count=139691 89396 50295 67183 22213 46738 3557
is_linear=0
shrinkage=0.01


Tree=477
num_leaves=7
num_cat=0
split_feature=22 2 41 23 13 27
split_gain=28.3229 19.1265 29.9673 15.759 14.8188 12.2039
threshold=-2.3351774215698238 0.22571600228548053 0.48727178573608404 0.26458102464675909 0.97733584046363842 -1.3831286430358884
decision_type=2 2 2 2 2 2
left_child=4 3 -3 -2 5 -1
right_child=1 2 -4 -5 -6 -7
leaf_value=0.0010453382792248913 4.427187730210049e-05 5.7436910158095934e-05 0.00094598642705683229 -0.0005129434203068879 -0.0039228758750431414 -0.0018910827076763905
leaf_weight=203.07896812260151 16170.466353096068 14366.695439860225 5171.2662450969219 7378.5215662196279 233.04129545390606 439.1213865429163
leaf_count=657 52557 44562 16074 23722 727 1392
internal_value=2.52872e-05 6.17062e-05 0.000293164 -0.000129908 -0.00175418 -0.000946788
internal_weight=43962.2 43086.9 19538 23549 875.242 642.2
internal_count=139691 136915 60636 76279 2776 2049
is_linear=0
shrinkage=0.01


Tree=478
num_leaves=8
num_cat=0
split_feature=22 2 4 41 44 10 5
split_gain=27.7632 18.7461 29.8901 29.3701 11.0822 12.1399 8.28014
threshold=-2.3351774215698238 0.22571600228548053 -0.79044926166534413 0.48727178573608404 0.19695726037025454 0.042204607278108604 1.0771154165267947
decision_type=2 2 2 2 2 2 2
left_child=4 2 -2 -3 6 -6 -1
right_child=1 3 -4 -5 5 -7 -8
leaf_value=-0.003637548198901401 0.00059285512032439529 5.6862538966782193e-05 -0.00030468845128121347 0.00093652002307455099 0.0012786377387356046 -0.0022825977924069703 -0.00080023876983544354
leaf_weight=332.13312594592571 4608.2925346791744 14366.707264192402 18940.610298104584 5171.312176309526 195.93218266963959 182.77060593664646 164.33811134845018
leaf_count=1056 14948 44562 61331 16074 633 569 518
internal_value=2.50334e-05 6.10916e-05 -0.000128606 0.000290238 -0.00173683 -0.000415244 -0.00272196
internal_weight=43962.1 43086.9 23548.9 19538 875.174 378.703 496.471
internal_count=139691 136915 76279 60636 2776 1202 1574
is_linear=0
shrinkage=0.01


Tree=479
num_leaves=8
num_cat=0
split_feature=30 30 6 16 6 31 21
split_gain=24.4571 27.5974 22.4103 21.6425 21.3188 19.218 15.4869
threshold=0.99354788661003124 1.5550864934921267 -1.3909443020820615 -0.68535977602004994 1.7715954780578616 0.46257187426090246 1.2349720597267153
decision_type=2 2 2 2 2 2 2
left_child=2 4 6 -4 -2 -3 -1
right_child=1 5 3 -5 -6 -7 -8
leaf_value=-0.00082603828485979067 -0.00085615409723062994 0.001415977738160576 -0.00013462444206037926 0.00041604778367142729 0.0016545308596237719 -0.00064332017462747162 0.001744098367455758
leaf_weight=3109.9446019232273 6715.2170501574874 1177.7524634897709 10830.150206953287 20798.31141141057 352.66458827257156 727.69953195750713 250.39239545166492
leaf_count=10065 20819 3752 34710 66216 1075 2296 758
internal_value=2.47798e-05 -0.000440664 0.000144444 0.000227173 -0.000729248 0.000624354 -0.00063109
internal_weight=43962.1 8973.33 34988.8 31628.5 7067.88 1905.45 3360.34
internal_count=139691 27942 111749 100926 21894 6048 10823
is_linear=0
shrinkage=0.01


Tree=480
num_leaves=5
num_cat=0
split_feature=19 34 41 17
split_gain=23.1923 22.8097 24.0223 18.5361
threshold=2.3591905832290654 1.5625188350677492 -0.91772499680519093 -1.2095239162445066
decision_type=2 2 2 2
left_child=1 3 -3 -1
right_child=-2 2 -4 -5
leaf_value=-0.00059964388066143643 -0.0036370612651284357 -0.0014257995153845336 0.001343200442219746 0
leaf_weight=6026.9887167438865 178.24556210637093 366.20542427897453 2031.7717373520136 35408.171510674059
leaf_count=19510 538 1176 6421 112164
internal_value=-4.68395e-05 -3.19292e-05 0.000915748 -8.70363e-05
internal_weight=44011.4 43833.1 2397.98 41435.2
internal_count=139809 139271 7597 131674
is_linear=0
shrinkage=0.01


Tree=481
num_leaves=7
num_cat=0
split_feature=23 29 44 29 36 43
split_gain=23.4344 16.658 15.2337 14.6106 13.5485 12.4172
threshold=1.1674310564994814 1.7968429923057558 1.314197361469269 0.35307189822196966 1.1474203467369082 -0.85970345139503468
decision_type=2 2 2 2 2 2
left_child=1 3 5 -1 -4 -2
right_child=2 -3 4 -5 -6 -7
leaf_value=-8.1688782208395584e-05 9.255344379924233e-05 -0.0024898952754572067 -0.00031871427958086459 0.00033097710801738777 0.0016845288079927654 -0.0010212808167018197
leaf_weight=22402.078004442155 1250.9918817430735 253.63023253530264 1025.2598063722253 13880.402329601347 498.51379541307688 4700.4961055740714
leaf_count=72095 3927 799 3090 43884 1499 14515
internal_value=-4.63726e-05 5.77589e-05 -0.000556603 7.59119e-05 0.000330778 -0.000785499
internal_weight=44011.4 36536.1 7475.26 36282.5 1523.77 5951.49
internal_count=139809 116778 23031 115979 4589 18442
is_linear=0
shrinkage=0.01


Tree=482
num_leaves=7
num_cat=0
split_feature=9 9 9 47 32 8
split_gain=21.1338 27.7533 26.7576 25.0433 14.8587 12.6051
threshold=-1.4568008184432981 0.34184025228023535 1.8301765322685244 -0.022326959297060963 -1.5216380953788755 1.0000000180025095e-35
decision_type=2 2 2 2 2 2
left_child=4 3 -3 -2 -1 -6
right_child=1 2 -4 -5 5 -7
leaf_value=-0.0031242876010901433 0.00063791226479963136 -0.00044257273997122212 0.00059870243541548492 -4.07293310062529e-05 -0.00032803292486653337 -0.0018820864841918731
leaf_weight=239.7617911696434 9895.6515089944005 14688.693481832743 2958.102674447 12011.800438061357 3601.3334369584918 615.85310487449169
leaf_count=790 31520 45770 9336 39006 11618 1769
internal_value=-4.59095e-05 2.74119e-05 -0.000267435 0.000265373 -0.000698721 -0.000557741
internal_weight=44011.2 39554.2 17646.8 21907.5 4456.95 4217.19
internal_count=139809 125632 55106 70526 14177 13387
is_linear=0
shrinkage=0.01


Tree=483
num_leaves=7
num_cat=0
split_feature=5 22 22 24 42 22
split_gain=23.6685 26.577 34.559 29.4499 16.2116 17.667
threshold=-2.313540935516357 1.1184026002883913 -0.11181448772549628 0.33423087000846868 1.9830409884452822 -0.7611384093761443
decision_type=2 2 2 2 2 2
left_child=4 2 -2 -3 5 -1
right_child=1 3 -4 -5 -6 -7
leaf_value=0.0012989620877244745 9.262558128138582e-05 0.0014343219555760728 -0.00060479773696569704 8.1567440886518659e-05 0.0014951397273544559 -0.0017017998153066988
leaf_weight=216.84047309309244 24902.251046232879 2518.6956114992499 9931.9324597120285 4502.5267886221409 217.45079474151134 1721.2109030708671
leaf_count=676 79732 8037 31429 14085 630 5220
internal_value=-4.54563e-05 6.94419e-06 -0.000105949 0.000568395 -0.00106713 -0.0013604
internal_weight=44010.9 41855.4 34834.2 7021.22 2155.5 1938.05
internal_count=139809 133283 111161 22122 6526 5896
is_linear=0
shrinkage=0.01


Tree=484
num_leaves=8
num_cat=0
split_feature=5 5 19 41 24 24 3
split_gain=23.1949 26.0421 28.6649 21.4554 16.1377 9.65096 9.25637
threshold=-2.313540935516357 -0.049027064815163605 1.0905110239982607 -1.5165977478027342 1.4890347123146059 1.7241488099098208 -0.58622261881828297
decision_type=2 2 2 2 2 2 2
left_child=4 3 -3 -2 6 -6 -1
right_child=1 2 -4 -5 5 -7 -8
leaf_value=-0.0026022181779785949 -0.0015677055937097862 -8.7327452738172214e-05 -0.001174497685510778 0.0003462655864185229 0.001264475932450137 -0.0012397341382898097 -0.00097281651148375709
leaf_weight=593.81568343192339 602.59504017978907 20356.745968677104 2757.0278508514166 18138.860940933228 387.5101352930069 251.52184708416462 922.52154646813869
leaf_count=1841 1892 65609 8712 57070 1147 727 2811
internal_value=-4.49925e-05 6.87742e-06 -0.000217484 0.000284112 -0.00105643 0.000262802 -0.00161879
internal_weight=44010.6 41855.2 23113.8 18741.5 2155.37 639.032 1516.34
internal_count=139809 133283 74321 58962 6526 1874 4652
is_linear=0
shrinkage=0.01


Tree=485
num_leaves=7
num_cat=0
split_feature=5 7 9 3 30 24
split_gain=21.0764 20.1562 26.0681 17.6062 11.9317 3.06291
threshold=-3.5557948350906368 1.6919952630996706 0.32814590632915502 -0.80470576882362355 -0.418667122721672 1.3193591833114626
decision_type=2 2 2 2 2 2
left_child=4 2 -2 -3 -1 -6
right_child=1 3 -4 -5 5 -7
leaf_value=3.3104693800792418e-05 0.00016481828239412507 -0.00122240986359713 -0.00034807065788698108 0.0012974804840219965 -0.0038703436748204856 -0.0018491627063745295
leaf_weight=191.83778940141201 25055.105123028159 319.01785391569138 16384.557153016329 1926.8113546296954 201.58190625905991 166.52062870562077
leaf_count=562 80655 1009 51068 6013 616 500
internal_value=-1.24524e-05 1.20513e-05 -3.77317e-05 0.000934697 -0.00193862 -0.00299059
internal_weight=44245.4 43685.5 41439.7 2245.83 559.94 368.103
internal_count=140423 138745 131723 7022 1678 1116
is_linear=0
shrinkage=0.01


Tree=486
num_leaves=7
num_cat=0
split_feature=5 17 22 20 30 10
split_gain=20.6622 21.9856 29.1202 15.0534 11.7057 8.38302
threshold=-3.5557948350906368 -0.70915457606315602 0.8453870713710786 -1.2471945881843565 -0.418667122721672 0.39452008903026586
decision_type=2 2 2 2 2 2
left_child=4 2 -2 -3 -1 -6
right_child=1 3 -4 -5 5 -7
leaf_value=3.2775305416795916e-05 -0.00052668743405004804 0.00092349654172490614 0.00085671136882835817 9.2666441948651825e-05 -0.0012500261333320962 -0.0043868185699823658
leaf_weight=191.83823324739933 11056.25825908035 2365.7820535376668 1758.7535117864609 28504.614784382284 171.231012403965 196.78825905919075
leaf_count=562 35698 7590 5717 89740 519 597
internal_value=-1.23293e-05 1.19284e-05 -0.000335995 0.00015669 -0.00191962 -0.00296178
internal_weight=44245.3 43685.4 12815 30870.4 559.858 368.019
internal_count=140423 138745 41415 97330 1678 1116
is_linear=0
shrinkage=0.01


end of trees

feature_importances:
Column_0=189
Column_6=161
Column_46=161
Column_21=143
Column_5=139
Column_30=132
Column_8=120
Column_22=119
Column_17=112
Column_7=108
Column_42=108
Column_3=99
Column_9=98
Column_29=95
Column_24=86
Column_31=81
Column_38=80
Column_41=79
Column_4=77
Column_15=77
Column_23=76
Column_11=74
Column_20=70
Column_14=62
Column_33=62
Column_36=62
Column_47=60
Column_2=55
Column_16=46
Column_28=37
Column_19=34
Column_13=33
Column_27=32
Column_35=32
Column_34=29
Column_12=28
Column_26=28
Column_40=27
Column_10=24
Column_18=24
Column_43=24
Column_25=22
Column_1=21
Column_45=17
Column_39=16
Column_37=15
Column_44=14
Column_32=10

parameters:
[boosting: gbdt]
[objective: binary]
[metric: binary_logloss]
[tree_learner: serial]
[device_type: cpu]
[data_sample_strategy: bagging]
[data: ]
[valid: ]
[num_iterations: 600]
[learning_rate: 0.01]
[num_leaves: 12]
[num_threads: -1]
[seed: 42]
[deterministic: 0]
[force_col_wise: 0]
[force_row_wise: 0]
[histogram_pool_size: -1]
[max_depth: 3]
[min_data_in_leaf: 500]
[min_sum_hessian_in_leaf: 0.001]
[bagging_fraction: 0.7]
[pos_bagging_fraction: 1]
[neg_bagging_fraction: 1]
[bagging_freq: 5]
[bagging_seed: 400]
[bagging_by_query: 0]
[feature_fraction: 0.4]
[feature_fraction_bynode: 1]
[feature_fraction_seed: 30056]
[extra_trees: 0]
[extra_seed: 12879]
[early_stopping_round: 0]
[early_stopping_min_delta: 0]
[first_metric_only: 0]
[max_delta_step: 0]
[lambda_l1: 1]
[lambda_l2: 1]
[linear_lambda: 0]
[min_gain_to_split: 0]
[drop_rate: 0.1]
[max_drop: 50]
[skip_drop: 0.5]
[xgboost_dart_mode: 0]
[uniform_drop: 0]
[drop_seed: 17869]
[top_rate: 0.2]
[other_rate: 0.1]
[min_data_per_group: 100]
[max_cat_threshold: 32]
[cat_l2: 10]
[cat_smooth: 10]
[max_cat_to_onehot: 4]
[top_k: 20]
[monotone_constraints: ]
[monotone_constraints_method: basic]
[monotone_penalty: 0]
[feature_contri: ]
[forcedsplits_filename: ]
[refit_decay_rate: 0.9]
[cegb_tradeoff: 1]
[cegb_penalty_split: 0]
[cegb_penalty_feature_lazy: ]
[cegb_penalty_feature_coupled: ]
[path_smooth: 0]
[interaction_constraints: ]
[verbosity: -1]
[saved_feature_importance_type: 0]
[use_quantized_grad: 0]
[num_grad_quant_bins: 4]
[quant_train_renew_leaf: 0]
[stochastic_rounding: 1]
[linear_tree: 0]
[max_bin: 255]
[max_bin_by_feature: ]
[min_data_in_bin: 3]
[bin_construct_sample_cnt: 200000]
[data_random_seed: 175]
[is_enable_sparse: 1]
[enable_bundle: 1]
[use_missing: 1]
[zero_as_missing: 0]
[feature_pre_filter: 1]
[pre_partition: 0]
[two_round: 0]
[header: 0]
[label_column: ]
[weight_column: ]
[group_column: ]
[ignore_column: ]
[categorical_feature: ]
[forcedbins_filename: ]
[precise_float_parser: 0]
[parser_config_file: ]
[objective_seed: 16083]
[num_class: 1]
[is_unbalance: 1]
[scale_pos_weight: 1]
[sigmoid: 1]
[boost_from_average: 1]
[reg_sqrt: 0]
[alpha: 0.9]
[fair_c: 1]
[poisson_max_delta_step: 0.7]
[tweedie_variance_power: 1.5]
[lambdarank_truncation_level: 30]
[lambdarank_norm: 1]
[label_gain: ]
[lambdarank_position_bias_regularization: 0]
[eval_at: ]
[multi_error_top_k: 1]
[auc_mu_weights: ]
[num_machines: 1]
[local_listen_port: 12400]
[time_out: 120]
[machine_list_filename: ]
[machines: ]
[gpu_platform_id: -1]
[gpu_device_id: -1]
[gpu_device_id_list: ]
[gpu_use_dp: 0]
[num_gpu: 1]

end of parameters

pandas_categorical:null
